"","ensembl_gene_id","chromosome_name","spin","spin_start","spin_end","hgnc_symbol","tpm_resting","tpm_activated"
"1","ENSG00000005020","chr7","Near_Lm1",26639620,26739619,"SKAP2",942.954772855701,1184.09247200792
"2","ENSG00000005020","chr7","Near_Lm1",26739620,26839619,"SKAP2",942.954772855701,1184.09247200792
"3","ENSG00000005020","chr7","Near_Lm1",26839620,26939619,"SKAP2",942.954772855701,1184.09247200792
"4","ENSG00000005020","chr7","Near_Lm1",26939620,27039619,"SKAP2",942.954772855701,1184.09247200792
"5","ENSG00000008277","chr7","Near_Lm2",87529316,87629315,"ADAM22",866.828317428078,189.087892342496
"6","ENSG00000008277","chr7","Near_Lm2",87629316,87729315,"ADAM22",866.828317428078,189.087892342496
"7","ENSG00000008277","chr7","Lamina",87729316,87829315,"ADAM22",866.828317428078,189.087892342496
"8","ENSG00000008277","chr7","Lamina",87829316,87929315,"ADAM22",866.828317428078,189.087892342496
"9","ENSG00000011114","chr14","Near_Lm1",93674233,93766346,"BTBD7",2782.04931311777,1830.93545322837
"10","ENSG00000011114","chr14","Near_Lm1",93766347,93866346,"BTBD7",2782.04931311777,1830.93545322837
"11","ENSG00000019169","chr2","Near_Lm1",119657577,119757576,"MARCO",29.7666338257483,16.4739162339266
"12","ENSG00000030419","chr2","Lamina",213764725,213864724,"IKZF2",2828.96033638149,1382.1954677814
"13","ENSG00000030419","chr2","Lamina",213864725,213964724,"IKZF2",2828.96033638149,1382.1954677814
"14","ENSG00000030419","chr2","Lamina",213964725,214064724,"IKZF2",2828.96033638149,1382.1954677814
"15","ENSG00000039139","chr5","Lamina",13600110,13700109,"DNAH5",0,0
"16","ENSG00000039139","chr5","Lamina",13700110,13800109,"DNAH5",0,0
"17","ENSG00000039139","chr5","Near_Lm2",13800110,13900109,"DNAH5",0,0
"18","ENSG00000039139","chr5","Near_Lm2",13900110,14000109,"DNAH5",0,0
"19","ENSG00000043039","chr11","Near_Lm2",129169896,129269895,"BARX2",10.8732819425282,135.209947253147
"20","ENSG00000043039","chr11","Near_Lm2",129269896,129369895,"BARX2",10.8732819425282,135.209947253147
"21","ENSG00000044459","chr9","Near_Lm2",17099999,17199998,"CNTLN",33.9915295417258,168.430950962447
"22","ENSG00000044459","chr9","Lamina",17199999,17299998,"CNTLN",33.9915295417258,168.430950962447
"23","ENSG00000044459","chr9","Lamina",17299999,17399998,"CNTLN",33.9915295417258,168.430950962447
"24","ENSG00000044459","chr9","Lamina",17399999,17499998,"CNTLN",33.9915295417258,168.430950962447
"25","ENSG00000044459","chr9","Lamina",17499999,17599998,"CNTLN",33.9915295417258,168.430950962447
"26","ENSG00000046653","chrX","Interior_Act3",13718120,13818119,"GPM6B",1586.43267860272,308.06952309542
"27","ENSG00000046653","chrX","Interior_Act3",13818120,13918119,"GPM6B",1586.43267860272,308.06952309542
"28","ENSG00000046653","chrX","Near_Lm2",13918120,14018119,"GPM6B",1586.43267860272,308.06952309542
"29","ENSG00000048052","chr7","Near_Lm2",18039624,18139623,"HDAC9",245.558022782935,171.789276593632
"30","ENSG00000048052","chr7","Near_Lm2",18139624,18239623,"HDAC9",245.558022782935,171.789276593632
"31","ENSG00000048052","chr7","Near_Lm2",18239624,18339623,"HDAC9",245.558022782935,171.789276593632
"32","ENSG00000048052","chr7","Near_Lm2",18339624,18439623,"HDAC9",245.558022782935,171.789276593632
"33","ENSG00000048052","chr7","Lamina",18439624,18539623,"HDAC9",245.558022782935,171.789276593632
"34","ENSG00000048052","chr7","Lamina",18539624,18639623,"HDAC9",245.558022782935,171.789276593632
"35","ENSG00000048052","chr7","Lamina",18639624,18739623,"HDAC9",245.558022782935,171.789276593632
"36","ENSG00000048052","chr7","Lamina",18739624,18839623,"HDAC9",245.558022782935,171.789276593632
"37","ENSG00000048052","chr7","Lamina",18839624,18939623,"HDAC9",245.558022782935,171.789276593632
"38","ENSG00000048052","chr7","Lamina",18939624,19039623,"HDAC9",245.558022782935,171.789276593632
"39","ENSG00000048052","chr7","Lamina",19039624,19139623,"HDAC9",245.558022782935,171.789276593632
"40","ENSG00000049192","chr5","Near_Lm2",64395828,64495827,"ADAMTS6",567.25807274454,124.140871438678
"41","ENSG00000049192","chr5","Near_Lm2",64495828,64595827,"ADAMTS6",567.25807274454,124.140871438678
"42","ENSG00000049192","chr5","Near_Lm2",64595828,64695827,"ADAMTS6",567.25807274454,124.140871438678
"43","ENSG00000049192","chr5","Near_Lm2",64695828,64795827,"ADAMTS6",567.25807274454,124.140871438678
"44","ENSG00000051341","chr3","Near_Lm2",121118848,121218847,"POLQ",213.310542308773,10638.8009871612
"45","ENSG00000051341","chr3","Interior_Act3",121218848,121318847,"POLQ",213.310542308773,10638.8009871612
"46","ENSG00000054282","chr1","Near_Lm2",243363303,243463302,"SDCCAG8",3751.15467807098,2389.19641964256
"47","ENSG00000054282","chr1","Near_Lm2",243463303,243563302,"SDCCAG8",3751.15467807098,2389.19641964256
"48","ENSG00000054282","chr1","Near_Lm2",243563303,243663302,"SDCCAG8",3751.15467807098,2389.19641964256
"49","ENSG00000054282","chr1","Near_Lm2",243663303,243763302,"SDCCAG8",3751.15467807098,2389.19641964256
"50","ENSG00000054983","chr14","Near_Lm2",88266345,88366344,"GALC",3050.46458400216,1937.3282800603
"51","ENSG00000054983","chr14","Near_Lm2",88366345,88466344,"GALC",3050.46458400216,1937.3282800603
"52","ENSG00000061676","chr2","Near_Lm2",183764729,183864728,"NCKAP1",314.213346767357,526.921322232903
"53","ENSG00000061676","chr2","Interior_Act3",183864729,183964728,"NCKAP1",314.213346767357,526.921322232903
"54","ENSG00000065833","chr6","Near_Lm2",83909720,84009719,"ME1",116.8245726197,188.006248341296
"55","ENSG00000065833","chr6","Near_Lm2",84009720,84109719,"ME1",116.8245726197,188.006248341296
"56","ENSG00000065833","chr6","Near_Lm2",84109720,84209719,"ME1",116.8245726197,188.006248341296
"57","ENSG00000066405","chr3","Near_Lm2",137618843,137718842,"CLDN18",2.4636696526742,0
"58","ENSG00000066405","chr3","Near_Lm2",137718843,137818842,"CLDN18",2.4636696526742,0
"59","ENSG00000067900","chr18","Near_Lm1",18510899,18579961,"ROCK1",13777.3173917254,15358.9845317017
"60","ENSG00000067900","chr18","Near_Lm1",18579962,18679961,"ROCK1",13777.3173917254,15358.9845317017
"61","ENSG00000067900","chr18","Near_Lm1",18679962,18779961,"ROCK1",13777.3173917254,15358.9845317017
"62","ENSG00000069020","chr5","Near_Lm1",65795829,65895828,"MAST4",2597.82761778636,2096.99525648376
"63","ENSG00000069020","chr5","Near_Lm1",65895829,65995828,"MAST4",2597.82761778636,2096.99525648376
"64","ENSG00000069020","chr5","Near_Lm1",65995829,66095828,"MAST4",2597.82761778636,2096.99525648376
"65","ENSG00000069020","chr5","Near_Lm1",66095829,66195828,"MAST4",2597.82761778636,2096.99525648376
"66","ENSG00000069020","chr5","Near_Lm1",66195829,66295828,"MAST4",2597.82761778636,2096.99525648376
"67","ENSG00000069020","chr5","Near_Lm1",66295829,66395828,"MAST4",2597.82761778636,2096.99525648376
"68","ENSG00000069020","chr5","Near_Lm1",66395829,66495828,"MAST4",2597.82761778636,2096.99525648376
"69","ENSG00000069122","chr6","Near_Lm2",46767738,46867737,"GPR116",0,0
"70","ENSG00000069122","chr6","Near_Lm2",46867738,46967737,"GPR116",0,0
"71","ENSG00000070019","chr12","Interior_Act3",14752935,14852934,"GUCY2C",1.5698699448138,3.33438639231142
"72","ENSG00000070087","chr3","Interior_Act3",149617788,149717787,"PFN2",2561.11796914784,503.114690220892
"73","ENSG00000070087","chr3","Interior_Act3",149717788,149817787,"PFN2",2561.11796914784,503.114690220892
"74","ENSG00000070193","chr5","Lamina",44300103,44400102,"FGF10",0,0
"75","ENSG00000071205","chr4","Near_Lm2",148621152,148721151,"ARHGAP10",592.871728635835,1200.79145432833
"76","ENSG00000071205","chr4","Near_Lm2",148721152,148821151,"ARHGAP10",592.871728635835,1200.79145432833
"77","ENSG00000071205","chr4","Near_Lm2",148821152,148921151,"ARHGAP10",592.871728635835,1200.79145432833
"78","ENSG00000071205","chr4","Near_Lm2",148921152,149021151,"ARHGAP10",592.871728635835,1200.79145432833
"79","ENSG00000071794","chr3","Near_Lm2",148717788,148817787,"HLTF",7605.45882752687,7170.02116410162
"80","ENSG00000074706","chr6","Near_Lm2",154421136,154490087,"IPCEF1",10855.9931917127,2573.0644451108
"81","ENSG00000074706","chr6","Near_Lm2",154521135,154621134,"IPCEF1",10855.9931917127,2573.0644451108
"82","ENSG00000074706","chr6","Near_Lm2",154621135,154721134,"IPCEF1",10855.9931917127,2573.0644451108
"83","ENSG00000075391","chr1","Near_Lm2",177969136,178069135,"RASAL2",12.1406768558699,17.1179688679543
"84","ENSG00000075391","chr1","Near_Lm2",178069136,178169135,"RASAL2",12.1406768558699,17.1179688679543
"85","ENSG00000075391","chr1","Lamina",178169136,178269135,"RASAL2",12.1406768558699,17.1179688679543
"86","ENSG00000075391","chr1","Near_Lm2",178269136,178369135,"RASAL2",12.1406768558699,17.1179688679543
"87","ENSG00000075391","chr1","Near_Lm2",178369136,178469135,"RASAL2",12.1406768558699,17.1179688679543
"88","ENSG00000075420","chr3","Interior_Act3",171717791,171817790,"FNDC3B",1144.60721129464,1114.0144334809
"89","ENSG00000075420","chr3","Interior_Act3",171817791,171917790,"FNDC3B",1144.60721129464,1114.0144334809
"90","ENSG00000075420","chr3","Interior_Act3",171917791,172017790,"FNDC3B",1144.60721129464,1114.0144334809
"91","ENSG00000075420","chr3","Interior_Act3",172017791,172117790,"FNDC3B",1144.60721129464,1114.0144334809
"92","ENSG00000075420","chr3","Interior_Act3",172117791,172217790,"FNDC3B",1144.60721129464,1114.0144334809
"93","ENSG00000076641","chr8","Near_Lm2",81812236,81912235,"PAG1",25962.8067296191,9414.82250178423
"94","ENSG00000076641","chr8","Near_Lm2",81912236,82012235,"PAG1",25962.8067296191,9414.82250178423
"95","ENSG00000076641","chr8","Near_Lm2",82012236,82112235,"PAG1",25962.8067296191,9414.82250178423
"96","ENSG00000076716","chrX","Near_Lm1",132434029,132534028,"GPC4",1.88879716104763,6.02165799702159
"97","ENSG00000076716","chrX","Near_Lm1",132534029,132634028,"GPC4",1.88879716104763,6.02165799702159
"98","ENSG00000077943","chr10","Interior_Repr2",15542000,15641999,"ITGA8",1.26881605252629,0
"99","ENSG00000077943","chr10","Interior_Repr2",15642000,15741999,"ITGA8",1.26881605252629,0
"100","ENSG00000077943","chr10","Near_Lm1",15742000,15841999,"ITGA8",1.26881605252629,0
"101","ENSG00000078295","chr5","Near_Lm2",7300114,7400113,"ADCY2",0.73567791948258,0
"102","ENSG00000078295","chr5","Near_Lm2",7400114,7500113,"ADCY2",0.73567791948258,0
"103","ENSG00000078295","chr5","Near_Lm2",7500114,7600113,"ADCY2",0.73567791948258,0
"104","ENSG00000078295","chr5","Near_Lm2",7600114,7700113,"ADCY2",0.73567791948258,0
"105","ENSG00000078295","chr5","Near_Lm2",7700114,7800113,"ADCY2",0.73567791948258,0
"106","ENSG00000078295","chr5","Near_Lm2",7800114,7900113,"ADCY2",0.73567791948258,0
"107","ENSG00000079215","chr5","Near_Lm1",36600103,36700102,"SLC1A3",54.3641063915926,55.288866638973
"108","ENSG00000079482","chrX","Near_Lm2",67219843,67319842,"OPHN1",15.8554502629612,11.8009720953195
"109","ENSG00000079482","chrX","Near_Lm2",67319843,67419842,"OPHN1",15.8554502629612,11.8009720953195
"110","ENSG00000079482","chrX","Near_Lm2",67419843,67519842,"OPHN1",15.8554502629612,11.8009720953195
"111","ENSG00000079482","chrX","Interior_Act3",67519843,67619842,"OPHN1",15.8554502629612,11.8009720953195
"112","ENSG00000079482","chrX","Interior_Act1",67619843,67719842,"OPHN1",15.8554502629612,11.8009720953195
"113","ENSG00000079689","chr6","Near_Lm1",25600229,25700228,"SCGN",0,0
"114","ENSG00000079689","chr6","Near_Lm1",25700229,25800228,"SCGN",0,0
"115","ENSG00000081307","chr3","Near_Lm1",132318845,132418844,"UBA5",3799.30560841366,6913.74313685918
"116","ENSG00000081479","chr2","Interior_Act3",169956511,170056510,"LRP2",0.587432179791998,6.62527218426979
"117","ENSG00000081479","chr2","Interior_Act3",170056511,170156510,"LRP2",0.587432179791998,6.62527218426979
"118","ENSG00000081479","chr2","NAN",170105393,170105690,"LRP2",0.587432179791998,6.62527218426979
"119","ENSG00000081479","chr2","NAN",170110122,170110398,"LRP2",0.587432179791998,6.62527218426979
"120","ENSG00000081479","chr2","Interior_Act3",170156511,170256510,"LRP2",0.587432179791998,6.62527218426979
"121","ENSG00000081853","chr5","Interior_Repr1",140681653,140779567,"PCDHGA2",6.27049031238667,0
"122","ENSG00000081853","chr5","Interior_Act1",140779568,140879567,"PCDHGA2",6.27049031238667,0
"123","ENSG00000081853","chr5","Interior_Act2",140879568,140979567,"PCDHGA2",6.27049031238667,0
"124","ENSG00000081913","chr18","Interior_Act3",60367234,60467233,"PHLPP1",826.416981542084,906.100418578161
"125","ENSG00000081913","chr18","Near_Lm1",60467234,60567233,"PHLPP1",826.416981542084,906.100418578161
"126","ENSG00000081913","chr18","Near_Lm1",60567234,60667233,"PHLPP1",826.416981542084,906.100418578161
"127","ENSG00000081923","chr18","Interior_Repr2",55267233,55367232,"ATP8B1",800.88021843962,97.5650446280194
"128","ENSG00000081923","chr18","Interior_Act2",55367233,55467232,"ATP8B1",800.88021843962,97.5650446280194
"129","ENSG00000081923","chr18","Interior_Act2",55467233,55567232,"ATP8B1",800.88021843962,97.5650446280194
"130","ENSG00000082146","chr2","Interior_Repr2",202164724,202264723,"STRADB",2462.33270930014,3964.50757581779
"131","ENSG00000082146","chr2","Interior_Repr2",202264724,202364723,"STRADB",2462.33270930014,3964.50757581779
"132","ENSG00000082269","chr6","Interior_Act3",71109704,71209703,"FAM135A",1688.50206283437,1189.70429779861
"133","ENSG00000082269","chr6","Interior_Act3",71209704,71309703,"FAM135A",1688.50206283437,1189.70429779861
"134","ENSG00000082293","chr6","Near_Lm2",70509893,70609892,"COL19A1",149.529690972184,17.3351928132978
"135","ENSG00000082293","chr6","Near_Lm2",70609893,70709892,"COL19A1",149.529690972184,17.3351928132978
"136","ENSG00000082293","chr6","Near_Lm2",70709893,70809892,"COL19A1",149.529690972184,17.3351928132978
"137","ENSG00000082293","chr6","Near_Lm2",70809893,70897300,"COL19A1",149.529690972184,17.3351928132978
"138","ENSG00000082293","chr6","Near_Lm2",70917560,71009703,"COL19A1",149.529690972184,17.3351928132978
"139","ENSG00000083535","chr13","Near_Lm2",73274139,73374138,"PIBF1",9976.36348767919,6611.87909637175
"140","ENSG00000083535","chr13","Interior_Act3",73374139,73474138,"PIBF1",9976.36348767919,6611.87909637175
"141","ENSG00000083535","chr13","Interior_Act3",73474139,73574138,"PIBF1",9976.36348767919,6611.87909637175
"142","ENSG00000083535","chr13","Interior_Act3",73574139,73674138,"PIBF1",9976.36348767919,6611.87909637175
"143","ENSG00000086288","chr7","Near_Lm2",37839603,37939602,"NME8",105.95167087559,0
"144","ENSG00000086288","chr7","Near_Lm2",37939603,38039602,"NME8",105.95167087559,0
"145","ENSG00000086289","chr7","Near_Lm2",37639604,37725423,"EPDR1",119.832184011779,588.235183105898
"146","ENSG00000086289","chr7","Near_Lm2",37739603,37839602,"EPDR1",119.832184011779,588.235183105898
"147","ENSG00000086289","chr7","Near_Lm2",37839603,37939602,"EPDR1",119.832184011779,588.235183105898
"148","ENSG00000086289","chr7","Near_Lm2",37939603,38039602,"EPDR1",119.832184011779,588.235183105898
"149","ENSG00000087053","chr11","Interior_Act3",95533165,95633164,"MTMR2",2853.6046660112,9648.4231308254
"150","ENSG00000087053","chr11","Interior_Act3",95633165,95733164,"MTMR2",2853.6046660112,9648.4231308254
"151","ENSG00000088538","chr3","Speckle",50637432,50737431,"DOCK3",470.532705975173,316.872922763425
"152","ENSG00000088538","chr3","Speckle",50737432,50837431,"DOCK3",470.532705975173,316.872922763425
"153","ENSG00000088538","chr3","Interior_Repr1",50837432,50937431,"DOCK3",470.532705975173,316.872922763425
"154","ENSG00000088538","chr3","Interior_Repr1",50937432,51037431,"DOCK3",470.532705975173,316.872922763425
"155","ENSG00000088538","chr3","Interior_Repr1",51037432,51137431,"DOCK3",470.532705975173,316.872922763425
"156","ENSG00000088538","chr3","Interior_Repr1",51137432,51237431,"DOCK3",470.532705975173,316.872922763425
"157","ENSG00000088538","chr3","Interior_Repr1",51237432,51337431,"DOCK3",470.532705975173,316.872922763425
"158","ENSG00000088538","chr3","Interior_Repr1",51337432,51437431,"DOCK3",470.532705975173,316.872922763425
"159","ENSG00000090615","chr12","Speckle",133276587,133376586,"GOLGA3",11905.4226832432,16007.2537678619
"160","ENSG00000090615","chr12","Speckle",133376587,133476586,"GOLGA3",11905.4226832432,16007.2537678619
"161","ENSG00000090989","chr4","Interior_Act3",56666167,56766166,"EXOC1",11191.5513449744,9264.42397888963
"162","ENSG00000090989","chr4","Interior_Act3",56766167,56866166,"EXOC1",11191.5513449744,9264.42397888963
"163","ENSG00000091129","chr7","Interior_Act3",107740446,107819672,"NRCAM",968.749196705962,24.5250864545526
"164","ENSG00000091129","chr7","Interior_Act3",107840445,107940444,"NRCAM",968.749196705962,24.5250864545526
"165","ENSG00000091129","chr7","Interior_Act3",107940445,108040444,"NRCAM",968.749196705962,24.5250864545526
"166","ENSG00000091129","chr7","Interior_Act3",108040445,108140444,"NRCAM",968.749196705962,24.5250864545526
"167","ENSG00000091181","chr3","Near_Lm2",3041685,3141684,"IL5RA",171.490711457636,86.4501617317441
"168","ENSG00000091181","chr3","Near_Lm2",3141685,3241684,"IL5RA",171.490711457636,86.4501617317441
"169","ENSG00000092108","chr14","Interior_Act3",31075875,31169206,"SCFD1",5228.68762078177,7247.56251702794
"170","ENSG00000092108","chr14","Interior_Act3",31169207,31269206,"SCFD1",5228.68762078177,7247.56251702794
"171","ENSG00000092978","chr1","Lamina",217573343,217673342,"GPATCH2",2094.99673175146,2020.87892388659
"172","ENSG00000092978","chr1","Lamina",217673343,217773342,"GPATCH2",2094.99673175146,2020.87892388659
"173","ENSG00000092978","chr1","Lamina",217773343,217873342,"GPATCH2",2094.99673175146,2020.87892388659
"174","ENSG00000094963","chr1","Near_Lm2",171097443,171169139,"FMO2",1.53095804510625,0
"175","ENSG00000094963","chr1","Near_Lm2",171169140,171269139,"FMO2",1.53095804510625,0
"176","ENSG00000099139","chr9","Near_Lm2",78414917,78514916,"PCSK5",1190.32850863379,185.915101922605
"177","ENSG00000099139","chr9","Near_Lm2",78514917,78614916,"PCSK5",1190.32850863379,185.915101922605
"178","ENSG00000099139","chr9","Near_Lm2",78614917,78714916,"PCSK5",1190.32850863379,185.915101922605
"179","ENSG00000099139","chr9","Near_Lm2",78714917,78814916,"PCSK5",1190.32850863379,185.915101922605
"180","ENSG00000099139","chr9","Near_Lm2",78814917,78914916,"PCSK5",1190.32850863379,185.915101922605
"181","ENSG00000099139","chr9","Near_Lm2",78914917,79014916,"PCSK5",1190.32850863379,185.915101922605
"182","ENSG00000099256","chr10","Interior_Act3",25088930,25188929,"PRTFDC1",358.609426446703,107.453427169521
"183","ENSG00000099256","chr10","Interior_Act3",25188930,25288929,"PRTFDC1",358.609426446703,107.453427169521
"184","ENSG00000100505","chr14","Interior_Act3",51366719,51466718,"TRIM9",99.2018832441214,123.236498318308
"185","ENSG00000100505","chr14","Interior_Act3",51466719,51566718,"TRIM9",99.2018832441214,123.236498318308
"186","ENSG00000101542","chr18","Lamina",58967234,59067233,"CDH20",79.595966754191,45.5608339982836
"187","ENSG00000101542","chr18","Near_Lm2",59067234,59167233,"CDH20",79.595966754191,45.5608339982836
"188","ENSG00000101542","chr18","Near_Lm2",59167234,59267233,"CDH20",79.595966754191,45.5608339982836
"189","ENSG00000101746","chr18","Lamina",31379965,31479964,"NOL4",0,0
"190","ENSG00000101746","chr18","Lamina",31479965,31579964,"NOL4",0,0
"191","ENSG00000101746","chr18","Lamina",31579965,31679964,"NOL4",0,0
"192","ENSG00000101746","chr18","Lamina",31679965,31779964,"NOL4",0,0
"193","ENSG00000101746","chr18","Lamina",31779965,31879964,"NOL4",0,0
"194","ENSG00000101844","chrX","Interior_Act3",107243231,107343230,"ATG4A",2871.61571075528,4766.41557719949
"195","ENSG00000101844","chrX","Near_Lm2",107343231,107443230,"ATG4A",2871.61571075528,4766.41557719949
"196","ENSG00000101911","chrX","Near_Lm2",12718120,12818119,"PRPS2",8154.2423309946,38768.7441314545
"197","ENSG00000101911","chrX","Interior_Act3",12818120,12918119,"PRPS2",8154.2423309946,38768.7441314545
"198","ENSG00000102445","chr13","Interior_Act3",46874136,46974135,"KIAA0226L",294.871775520905,103.578829614407
"199","ENSG00000102445","chr13","Interior_Act3",46974136,47074135,"KIAA0226L",294.871775520905,103.578829614407
"200","ENSG00000102580","chr13","Interior_Act3",96252255,96352254,"DNAJC3",10225.3990496027,14710.8645543613
"201","ENSG00000102580","chr13","Interior_Act3",96352255,96452254,"DNAJC3",10225.3990496027,14710.8645543613
"202","ENSG00000103546","chr16","Near_Lm1",55633913,55733912,"SLC6A2",0,0
"203","ENSG00000103546","chr16","Interior_Repr2",55733913,55833912,"SLC6A2",0,0
"204","ENSG00000104219","chr8","Near_Lm2",16957510,17057509,"ZDHHC2",10430.2139188696,5238.06868455762
"205","ENSG00000104219","chr8","Near_Lm2",17057510,17157509,"ZDHHC2",10430.2139188696,5238.06868455762
"206","ENSG00000104691","chr8","Interior_Act3",30557518,30620840,"UBXN8",1056.73817459036,3515.43277134459
"207","ENSG00000106415","chr7","Interior_Act3",7939632,8039631,"GLCCI1",3973.0413238264,964.954808876104
"208","ENSG00000106415","chr7","Interior_Act3",8042953,8139630,"GLCCI1",3973.0413238264,964.954808876104
"209","ENSG00000106443","chr7","Near_Lm2",10939628,11039627,"PHF14",5414.00221665229,8325.28180314429
"210","ENSG00000106443","chr7","Near_Lm2",11039628,11139627,"PHF14",5414.00221665229,8325.28180314429
"211","ENSG00000106443","chr7","Near_Lm2",11139628,11239627,"PHF14",5414.00221665229,8325.28180314429
"212","ENSG00000106688","chr9","Near_Lm1",4400001,4500000,"SLC1A1",184.448514371255,29.5168460741264
"213","ENSG00000106688","chr9","Near_Lm1",4500001,4600000,"SLC1A1",184.448514371255,29.5168460741264
"214","ENSG00000106772","chr9","Near_Lm1",79214917,79314916,"PRUNE2",33.8767685120884,35.0118369847839
"215","ENSG00000106772","chr9","Near_Lm1",79314917,79414916,"PRUNE2",33.8767685120884,35.0118369847839
"216","ENSG00000106772","chr9","Near_Lm1",79414917,79514916,"PRUNE2",33.8767685120884,35.0118369847839
"217","ENSG00000106772","chr9","Near_Lm1",79514917,79614916,"PRUNE2",33.8767685120884,35.0118369847839
"218","ENSG00000107249","chr9","Near_Lm2",3800001,3900000,"GLIS3",130.194479101641,11.7889249572194
"219","ENSG00000107249","chr9","Near_Lm2",3900001,4000000,"GLIS3",130.194479101641,11.7889249572194
"220","ENSG00000107249","chr9","Near_Lm2",4000001,4100000,"GLIS3",130.194479101641,11.7889249572194
"221","ENSG00000107249","chr9","Near_Lm1",4100001,4200000,"GLIS3",130.194479101641,11.7889249572194
"222","ENSG00000107249","chr9","Near_Lm1",4200001,4300000,"GLIS3",130.194479101641,11.7889249572194
"223","ENSG00000107249","chr9","Near_Lm1",4300001,4400000,"GLIS3",130.194479101641,11.7889249572194
"224","ENSG00000107295","chr9","Lamina",17499999,17599998,"SH3GL2",0,0
"225","ENSG00000107295","chr9","Lamina",17599999,17699998,"SH3GL2",0,0
"226","ENSG00000107295","chr9","Lamina",17699999,17799998,"SH3GL2",0,0
"227","ENSG00000107518","chr10","Near_Lm2",116759760,116855119,"ATRNL1",18.3268305992691,11.4913091183356
"228","ENSG00000107518","chr10","Near_Lm2",116874536,116888590,"ATRNL1",18.3268305992691,11.4913091183356
"229","ENSG00000107518","chr10","Lamina",117030676,117059510,"ATRNL1",18.3268305992691,11.4913091183356
"230","ENSG00000107518","chr10","Lamina",117059511,117159510,"ATRNL1",18.3268305992691,11.4913091183356
"231","ENSG00000107518","chr10","Lamina",117159511,117259510,"ATRNL1",18.3268305992691,11.4913091183356
"232","ENSG00000107518","chr10","Lamina",117259511,117359510,"ATRNL1",18.3268305992691,11.4913091183356
"233","ENSG00000107518","chr10","Interior_Repr1",117290184,117290379,"ATRNL1",18.3268305992691,11.4913091183356
"234","ENSG00000107518","chr10","Lamina",117359511,117459510,"ATRNL1",18.3268305992691,11.4913091183356
"235","ENSG00000107518","chr10","Lamina",117494745,117559511,"ATRNL1",18.3268305992691,11.4913091183356
"236","ENSG00000107518","chr10","Lamina",117559512,117659511,"ATRNL1",18.3268305992691,11.4913091183356
"237","ENSG00000107518","chr10","Near_Lm2",117659512,117759511,"ATRNL1",18.3268305992691,11.4913091183356
"238","ENSG00000108018","chr10","Lamina",108259759,108359758,"SORCS1",0,0
"239","ENSG00000108018","chr10","Near_Lm2",108359759,108459758,"SORCS1",0,0
"240","ENSG00000108018","chr10","Near_Lm2",108459759,108559758,"SORCS1",0,0
"241","ENSG00000108018","chr10","Near_Lm2",108559759,108659758,"SORCS1",0,0
"242","ENSG00000108018","chr10","Near_Lm2",108659759,108759758,"SORCS1",0,0
"243","ENSG00000108018","chr10","Near_Lm2",108759759,108859758,"SORCS1",0,0
"244","ENSG00000108018","chr10","Near_Lm2",108859759,108959758,"SORCS1",0,0
"245","ENSG00000109472","chr4","Near_Lm2",166221153,166321152,"CPE",21.3711470577378,10.2946330260102
"246","ENSG00000109472","chr4","Near_Lm2",166321153,166421152,"CPE",21.3711470577378,10.2946330260102
"247","ENSG00000109861","chr11","Near_Lm2",87933169,88033168,"CTSC",5076.68216727826,12144.2362564773
"248","ENSG00000109861","chr11","Near_Lm2",88033169,88133168,"CTSC",5076.68216727826,12144.2362564773
"249","ENSG00000111058","chr12","Lamina",81293780,81393779,"ACSS3",0,0
"250","ENSG00000111058","chr12","Lamina",81393780,81493779,"ACSS3",0,0
"251","ENSG00000111058","chr12","Lamina",81493780,81593779,"ACSS3",0,0
"252","ENSG00000111058","chr12","Lamina",81593780,81693779,"ACSS3",0,0
"253","ENSG00000111110","chr12","Interior_Act3",62993781,63093780,"PPM1H",37.4404635109947,17.0555193089456
"254","ENSG00000111110","chr12","Interior_Act3",63093781,63193780,"PPM1H",37.4404635109947,17.0555193089456
"255","ENSG00000111110","chr12","Interior_Act3",63193781,63293780,"PPM1H",37.4404635109947,17.0555193089456
"256","ENSG00000111110","chr12","Near_Lm2",63293781,63393780,"PPM1H",37.4404635109947,17.0555193089456
"257","ENSG00000111215","chr12","Near_Lm1",10952600,11052599,"PRR4",321.423751301955,116.535048405771
"258","ENSG00000111215","chr12","Near_Lm1",11052600,11152599,"PRR4",321.423751301955,116.535048405771
"259","ENSG00000111215","chr12","Near_Lm1",11152600,11252599,"PRR4",321.423751301955,116.535048405771
"260","ENSG00000111215","chr12","Near_Lm1",11252600,11331782,"PRR4",321.423751301955,116.535048405771
"261","ENSG00000111906","chr6","Near_Lm2",125521147,125621146,"HDDC2",3494.7153796036,9379.93260422496
"262","ENSG00000111906","chr6","Near_Lm2",125621147,125721146,"HDDC2",3494.7153796036,9379.93260422496
"263","ENSG00000111961","chr6","Near_Lm1",148521137,148621136,"SASH1",173.266368249701,113.94062377654
"264","ENSG00000111961","chr6","Near_Lm1",148621137,148721136,"SASH1",173.266368249701,113.94062377654
"265","ENSG00000111961","chr6","Near_Lm1",148721137,148821136,"SASH1",173.266368249701,113.94062377654
"266","ENSG00000111961","chr6","Near_Lm1",148821137,148921136,"SASH1",173.266368249701,113.94062377654
"267","ENSG00000112038","chr6","Lamina",154321136,154421135,"OPRM1",0,0
"268","ENSG00000112038","chr6","Near_Lm2",154421136,154490087,"OPRM1",0,0
"269","ENSG00000112038","chr6","Near_Lm2",154521135,154621134,"OPRM1",0,0
"270","ENSG00000112186","chr6","Near_Lm1",17300232,17400231,"CAP2",0,0
"271","ENSG00000112186","chr6","Near_Lm1",17400232,17500231,"CAP2",0,0
"272","ENSG00000112186","chr6","Near_Lm1",17500232,17600231,"CAP2",0,0
"273","ENSG00000112249","chr6","Near_Lm2",100947877,101047876,"ASCC3",9401.35428386363,19047.1310622839
"274","ENSG00000112249","chr6","Near_Lm2",101047877,101147876,"ASCC3",9401.35428386363,19047.1310622839
"275","ENSG00000112249","chr6","Near_Lm2",101147877,101247876,"ASCC3",9401.35428386363,19047.1310622839
"276","ENSG00000112249","chr6","Near_Lm2",101247877,101347876,"ASCC3",9401.35428386363,19047.1310622839
"277","ENSG00000112305","chr6","Near_Lm2",71309704,71409703,"SMAP1",1198.04009687112,1291.35046314484
"278","ENSG00000112305","chr6","Near_Lm2",71409704,71509703,"SMAP1",1198.04009687112,1291.35046314484
"279","ENSG00000112305","chr6","Near_Lm2",71509704,71609703,"SMAP1",1198.04009687112,1291.35046314484
"280","ENSG00000112701","chr6","Near_Lm2",76309717,76409716,"SENP6",10576.6302473991,8868.84089565971
"281","ENSG00000112706","chr6","Near_Lm2",76609718,76709717,"IMPG1",18.0269800542361,2.25704809888917
"282","ENSG00000112706","chr6","Lamina",76709718,76809717,"IMPG1",18.0269800542361,2.25704809888917
"283","ENSG00000113448","chr5","Near_Lm2",58195828,58295827,"PDE4D",4764.53191739803,4179.60726120514
"284","ENSG00000113448","chr5","Near_Lm2",58295828,58395827,"PDE4D",4764.53191739803,4179.60726120514
"285","ENSG00000113448","chr5","Near_Lm2",58395828,58460844,"PDE4D",4764.53191739803,4179.60726120514
"286","ENSG00000113448","chr5","Lamina",58495827,58595826,"PDE4D",4764.53191739803,4179.60726120514
"287","ENSG00000113448","chr5","Lamina",58595827,58695826,"PDE4D",4764.53191739803,4179.60726120514
"288","ENSG00000113448","chr5","Lamina",58695827,58795826,"PDE4D",4764.53191739803,4179.60726120514
"289","ENSG00000113448","chr5","Lamina",58795827,58895826,"PDE4D",4764.53191739803,4179.60726120514
"290","ENSG00000113448","chr5","Lamina",58895827,58995826,"PDE4D",4764.53191739803,4179.60726120514
"291","ENSG00000113448","chr5","Lamina",58995827,59095826,"PDE4D",4764.53191739803,4179.60726120514
"292","ENSG00000113448","chr5","Lamina",59095827,59173952,"PDE4D",4764.53191739803,4179.60726120514
"293","ENSG00000113448","chr5","Lamina",59195828,59295827,"PDE4D",4764.53191739803,4179.60726120514
"294","ENSG00000113448","chr5","Lamina",59295828,59395827,"PDE4D",4764.53191739803,4179.60726120514
"295","ENSG00000113448","chr5","Lamina",59395828,59495827,"PDE4D",4764.53191739803,4179.60726120514
"296","ENSG00000113448","chr5","Near_Lm2",59495828,59595827,"PDE4D",4764.53191739803,4179.60726120514
"297","ENSG00000113448","chr5","Near_Lm2",59595828,59695827,"PDE4D",4764.53191739803,4179.60726120514
"298","ENSG00000113448","chr5","Near_Lm2",59695828,59795827,"PDE4D",4764.53191739803,4179.60726120514
"299","ENSG00000113448","chr5","Near_Lm2",59795828,59895827,"PDE4D",4764.53191739803,4179.60726120514
"300","ENSG00000113594","chr5","Near_Lm1",38400103,38500102,"LIFR",17.0292913318563,6.400239054334
"301","ENSG00000113594","chr5","Near_Lm1",38500103,38600102,"LIFR",17.0292913318563,6.400239054334
"302","ENSG00000113594","chr5","Near_Lm1",38600103,38700102,"LIFR",17.0292913318563,6.400239054334
"303","ENSG00000113657","chr5","Lamina",146679564,146779563,"DPYSL3",1.82625573982108,74.6239158748079
"304","ENSG00000113657","chr5","Lamina",146779564,146879563,"DPYSL3",1.82625573982108,74.6239158748079
"305","ENSG00000113657","chr5","Lamina",146879564,146979563,"DPYSL3",1.82625573982108,74.6239158748079
"306","ENSG00000113790","chr3","Interior_Act1",184817789,184917788,"EHHADH",337.822736743339,693.393029951694
"307","ENSG00000113790","chr3","Interior_Act1",184917789,185017788,"EHHADH",337.822736743339,693.393029951694
"308","ENSG00000113971","chr3","Near_Lm1",132218845,132318844,"NPHP3",4700.66609093446,717.946273592646
"309","ENSG00000113971","chr3","Near_Lm1",132318845,132418844,"NPHP3",4700.66609093446,717.946273592646
"310","ENSG00000113971","chr3","Near_Lm1",132418845,132518844,"NPHP3",4700.66609093446,717.946273592646
"311","ENSG00000114279","chr3","Lamina",191817790,191917789,"FGF12",0,3.88207352974039
"312","ENSG00000114279","chr3","Lamina",191917790,192017789,"FGF12",0,3.88207352974039
"313","ENSG00000114279","chr3","Lamina",192017790,192117789,"FGF12",0,3.88207352974039
"314","ENSG00000114279","chr3","Lamina",192117790,192217789,"FGF12",0,3.88207352974039
"315","ENSG00000114279","chr3","Lamina",192217790,192317789,"FGF12",0,3.88207352974039
"316","ENSG00000114279","chr3","Lamina",192317790,192417789,"FGF12",0,3.88207352974039
"317","ENSG00000114279","chr3","Near_Lm2",192417790,192517789,"FGF12",0,3.88207352974039
"318","ENSG00000114541","chr3","Near_Lm1",69149152,69249151,"FRMD4B",978.765041314853,2337.29425686377
"319","ENSG00000114541","chr3","Near_Lm1",69249152,69349151,"FRMD4B",978.765041314853,2337.29425686377
"320","ENSG00000114541","chr3","Near_Lm1",69349152,69449151,"FRMD4B",978.765041314853,2337.29425686377
"321","ENSG00000114541","chr3","Near_Lm1",69449152,69549151,"FRMD4B",978.765041314853,2337.29425686377
"322","ENSG00000114541","chr3","Near_Lm1",69549152,69649151,"FRMD4B",978.765041314853,2337.29425686377
"323","ENSG00000114805","chr3","Near_Lm2",155017790,155117789,"PLCH1",9.1599334290932,80.9582678558961
"324","ENSG00000114805","chr3","Near_Lm2",155117790,155217789,"PLCH1",9.1599334290932,80.9582678558961
"325","ENSG00000114805","chr3","Near_Lm2",155217790,155317789,"PLCH1",9.1599334290932,80.9582678558961
"326","ENSG00000114805","chr3","Near_Lm2",155317790,155417789,"PLCH1",9.1599334290932,80.9582678558961
"327","ENSG00000114805","chr3","Near_Lm2",155417790,155517789,"PLCH1",9.1599334290932,80.9582678558961
"328","ENSG00000114861","chr3","Near_Lm1",70949152,71049151,"FOXP1",13030.7168791594,8405.58497766575
"329","ENSG00000114861","chr3","Near_Lm1",71049152,71149151,"FOXP1",13030.7168791594,8405.58497766575
"330","ENSG00000114861","chr3","Interior_Act3",71149152,71249151,"FOXP1",13030.7168791594,8405.58497766575
"331","ENSG00000114861","chr3","Interior_Act3",71249152,71349151,"FOXP1",13030.7168791594,8405.58497766575
"332","ENSG00000114861","chr3","Interior_Act3",71349152,71449151,"FOXP1",13030.7168791594,8405.58497766575
"333","ENSG00000114861","chr3","Interior_Act3",71449152,71549151,"FOXP1",13030.7168791594,8405.58497766575
"334","ENSG00000114861","chr3","Interior_Act3",71549152,71649151,"FOXP1",13030.7168791594,8405.58497766575
"335","ENSG00000115183","chr2","Interior_Act3",159756513,159856512,"TANC1",76.9177203991764,87.8593610962212
"336","ENSG00000115183","chr2","Interior_Act3",159856513,159956512,"TANC1",76.9177203991764,87.8593610962212
"337","ENSG00000115183","chr2","Interior_Act3",159984745,160056511,"TANC1",76.9177203991764,87.8593610962212
"338","ENSG00000115183","chr2","Interior_Act3",160056512,160156511,"TANC1",76.9177203991764,87.8593610962212
"339","ENSG00000115232","chr2","Lamina",182264728,182364727,"ITGA4",29126.6736317069,27463.1634631514
"340","ENSG00000115232","chr2","Lamina",182364728,182464727,"ITGA4",29126.6736317069,27463.1634631514
"341","ENSG00000115239","chr2","Near_Lm2",53727139,53781083,"GPR75-ASB3",592.261573997486,298.426362747283
"342","ENSG00000115239","chr2","Near_Lm2",53827138,53927137,"GPR75-ASB3",592.261573997486,298.426362747283
"343","ENSG00000115239","chr2","Near_Lm2",53927138,54027137,"GPR75-ASB3",592.261573997486,298.426362747283
"344","ENSG00000115239","chr2","Near_Lm2",54027138,54127137,"GPR75-ASB3",592.261573997486,298.426362747283
"345","ENSG00000115414","chr2","Interior_Act3",216164724,216264723,"FN1",218.753239580803,159.756771642064
"346","ENSG00000115414","chr2","Interior_Act3",216264724,216364723,"FN1",218.753239580803,159.756771642064
"347","ENSG00000115762","chr2","Interior_Act2",131857574,131957573,"PLEKHB2",9720.30000923149,19153.9169248456
"348","ENSG00000115762","chr2","Interior_Act2",131957574,132057573,"PLEKHB2",9720.30000923149,19153.9169248456
"349","ENSG00000115762","chr2","Interior_Act1",132057574,132157573,"PLEKHB2",9720.30000923149,19153.9169248456
"350","ENSG00000116141","chr1","Near_Lm2",220673343,220773342,"MARK1",13.8552151880735,8.25654674878047
"351","ENSG00000116141","chr1","Near_Lm2",220773343,220873342,"MARK1",13.8552151880735,8.25654674878047
"352","ENSG00000116147","chr1","Near_Lm1",175269137,175369136,"TNR",3.22054304400709,1.95299475670315
"353","ENSG00000116147","chr1","Near_Lm1",175369137,175469136,"TNR",3.22054304400709,1.95299475670315
"354","ENSG00000116147","chr1","Near_Lm1",175469137,175569136,"TNR",3.22054304400709,1.95299475670315
"355","ENSG00000116147","chr1","Near_Lm1",175569137,175669136,"TNR",3.22054304400709,1.95299475670315
"356","ENSG00000116147","chr1","Near_Lm1",175669137,175769136,"TNR",3.22054304400709,1.95299475670315
"357","ENSG00000116641","chr1","Near_Lm1",62865672,62965671,"DOCK7",1420.02808709454,1230.83063214841
"358","ENSG00000116641","chr1","Near_Lm1",62965672,63065671,"DOCK7",1420.02808709454,1230.83063214841
"359","ENSG00000116641","chr1","Near_Lm1",63065672,63165671,"DOCK7",1420.02808709454,1230.83063214841
"360","ENSG00000116729","chr1","Near_Lm2",68465684,68565683,"WLS",0,0
"361","ENSG00000116729","chr1","Near_Lm2",68565684,68665683,"WLS",0,0
"362","ENSG00000116729","chr1","Near_Lm2",68665684,68765683,"WLS",0,0
"363","ENSG00000116754","chr1","Near_Lm2",70665684,70765683,"SRSF11",23676.6447876562,24888.7202497172
"364","ENSG00000117114","chr1","Lamina",81765686,81865685,"LPHN2",1.68729637865337,6.62696656067357
"365","ENSG00000117114","chr1","Lamina",81865686,81965685,"LPHN2",1.68729637865337,6.62696656067357
"366","ENSG00000117114","chr1","Lamina",81965686,82065685,"LPHN2",1.68729637865337,6.62696656067357
"367","ENSG00000117114","chr1","Lamina",82065686,82165685,"LPHN2",1.68729637865337,6.62696656067357
"368","ENSG00000117114","chr1","Lamina",82165686,82265685,"LPHN2",1.68729637865337,6.62696656067357
"369","ENSG00000117114","chr1","Lamina",82265686,82365685,"LPHN2",1.68729637865337,6.62696656067357
"370","ENSG00000117114","chr1","Lamina",82373115,82465684,"LPHN2",1.68729637865337,6.62696656067357
"371","ENSG00000118276","chr18","Interior_Act3",29179964,29279963,"B4GALT6",115.00445339862,388.704733376546
"372","ENSG00000118307","chr12","Near_Lm1",25252935,25352934,"CASC1",173.825273786943,53.382342544802
"373","ENSG00000118473","chr1","Near_Lm2",66965684,67065683,"SGIP1",3.53085492772628,5.731361323183
"374","ENSG00000118473","chr1","Near_Lm2",67065684,67165683,"SGIP1",3.53085492772628,5.731361323183
"375","ENSG00000118473","chr1","Near_Lm2",67165684,67265683,"SGIP1",3.53085492772628,5.731361323183
"376","ENSG00000118492","chr6","Lamina",146821137,146921136,"ADGB",2.5247580316631,7.17385006275711
"377","ENSG00000118492","chr6","Near_Lm2",146921137,147021136,"ADGB",2.5247580316631,7.17385006275711
"378","ENSG00000118492","chr6","Near_Lm2",147021137,147121136,"ADGB",2.5247580316631,7.17385006275711
"379","ENSG00000118492","chr6","Near_Lm2",147121137,147221136,"ADGB",2.5247580316631,7.17385006275711
"380","ENSG00000118961","chr2","Near_Lm2",20799761,20899760,"C2orf43",3364.30583453836,13046.2046166684
"381","ENSG00000118961","chr2","Near_Lm2",20899761,20999760,"C2orf43",3364.30583453836,13046.2046166684
"382","ENSG00000118961","chr2","Near_Lm2",20999761,21099760,"C2orf43",3364.30583453836,13046.2046166684
"383","ENSG00000119042","chr2","Near_Lm2",200064724,200164723,"SATB2",5.32516726109421,1.9103827542001
"384","ENSG00000119042","chr2","Near_Lm2",200164724,200264723,"SATB2",5.32516726109421,1.9103827542001
"385","ENSG00000119042","chr2","Near_Lm2",200264724,200364723,"SATB2",5.32516726109421,1.9103827542001
"386","ENSG00000119121","chr9","Near_Lm2",77314917,77414916,"TRPM6",76.7762342044045,35.5098194478738
"387","ENSG00000119121","chr9","Near_Lm2",77414917,77514916,"TRPM6",76.7762342044045,35.5098194478738
"388","ENSG00000120159","chr9","Interior_Repr2",26799999,26899998,"CAAP1",4147.91872145036,9908.84785720165
"389","ENSG00000120162","chr9","Near_Lm1",27299999,27399998,"MOB3B",96.101061698346,50.7025430617626
"390","ENSG00000120162","chr9","Interior_Act3",27399999,27499998,"MOB3B",96.101061698346,50.7025430617626
"391","ENSG00000120162","chr9","Near_Lm1",27499999,27599998,"MOB3B",96.101061698346,50.7025430617626
"392","ENSG00000120251","chr4","Lamina",158121153,158221152,"GRIA2",0,0
"393","ENSG00000120251","chr4","Lamina",158221153,158321152,"GRIA2",0,0
"394","ENSG00000120616","chr10","Interior_Act3",32488929,32588928,"EPC1",6721.0678861704,2173.67481060532
"395","ENSG00000120616","chr10","Near_Lm1",32588929,32688928,"EPC1",6721.0678861704,2173.67481060532
"396","ENSG00000121335","chr12","Interior_Repr1",11452935,11552934,"PRB2",65.3233319824876,10.6281968402161
"397","ENSG00000121335","chr12","Interior_Repr2",11552935,11652934,"PRB2",65.3233319824876,10.6281968402161
"398","ENSG00000121335","chr12","Interior_Repr2",11652935,11752934,"PRB2",65.3233319824876,10.6281968402161
"399","ENSG00000121904","chr1","Interior_Repr1",33965601,34065600,"CSMD2",0,0.524469624203093
"400","ENSG00000121904","chr1","Interior_Repr1",34065601,34165600,"CSMD2",0,0.524469624203093
"401","ENSG00000121904","chr1","Interior_Repr1",34189959,34265601,"CSMD2",0,0.524469624203093
"402","ENSG00000121904","chr1","Interior_Repr1",34265602,34365601,"CSMD2",0,0.524469624203093
"403","ENSG00000121904","chr1","Interior_Repr1",34365602,34465601,"CSMD2",0,0.524469624203093
"404","ENSG00000121904","chr1","Interior_Repr1",34465602,34565601,"CSMD2",0,0.524469624203093
"405","ENSG00000121904","chr1","Interior_Repr1",34565602,34665601,"CSMD2",0,0.524469624203093
"406","ENSG00000122507","chr7","Near_Lm2",33139613,33239612,"BBS9",3418.21217432925,698.04437416664
"407","ENSG00000122507","chr7","Near_Lm2",33239613,33339612,"BBS9",3418.21217432925,698.04437416664
"408","ENSG00000122507","chr7","Lamina",33339613,33439612,"BBS9",3418.21217432925,698.04437416664
"409","ENSG00000122507","chr7","Lamina",33439613,33539612,"BBS9",3418.21217432925,698.04437416664
"410","ENSG00000122507","chr7","Lamina",33539613,33639612,"BBS9",3418.21217432925,698.04437416664
"411","ENSG00000122507","chr7","Near_Lm2",33639613,33739612,"BBS9",3418.21217432925,698.04437416664
"412","ENSG00000122729","chr9","Near_Lm1",32299999,32399998,"ACO1",2802.07401990307,3217.18168735948
"413","ENSG00000122729","chr9","Near_Lm1",32399999,32499998,"ACO1",2802.07401990307,3217.18168735948
"414","ENSG00000122783","chr7","Near_Lm2",134784753,134884752,"C7orf49",2456.3830777029,3357.62696238542
"415","ENSG00000122787","chr7","Near_Lm1",137684747,137784746,"AKR1D1",2.11498482380831,0
"416","ENSG00000122787","chr7","Near_Lm1",137784747,137884746,"AKR1D1",2.11498482380831,0
"417","ENSG00000122873","chr10",NA,NA,NA,"CISD1",2602.17204787039,14581.8277260407
"418","ENSG00000123636","chr2","Interior_Act3",160156512,160256511,"BAZ2B",1522.74958649288,535.239257142356
"419","ENSG00000123636","chr2","Interior_Act3",160256512,160356511,"BAZ2B",1522.74958649288,535.239257142356
"420","ENSG00000123636","chr2","Interior_Act3",160356512,160456511,"BAZ2B",1522.74958649288,535.239257142356
"421","ENSG00000123636","chr2","Interior_Act3",160456512,160556511,"BAZ2B",1522.74958649288,535.239257142356
"422","ENSG00000125879","chr20","Near_Lm2",16680646,16780645,"OTOR",0,0
"423","ENSG00000127249","chr3","Near_Lm2",193117790,193217789,"ATP13A4",204.640134197254,105.302623827451
"424","ENSG00000127249","chr3","Near_Lm2",193217790,193317789,"ATP13A4",204.640134197254,105.302623827451
"425","ENSG00000127947","chr7","Interior_Act3",77129318,77229317,"PTPN12",1712.49060539465,545.580992197144
"426","ENSG00000127947","chr7","Interior_Act3",77229318,77329317,"PTPN12",1712.49060539465,545.580992197144
"427","ENSG00000128512","chr7","Near_Lm2",111340057,111440056,"DOCK4",116.492401218685,35.7812350817604
"428","ENSG00000128512","chr7","Near_Lm2",111440057,111540056,"DOCK4",116.492401218685,35.7812350817604
"429","ENSG00000128512","chr7","Near_Lm2",111550457,111640055,"DOCK4",116.492401218685,35.7812350817604
"430","ENSG00000128512","chr7","Near_Lm2",111640056,111740055,"DOCK4",116.492401218685,35.7812350817604
"431","ENSG00000128512","chr7","Near_Lm2",111740056,111840055,"DOCK4",116.492401218685,35.7812350817604
"432","ENSG00000128512","chr7","Near_Lm2",111840056,111940055,"DOCK4",116.492401218685,35.7812350817604
"433","ENSG00000128513","chr7","Near_Lm2",124440055,124540054,"POT1",4738.250563557,6632.55256036808
"434","ENSG00000128513","chr7","Near_Lm2",124540055,124640054,"POT1",4738.250563557,6632.55256036808
"435","ENSG00000128655","chr2","Interior_Act3",178464729,178564728,"PDE11A",0,0.761525865771606
"436","ENSG00000128655","chr2","Near_Lm2",178564729,178664728,"PDE11A",0,0.761525865771606
"437","ENSG00000128655","chr2","Near_Lm2",178665212,178764727,"PDE11A",0,0.761525865771606
"438","ENSG00000128655","chr2","Near_Lm2",178764728,178864727,"PDE11A",0,0.761525865771606
"439","ENSG00000128655","chr2","Near_Lm2",178864728,178964727,"PDE11A",0,0.761525865771606
"440","ENSG00000128655","chr2","Interior_Act3",178964728,179064727,"PDE11A",0,0.761525865771606
"441","ENSG00000129521","chr14","Interior_Act3",34369207,34469206,"EGLN3",511.421254103099,325.807277695552
"442","ENSG00000129521","chr14","Near_Lm1",34469207,34569206,"EGLN3",511.421254103099,325.807277695552
"443","ENSG00000129521","chr14","Near_Lm1",34569207,34669206,"EGLN3",511.421254103099,325.807277695552
"444","ENSG00000129521","chr14","Near_Lm1",34669207,34769206,"EGLN3",511.421254103099,325.807277695552
"445","ENSG00000129521","chr14","Near_Lm1",34769207,34869206,"EGLN3",511.421254103099,325.807277695552
"446","ENSG00000129521","chr14","Interior_Repr2",34869207,34969206,"EGLN3",511.421254103099,325.807277695552
"447","ENSG00000130413","chr11","Near_Lm1",8321548,8421547,"STK33",39.9110534885828,296.445396393084
"448","ENSG00000130413","chr11","Near_Lm1",8421548,8521547,"STK33",39.9110534885828,296.445396393084
"449","ENSG00000130413","chr11","Near_Lm1",8521548,8621547,"STK33",39.9110534885828,296.445396393084
"450","ENSG00000131018","chr6","Lamina",152421136,152521135,"SYNE1",6870.69259845503,1226.14855043102
"451","ENSG00000131018","chr6","Lamina",152521136,152621135,"SYNE1",6870.69259845503,1226.14855043102
"452","ENSG00000131018","chr6","Lamina",152621136,152721135,"SYNE1",6870.69259845503,1226.14855043102
"453","ENSG00000131018","chr6","Lamina",152721136,152821135,"SYNE1",6870.69259845503,1226.14855043102
"454","ENSG00000131018","chr6","Lamina",152821136,152921135,"SYNE1",6870.69259845503,1226.14855043102
"455","ENSG00000131018","chr6","Lamina",152921136,153021135,"SYNE1",6870.69259845503,1226.14855043102
"456","ENSG00000131115","chr19","Interior_Repr1",44704154,44804153,"ZNF227",4409.12019205609,2150.76174392869
"457","ENSG00000131848","chr19","Speckle",56711370,56811369,"ZSCAN5A",368.951643185619,853.259508107466
"458","ENSG00000131848","chr19","Interior_Repr1",56811370,56911369,"ZSCAN5A",368.951643185619,853.259508107466
"459","ENSG00000131951","chr14","Near_Lm2",60366719,60466718,"LRRC9",48.8184892546405,3.93791840115212
"460","ENSG00000131951","chr14","Near_Lm2",60466719,60566718,"LRRC9",48.8184892546405,3.93791840115212
"461","ENSG00000132256","chr11","Interior_Repr1",5621231,5721230,"TRIM5",4949.32485275386,3034.1938182868
"462","ENSG00000132256","chr11","Interior_Repr1",5721231,5821230,"TRIM5",4949.32485275386,3034.1938182868
"463","ENSG00000132256","chr11","Interior_Repr1",5821231,5921230,"TRIM5",4949.32485275386,3034.1938182868
"464","ENSG00000132256","chr11","Interior_Repr1",5921231,6021230,"TRIM5",4949.32485275386,3034.1938182868
"465","ENSG00000132549","chr8","Interior_Repr2",100012229,100112228,"VPS13B",7673.97970705898,2571.42447280314
"466","ENSG00000132549","chr8","Interior_Repr2",100112229,100212228,"VPS13B",7673.97970705898,2571.42447280314
"467","ENSG00000132549","chr8","Near_Lm1",100212229,100312228,"VPS13B",7673.97970705898,2571.42447280314
"468","ENSG00000132549","chr8","Near_Lm1",100312229,100412228,"VPS13B",7673.97970705898,2571.42447280314
"469","ENSG00000132549","chr8","Near_Lm1",100412229,100512228,"VPS13B",7673.97970705898,2571.42447280314
"470","ENSG00000132549","chr8","Near_Lm1",100512229,100612228,"VPS13B",7673.97970705898,2571.42447280314
"471","ENSG00000132549","chr8","Near_Lm1",100612229,100712228,"VPS13B",7673.97970705898,2571.42447280314
"472","ENSG00000132549","chr8","Interior_Repr2",100712229,100812228,"VPS13B",7673.97970705898,2571.42447280314
"473","ENSG00000132549","chr8","Near_Lm1",100812229,100912228,"VPS13B",7673.97970705898,2571.42447280314
"474","ENSG00000132874","chr18","Near_Lm2",42779966,42879965,"SLC14A2",13.3277807896124,7.60398260807122
"475","ENSG00000132874","chr18","Near_Lm2",42879966,42979965,"SLC14A2",13.3277807896124,7.60398260807122
"476","ENSG00000132874","chr18","Near_Lm1",42979966,43079965,"SLC14A2",13.3277807896124,7.60398260807122
"477","ENSG00000132874","chr18","Near_Lm1",43079966,43179965,"SLC14A2",13.3277807896124,7.60398260807122
"478","ENSG00000132874","chr18","Near_Lm1",43179966,43279965,"SLC14A2",13.3277807896124,7.60398260807122
"479","ENSG00000133019","chr1","Lamina",239463301,239563300,"CHRM3",45.880541330075,37.5946027577619
"480","ENSG00000133019","chr1","Lamina",239563301,239663300,"CHRM3",45.880541330075,37.5946027577619
"481","ENSG00000133019","chr1","Lamina",239663301,239763300,"CHRM3",45.880541330075,37.5946027577619
"482","ENSG00000133019","chr1","Lamina",239763301,239863300,"CHRM3",45.880541330075,37.5946027577619
"483","ENSG00000133019","chr1","Lamina",239863301,239963300,"CHRM3",45.880541330075,37.5946027577619
"484","ENSG00000133019","chr1","Lamina",239963301,240063300,"CHRM3",45.880541330075,37.5946027577619
"485","ENSG00000133019","chr1","Lamina",240063301,240163300,"CHRM3",45.880541330075,37.5946027577619
"486","ENSG00000133083","chr13","Near_Lm2",36274138,36374137,"DCLK1",0,0
"487","ENSG00000133083","chr13","Near_Lm2",36374138,36474137,"DCLK1",0,0
"488","ENSG00000133083","chr13","Near_Lm2",36474138,36574137,"DCLK1",0,0
"489","ENSG00000133083","chr13","Near_Lm2",36574138,36674137,"DCLK1",0,0
"490","ENSG00000133083","chr13","Near_Lm2",36674138,36774137,"DCLK1",0,0
"491","ENSG00000133103","chr13","Near_Lm1",40174138,40274137,"COG6",3121.29496113767,2656.71006806757
"492","ENSG00000133103","chr13","Near_Lm1",40274138,40374137,"COG6",3121.29496113767,2656.71006806757
"493","ENSG00000133116","chr13","Near_Lm1",33604909,33674137,"KL",103.98505345449,187.633498862521
"494","ENSG00000133773","chr12","Lamina",82593780,82693779,"CCDC59",6853.8062846135,12449.6882557263
"495","ENSG00000133773","chr12","Lamina",82693780,82793779,"CCDC59",6853.8062846135,12449.6882557263
"496","ENSG00000133958","chr14","Near_Lm1",93766347,93866346,"UNC79",12.1510853644263,4.6081043888363
"497","ENSG00000133958","chr14","Near_Lm1",93866347,93966346,"UNC79",12.1510853644263,4.6081043888363
"498","ENSG00000133958","chr14","Near_Lm1",93966347,94066346,"UNC79",12.1510853644263,4.6081043888363
"499","ENSG00000133958","chr14","Near_Lm1",94066347,94166346,"UNC79",12.1510853644263,4.6081043888363
"500","ENSG00000133958","chr14","Near_Lm1",94166347,94266346,"UNC79",12.1510853644263,4.6081043888363
"501","ENSG00000134371","chr1","Near_Lm2",193069131,193169130,"CDC73",7048.91479059331,7353.82856416269
"502","ENSG00000134371","chr1","Near_Lm2",193169131,193269130,"CDC73",7048.91479059331,7353.82856416269
"503","ENSG00000135077","chr5","Near_Lm2",156427012,156527011,"HAVCR2",1015.37241344743,4982.83640857549
"504","ENSG00000135077","chr5","Near_Lm2",156527012,156627011,"HAVCR2",1015.37241344743,4982.83640857549
"505","ENSG00000135655","chr12","Near_Lm2",62593782,62693781,"USP15",14377.5731018305,14388.231009666
"506","ENSG00000135655","chr12","Interior_Act3",62693782,62779877,"USP15",14377.5731018305,14388.231009666
"507","ENSG00000135655","chr12","Interior_Act3",62793781,62893780,"USP15",14377.5731018305,14388.231009666
"508","ENSG00000135903","chr2","Lamina",222964720,223064719,"PAX3",2.06165491979665,0
"509","ENSG00000135903","chr2","Lamina",223064720,223164719,"PAX3",2.06165491979665,0
"510","ENSG00000136273","chr7","Near_Lm1",47639599,47739598,"HUS1",6158.46201479187,5686.57097466462
"511","ENSG00000136273","chr7","Near_Lm1",47739599,47839598,"HUS1",6158.46201479187,5686.57097466462
"512","ENSG00000136273","chr7","Near_Lm1",47839599,47931957,"HUS1",6158.46201479187,5686.57097466462
"513","ENSG00000136273","chr7","Near_Lm1",47939598,48039597,"HUS1",6158.46201479187,5686.57097466462
"514","ENSG00000136531","chr2","Lamina",166056511,166156510,"SCN2A",4.02098453423801,2.66894866571476
"515","ENSG00000136531","chr2","Lamina",166156511,166256510,"SCN2A",4.02098453423801,2.66894866571476
"516","ENSG00000136770","chr10","Interior_Act3",21988930,22088929,"DNAJC1",4285.40111407543,5406.33273544201
"517","ENSG00000136770","chr10","Interior_Act3",22088930,22188929,"DNAJC1",4285.40111407543,5406.33273544201
"518","ENSG00000136770","chr10","Interior_Act3",22188930,22288929,"DNAJC1",4285.40111407543,5406.33273544201
"519","ENSG00000136770","chr10","Interior_Act3",22288930,22388929,"DNAJC1",4285.40111407543,5406.33273544201
"520","ENSG00000137038","chr9","Lamina",7700001,7800000,"TMEM261",10505.7192779566,11747.1188794789
"521","ENSG00000137038","chr9","Lamina",7800001,7900000,"TMEM261",10505.7192779566,11747.1188794789
"522","ENSG00000137634","chr11","Near_Lm2",114370723,114470722,"NXPE4",24.9570249723761,0
"523","ENSG00000137673","chr11","Near_Lm2",102370732,102470731,"MMP7",0,16.3883775642075
"524","ENSG00000137767","chr15","Near_Lm2",45892199,45992198,"SQRDL",3881.15784815573,14892.9827180978
"525","ENSG00000137872","chr15","Near_Lm2",47436725,47492197,"SEMA6D",0,0
"526","ENSG00000137872","chr15","Near_Lm2",47492198,47592197,"SEMA6D",0,0
"527","ENSG00000137872","chr15","Near_Lm2",47592198,47692197,"SEMA6D",0,0
"528","ENSG00000137872","chr15","Near_Lm2",47692198,47792197,"SEMA6D",0,0
"529","ENSG00000137872","chr15","Near_Lm2",47792198,47892197,"SEMA6D",0,0
"530","ENSG00000137872","chr15","Near_Lm2",47892198,47992197,"SEMA6D",0,0
"531","ENSG00000137872","chr15","Near_Lm2",47992198,48092197,"SEMA6D",0,0
"532","ENSG00000137944","chr1","Near_Lm2",89365684,89465683,"CCBL2",6908.27812231508,14573.835994241
"533","ENSG00000138109","chr10","Interior_Repr1",96659758,96759757,"CYP2C9",0,3.76035044470064
"534","ENSG00000138378","chr2","Near_Lm2",191864727,191964726,"STAT4",21995.7550832842,10775.4301899749
"535","ENSG00000138378","chr2","Near_Lm2",191964727,192064726,"STAT4",21995.7550832842,10775.4301899749
"536","ENSG00000138411","chr2","Near_Lm2",196964725,197064724,"HECW2",39.0477358030307,186.300889553741
"537","ENSG00000138411","chr2","Interior_Act3",197064725,197164724,"HECW2",39.0477358030307,186.300889553741
"538","ENSG00000138411","chr2","Interior_Act3",197164725,197264724,"HECW2",39.0477358030307,186.300889553741
"539","ENSG00000138411","chr2","Interior_Act3",197264725,197364724,"HECW2",39.0477358030307,186.300889553741
"540","ENSG00000138411","chr2","Interior_Act3",197364725,197464724,"HECW2",39.0477358030307,186.300889553741
"541","ENSG00000138587","chr15","Near_Lm1",56692199,56792198,"MNS1",98.6707153679508,93.1832152713158
"542","ENSG00000138670","chr4","Near_Lm2",82321155,82421154,"RASGEF1B",1648.01293595574,160.42098039093
"543","ENSG00000138670","chr4","Near_Lm1",82421155,82521154,"RASGEF1B",1648.01293595574,160.42098039093
"544","ENSG00000138670","chr4","Near_Lm1",82521155,82621154,"RASGEF1B",1648.01293595574,160.42098039093
"545","ENSG00000138670","chr4","Near_Lm1",82621155,82711402,"RASGEF1B",1648.01293595574,160.42098039093
"546","ENSG00000138670","chr4","Near_Lm1",82721154,82821153,"RASGEF1B",1648.01293595574,160.42098039093
"547","ENSG00000138670","chr4","Near_Lm1",82821154,82921153,"RASGEF1B",1648.01293595574,160.42098039093
"548","ENSG00000138670","chr4","Near_Lm1",82921154,83021153,"RASGEF1B",1648.01293595574,160.42098039093
"549","ENSG00000138678","chr4","Interior_Act3",84421154,84521153,"AGPAT9",1608.81412611384,1506.20148773114
"550","ENSG00000138678","chr4","Near_Lm2",84521154,84621153,"AGPAT9",1608.81412611384,1506.20148773114
"551","ENSG00000138709","chr4","Interior_Act3",128921156,129021155,"LARP1B",1884.98759765287,4490.01470156647
"552","ENSG00000138709","chr4","Interior_Act3",129021156,129121155,"LARP1B",1884.98759765287,4490.01470156647
"553","ENSG00000138709","chr4","Interior_Act3",129121156,129221155,"LARP1B",1884.98759765287,4490.01470156647
"554","ENSG00000138738","chr4","Lamina",121521156,121621155,"PRDM5",63.1052013122556,13.1200118290802
"555","ENSG00000138738","chr4","Lamina",121621156,121721155,"PRDM5",63.1052013122556,13.1200118290802
"556","ENSG00000138738","chr4","Lamina",121721156,121821155,"PRDM5",63.1052013122556,13.1200118290802
"557","ENSG00000138738","chr4","Lamina",121821156,121921155,"PRDM5",63.1052013122556,13.1200118290802
"558","ENSG00000138829","chr5","Near_Lm2",127535693,127635692,"FBN2",1.71528822093787,0
"559","ENSG00000138829","chr5","Lamina",127635693,127693561,"FBN2",1.71528822093787,0
"560","ENSG00000138829","chr5","Lamina",127735694,127835693,"FBN2",1.71528822093787,0
"561","ENSG00000138829","chr5","Lamina",127835694,127935693,"FBN2",1.71528822093787,0
"562","ENSG00000138829","chr5","Lamina",127935694,128035693,"FBN2",1.71528822093787,0
"563","ENSG00000139144","chr12","Lamina",18352935,18452934,"PIK3C2G",0,0
"564","ENSG00000139144","chr12","Near_Lm2",18452935,18552934,"PIK3C2G",0,0
"565","ENSG00000139144","chr12","Near_Lm2",18552935,18652934,"PIK3C2G",0,0
"566","ENSG00000139144","chr12","Near_Lm2",18652935,18752934,"PIK3C2G",0,0
"567","ENSG00000139144","chr12","Near_Lm2",18752935,18852934,"PIK3C2G",0,0
"568","ENSG00000139154","chr12","Near_Lm2",19552935,19652934,"AEBP2",5546.70113211497,8192.18649845344
"569","ENSG00000139154","chr12","Near_Lm2",19652935,19752934,"AEBP2",5546.70113211497,8192.18649845344
"570","ENSG00000139154","chr12","Near_Lm2",19752935,19852934,"AEBP2",5546.70113211497,8192.18649845344
"571","ENSG00000139154","chr12","Near_Lm2",19852935,19952934,"AEBP2",5546.70113211497,8192.18649845344
"572","ENSG00000139174","chr12","Interior_Act3",42793803,42893802,"PRICKLE1",88.5197852097556,13.6511612611503
"573","ENSG00000139174","chr12","Near_Lm2",42893803,42993802,"PRICKLE1",88.5197852097556,13.6511612611503
"574","ENSG00000139220","chr12","Lamina",81593780,81693779,"PPFIA2",0,0
"575","ENSG00000139220","chr12","Lamina",81693780,81793779,"PPFIA2",0,0
"576","ENSG00000139220","chr12","Lamina",81793780,81893779,"PPFIA2",0,0
"577","ENSG00000139220","chr12","Lamina",81893780,81993779,"PPFIA2",0,0
"578","ENSG00000139220","chr12","Lamina",81993780,82093779,"PPFIA2",0,0
"579","ENSG00000139220","chr12","Lamina",82093780,82193779,"PPFIA2",0,0
"580","ENSG00000139734","chr13","Near_Lm2",60174135,60274134,"DIAPH3",43.3033094639,9135.18936066904
"581","ENSG00000139734","chr13","Near_Lm2",60274135,60374134,"DIAPH3",43.3033094639,9135.18936066904
"582","ENSG00000139734","chr13","Near_Lm2",60374135,60474134,"DIAPH3",43.3033094639,9135.18936066904
"583","ENSG00000139734","chr13","Near_Lm2",60474135,60574134,"DIAPH3",43.3033094639,9135.18936066904
"584","ENSG00000139734","chr13","Near_Lm2",60574135,60674134,"DIAPH3",43.3033094639,9135.18936066904
"585","ENSG00000139734","chr13","Interior_Act3",60674135,60774134,"DIAPH3",43.3033094639,9135.18936066904
"586","ENSG00000139865","chr14","Near_Lm2",37969206,38069205,"TTC6",0,0
"587","ENSG00000139865","chr14","Near_Lm2",38069206,38169205,"TTC6",0,0
"588","ENSG00000139865","chr14","Near_Lm2",38169206,38269205,"TTC6",0,0
"589","ENSG00000139865","chr14","Near_Lm2",38269206,38369205,"TTC6",0,0
"590","ENSG00000139865","chr14","Lamina",38369206,38469205,"TTC6",0,0
"591","ENSG00000139865","chr14","Lamina",38469206,38569205,"TTC6",0,0
"592","ENSG00000139970","chr14","Near_Lm2",59966719,60066718,"RTN1",10.7172960930981,6.74310652940076
"593","ENSG00000139970","chr14","Near_Lm2",60066719,60166718,"RTN1",10.7172960930981,6.74310652940076
"594","ENSG00000139970","chr14","Near_Lm2",60166719,60266718,"RTN1",10.7172960930981,6.74310652940076
"595","ENSG00000139970","chr14","Near_Lm2",60266719,60366718,"RTN1",10.7172960930981,6.74310652940076
"596","ENSG00000140015","chr14","Lamina",63166719,63266718,"KCNH5",0,0
"597","ENSG00000140015","chr14","Lamina",63266719,63366718,"KCNH5",0,0
"598","ENSG00000140015","chr14","Lamina",63366719,63466718,"KCNH5",0,0
"599","ENSG00000140015","chr14","Near_Lm2",63466719,63566718,"KCNH5",0,0
"600","ENSG00000140015","chr14","Near_Lm2",63566719,63666718,"KCNH5",0,0
"601","ENSG00000140563","chr15","Lamina",94743230,94843229,"MCTP2",1781.91667502064,1436.51945303773
"602","ENSG00000140563","chr15","Lamina",94843230,94943229,"MCTP2",1781.91667502064,1436.51945303773
"603","ENSG00000140563","chr15","Lamina",94943230,95043229,"MCTP2",1781.91667502064,1436.51945303773
"604","ENSG00000140600","chr15","Interior_Repr1",84068753,84168752,"SH3GL3",0,6.22479162073288
"605","ENSG00000140600","chr15","Interior_Repr1",84168753,84268752,"SH3GL3",0,6.22479162073288
"606","ENSG00000140600","chr15","Interior_Repr1",84268753,84368752,"SH3GL3",0,6.22479162073288
"607","ENSG00000141447","chr18","Near_Lm1",21679965,21779964,"OSBPL1A",348.934854380173,206.00426882982
"608","ENSG00000141447","chr18","Near_Lm1",21779965,21879964,"OSBPL1A",348.934854380173,206.00426882982
"609","ENSG00000141447","chr18","Near_Lm1",21879965,21979964,"OSBPL1A",348.934854380173,206.00426882982
"610","ENSG00000141449","chr18","Near_Lm1",18779962,18879961,"GREB1L",361.740758166366,56.5982136546708
"611","ENSG00000141449","chr18","Near_Lm1",18879962,18979961,"GREB1L",361.740758166366,56.5982136546708
"612","ENSG00000141449","chr18","Near_Lm1",18979962,19079961,"GREB1L",361.740758166366,56.5982136546708
"613","ENSG00000141449","chr18","Near_Lm1",19079962,19179961,"GREB1L",361.740758166366,56.5982136546708
"614","ENSG00000142065","chr19","Interior_Repr1",36790903,36890902,"ZFP14",6562.87146491396,935.991369363993
"615","ENSG00000142698","chr1","Interior_Repr1",34565602,34665601,"C1orf94",0,0
"616","ENSG00000142698","chr1","Interior_Repr1",34665602,34765601,"C1orf94",0,0
"617","ENSG00000142875","chr1","Near_Lm2",84465684,84565683,"PRKACB",29300.5161958606,10488.5683046238
"618","ENSG00000142875","chr1","Near_Lm2",84565684,84665683,"PRKACB",29300.5161958606,10488.5683046238
"619","ENSG00000142875","chr1","Near_Lm2",84665684,84765683,"PRKACB",29300.5161958606,10488.5683046238
"620","ENSG00000143473","chr1","Near_Lm2",210873343,210973342,"KCNH1",30.4155092992271,0
"621","ENSG00000143473","chr1","Near_Lm2",210973343,211073342,"KCNH1",30.4155092992271,0
"622","ENSG00000143473","chr1","Near_Lm2",211073343,211173342,"KCNH1",30.4155092992271,0
"623","ENSG00000143473","chr1","Near_Lm2",211173343,211273342,"KCNH1",30.4155092992271,0
"624","ENSG00000143473","chr1","Near_Lm2",211273343,211373342,"KCNH1",30.4155092992271,0
"625","ENSG00000143507","chr1","Near_Lm2",221873343,221973342,"DUSP10",1229.98920898766,5379.98839410209
"626","ENSG00000144036","chr2","Near_Lm1",72341598,72427129,"EXOC6B",1633.68862407652,723.078413699937
"627","ENSG00000144036","chr2","Near_Lm1",72427130,72527129,"EXOC6B",1633.68862407652,723.078413699937
"628","ENSG00000144036","chr2","Near_Lm1",72527130,72627129,"EXOC6B",1633.68862407652,723.078413699937
"629","ENSG00000144036","chr2","Near_Lm1",72627130,72727129,"EXOC6B",1633.68862407652,723.078413699937
"630","ENSG00000144036","chr2","Near_Lm1",72727130,72827129,"EXOC6B",1633.68862407652,723.078413699937
"631","ENSG00000144036","chr2","Near_Lm1",72827130,72927129,"EXOC6B",1633.68862407652,723.078413699937
"632","ENSG00000144036","chr2","Near_Lm1",72927130,73027129,"EXOC6B",1633.68862407652,723.078413699937
"633","ENSG00000144036","chr2","Near_Lm1",73027130,73127129,"EXOC6B",1633.68862407652,723.078413699937
"634","ENSG00000144214","chr2","Interior_Repr2",99816464,99916463,"LYG1",1779.69416376038,329.263340598114
"635","ENSG00000144214","chr2","Interior_Repr2",99916464,100016463,"LYG1",1779.69416376038,329.263340598114
"636","ENSG00000144229","chr2","Lamina",137457571,137557570,"THSD7B",1.9348264004848,1.68832060782478
"637","ENSG00000144229","chr2","Lamina",137557571,137657570,"THSD7B",1.9348264004848,1.68832060782478
"638","ENSG00000144229","chr2","Lamina",137657571,137757570,"THSD7B",1.9348264004848,1.68832060782478
"639","ENSG00000144229","chr2","Lamina",137757571,137857570,"THSD7B",1.9348264004848,1.68832060782478
"640","ENSG00000144229","chr2","Lamina",137857571,137957570,"THSD7B",1.9348264004848,1.68832060782478
"641","ENSG00000144229","chr2","Lamina",137957571,138057570,"THSD7B",1.9348264004848,1.68832060782478
"642","ENSG00000144229","chr2","Lamina",138057571,138157570,"THSD7B",1.9348264004848,1.68832060782478
"643","ENSG00000144229","chr2","Lamina",138157571,138257570,"THSD7B",1.9348264004848,1.68832060782478
"644","ENSG00000144229","chr2","Lamina",138257571,138357570,"THSD7B",1.9348264004848,1.68832060782478
"645","ENSG00000144229","chr2","Lamina",138357571,138457570,"THSD7B",1.9348264004848,1.68832060782478
"646","ENSG00000144278","chr2","Lamina",154656514,154756513,"GALNT13",2.3395408509657,23.0613964597743
"647","ENSG00000144278","chr2","Lamina",154756514,154856513,"GALNT13",2.3395408509657,23.0613964597743
"648","ENSG00000144278","chr2","Lamina",154856514,154956513,"GALNT13",2.3395408509657,23.0613964597743
"649","ENSG00000144278","chr2","Lamina",154956514,155056513,"GALNT13",2.3395408509657,23.0613964597743
"650","ENSG00000144278","chr2","Lamina",155056514,155156513,"GALNT13",2.3395408509657,23.0613964597743
"651","ENSG00000144278","chr2","Lamina",155166416,155256512,"GALNT13",2.3395408509657,23.0613964597743
"652","ENSG00000144278","chr2","Lamina",155256513,155356512,"GALNT13",2.3395408509657,23.0613964597743
"653","ENSG00000144283","chr2","Interior_Act3",159256513,159356512,"PKP4",3401.6588985723,4735.0335380798
"654","ENSG00000144283","chr2","Interior_Act3",159356513,159456512,"PKP4",3401.6588985723,4735.0335380798
"655","ENSG00000144283","chr2","Interior_Act3",159456513,159556512,"PKP4",3401.6588985723,4735.0335380798
"656","ENSG00000144290","chr2","Near_Lm2",162256512,162356511,"SLC4A10",198.698921016201,354.576954403562
"657","ENSG00000144290","chr2","Near_Lm2",162365239,162456510,"SLC4A10",198.698921016201,354.576954403562
"658","ENSG00000144290","chr2","Lamina",162456511,162556510,"SLC4A10",198.698921016201,354.576954403562
"659","ENSG00000144290","chr2","Lamina",162556511,162656510,"SLC4A10",198.698921016201,354.576954403562
"660","ENSG00000144290","chr2","Lamina",162656511,162756510,"SLC4A10",198.698921016201,354.576954403562
"661","ENSG00000144290","chr2","Lamina",162756511,162856510,"SLC4A10",198.698921016201,354.576954403562
"662","ENSG00000144724","chr3","Near_Lm1",61485675,61585674,"PTPRG",8.59294865465121,10.7071201231143
"663","ENSG00000144724","chr3","Near_Lm1",61585675,61685674,"PTPRG",8.59294865465121,10.7071201231143
"664","ENSG00000144724","chr3","Near_Lm1",61685675,61785674,"PTPRG",8.59294865465121,10.7071201231143
"665","ENSG00000144724","chr3","Near_Lm1",61785675,61885674,"PTPRG",8.59294865465121,10.7071201231143
"666","ENSG00000144724","chr3","Near_Lm1",61885675,61985674,"PTPRG",8.59294865465121,10.7071201231143
"667","ENSG00000144724","chr3","Near_Lm1",61985675,62085674,"PTPRG",8.59294865465121,10.7071201231143
"668","ENSG00000144724","chr3","Near_Lm1",62085675,62185674,"PTPRG",8.59294865465121,10.7071201231143
"669","ENSG00000144724","chr3","Near_Lm1",62233576,62285675,"PTPRG",8.59294865465121,10.7071201231143
"670","ENSG00000145012","chr3","Near_Lm2",187817789,187917788,"LPP",1075.41108538446,1248.51293547143
"671","ENSG00000145012","chr3","Near_Lm2",187917789,188017788,"LPP",1075.41108538446,1248.51293547143
"672","ENSG00000145012","chr3","Near_Lm2",188017789,188117788,"LPP",1075.41108538446,1248.51293547143
"673","ENSG00000145012","chr3","Near_Lm2",188117789,188217788,"LPP",1075.41108538446,1248.51293547143
"674","ENSG00000145012","chr3","Lamina",188217789,188317788,"LPP",1075.41108538446,1248.51293547143
"675","ENSG00000145012","chr3","Lamina",188317789,188417788,"LPP",1075.41108538446,1248.51293547143
"676","ENSG00000145012","chr3","Lamina",188417789,188517788,"LPP",1075.41108538446,1248.51293547143
"677","ENSG00000145012","chr3","Lamina",188517789,188602080,"LPP",1075.41108538446,1248.51293547143
"678","ENSG00000145075","chr3","Lamina",180317789,180417788,"CCDC39",1746.09580198767,442.053069341084
"679","ENSG00000145075","chr3","Near_Lm2",180417789,180517788,"CCDC39",1746.09580198767,442.053069341084
"680","ENSG00000145075","chr3","Near_Lm2",180517789,180617788,"CCDC39",1746.09580198767,442.053069341084
"681","ENSG00000145216","chr4","Interior_Act3",54166168,54266167,"FIP1L1",5742.57424405564,9193.90075535368
"682","ENSG00000145216","chr4","Near_Lm1",54266168,54366167,"FIP1L1",5742.57424405564,9193.90075535368
"683","ENSG00000145216","chr4","Near_Lm1",54366168,54466167,"FIP1L1",5742.57424405564,9193.90075535368
"684","ENSG00000145216","chr4","Near_Lm1",54466168,54566167,"FIP1L1",5742.57424405564,9193.90075535368
"685","ENSG00000145216","chr4","Near_Lm1",54566168,54666167,"FIP1L1",5742.57424405564,9193.90075535368
"686","ENSG00000145216","chr4","Near_Lm1",54666168,54766167,"FIP1L1",5742.57424405564,9193.90075535368
"687","ENSG00000145216","chr4","Near_Lm1",54766168,54866167,"FIP1L1",5742.57424405564,9193.90075535368
"688","ENSG00000145216","chr4","Near_Lm1",54866168,54966167,"FIP1L1",5742.57424405564,9193.90075535368
"689","ENSG00000145216","chr4","Near_Lm1",54966168,55066167,"FIP1L1",5742.57424405564,9193.90075535368
"690","ENSG00000145216","chr4","Near_Lm1",55066168,55166167,"FIP1L1",5742.57424405564,9193.90075535368
"691","ENSG00000145349","chr4","Lamina",114321157,114421156,"CAMK2D",7880.16611175237,9282.66166788833
"692","ENSG00000145349","chr4","Lamina",114421157,114521156,"CAMK2D",7880.16611175237,9282.66166788833
"693","ENSG00000145349","chr4","Lamina",114521157,114621156,"CAMK2D",7880.16611175237,9282.66166788833
"694","ENSG00000145349","chr4","Lamina",114621157,114721156,"CAMK2D",7880.16611175237,9282.66166788833
"695","ENSG00000145416","chr4","Near_Lm2",164421153,164521152,"MARCH1",1028.98621151792,515.49441563876
"696","ENSG00000145416","chr4","Near_Lm2",164521153,164621152,"MARCH1",1028.98621151792,515.49441563876
"697","ENSG00000145416","chr4","Lamina",164621153,164721152,"MARCH1",1028.98621151792,515.49441563876
"698","ENSG00000145416","chr4","Lamina",164721153,164821152,"MARCH1",1028.98621151792,515.49441563876
"699","ENSG00000145416","chr4","Lamina",164821153,164921152,"MARCH1",1028.98621151792,515.49441563876
"700","ENSG00000145416","chr4","Lamina",164921153,165021152,"MARCH1",1028.98621151792,515.49441563876
"701","ENSG00000145416","chr4","Lamina",165021153,165121152,"MARCH1",1028.98621151792,515.49441563876
"702","ENSG00000145416","chr4","Lamina",165121153,165221152,"MARCH1",1028.98621151792,515.49441563876
"703","ENSG00000145416","chr4","Lamina",165221153,165321152,"MARCH1",1028.98621151792,515.49441563876
"704","ENSG00000145526","chr5","Lamina",19400110,19500109,"CDH18",0,0
"705","ENSG00000145526","chr5","Lamina",19500110,19600109,"CDH18",0,0
"706","ENSG00000145526","chr5","Lamina",19600110,19700109,"CDH18",0,0
"707","ENSG00000145526","chr5","Lamina",19700110,19800109,"CDH18",0,0
"708","ENSG00000145526","chr5","Lamina",19800110,19900109,"CDH18",0,0
"709","ENSG00000145526","chr5","Lamina",19900110,20000109,"CDH18",0,0
"710","ENSG00000145526","chr5","Lamina",20000110,20100109,"CDH18",0,0
"711","ENSG00000145526","chr5","Lamina",20100110,20200109,"CDH18",0,0
"712","ENSG00000145526","chr5","Lamina",20200110,20300109,"CDH18",0,0
"713","ENSG00000145526","chr5","Lamina",20300110,20400109,"CDH18",0,0
"714","ENSG00000145526","chr5","Lamina",20400110,20500109,"CDH18",0,0
"715","ENSG00000145526","chr5","Lamina",20500110,20600109,"CDH18",0,0
"716","ENSG00000145555","chr5","Near_Lm1",16600110,16700109,"MYO10",34.131216375672,51.2018356015791
"717","ENSG00000145555","chr5","Near_Lm1",16700110,16800109,"MYO10",34.131216375672,51.2018356015791
"718","ENSG00000145555","chr5","Near_Lm1",16800110,16900109,"MYO10",34.131216375672,51.2018356015791
"719","ENSG00000145555","chr5","Near_Lm1",16900110,17000109,"MYO10",34.131216375672,51.2018356015791
"720","ENSG00000145850","chr5","Near_Lm2",156327012,156427011,"TIMD4",2251.34695578904,2635.89397834482
"721","ENSG00000145934","chr5","Lamina",166627006,166727005,"TENM2",1.4531192147591,1.25457228864665
"722","ENSG00000145934","chr5","Lamina",166727006,166827005,"TENM2",1.4531192147591,1.25457228864665
"723","ENSG00000145934","chr5","Lamina",166827006,166927005,"TENM2",1.4531192147591,1.25457228864665
"724","ENSG00000145934","chr5","Lamina",166927006,167027005,"TENM2",1.4531192147591,1.25457228864665
"725","ENSG00000145934","chr5","Lamina",167027006,167127005,"TENM2",1.4531192147591,1.25457228864665
"726","ENSG00000145934","chr5","Lamina",167127006,167227005,"TENM2",1.4531192147591,1.25457228864665
"727","ENSG00000145934","chr5","Lamina",167227006,167327005,"TENM2",1.4531192147591,1.25457228864665
"728","ENSG00000145934","chr5","Near_Lm2",167327006,167427005,"TENM2",1.4531192147591,1.25457228864665
"729","ENSG00000145934","chr5","Near_Lm2",167427006,167527005,"TENM2",1.4531192147591,1.25457228864665
"730","ENSG00000145934","chr5","Near_Lm2",167527006,167627005,"TENM2",1.4531192147591,1.25457228864665
"731","ENSG00000145934","chr5","Near_Lm2",167627006,167727005,"TENM2",1.4531192147591,1.25457228864665
"732","ENSG00000145996","chr6","Interior_Act3",20500232,20600231,"CDKAL1",5365.35535687564,7534.45318143968
"733","ENSG00000145996","chr6","Interior_Act3",20600232,20700231,"CDKAL1",5365.35535687564,7534.45318143968
"734","ENSG00000145996","chr6","Interior_Act3",20700232,20800231,"CDKAL1",5365.35535687564,7534.45318143968
"735","ENSG00000145996","chr6","Interior_Act3",20800232,20900231,"CDKAL1",5365.35535687564,7534.45318143968
"736","ENSG00000145996","chr6","Interior_Act3",20900232,21000231,"CDKAL1",5365.35535687564,7534.45318143968
"737","ENSG00000145996","chr6","Interior_Act3",21000232,21100231,"CDKAL1",5365.35535687564,7534.45318143968
"738","ENSG00000145996","chr6","Interior_Act3",21100232,21200231,"CDKAL1",5365.35535687564,7534.45318143968
"739","ENSG00000145996","chr6","Interior_Act3",21200232,21300231,"CDKAL1",5365.35535687564,7534.45318143968
"740","ENSG00000146555","chr7","Interior_Repr1",3339633,3439632,"SDK1",22.9346668912315,38.9354839308063
"741","ENSG00000146555","chr7","Interior_Repr1",3439633,3539632,"SDK1",22.9346668912315,38.9354839308063
"742","ENSG00000146555","chr7","Interior_Repr1",3539633,3639632,"SDK1",22.9346668912315,38.9354839308063
"743","ENSG00000146555","chr7","Interior_Repr1",3639633,3739632,"SDK1",22.9346668912315,38.9354839308063
"744","ENSG00000146555","chr7","Interior_Repr1",3739633,3839632,"SDK1",22.9346668912315,38.9354839308063
"745","ENSG00000146555","chr7","Interior_Repr2",3839633,3939632,"SDK1",22.9346668912315,38.9354839308063
"746","ENSG00000146555","chr7","Interior_Repr2",3939633,4039632,"SDK1",22.9346668912315,38.9354839308063
"747","ENSG00000146555","chr7","Interior_Repr2",4039633,4139632,"SDK1",22.9346668912315,38.9354839308063
"748","ENSG00000146555","chr7","Interior_Repr2",4139633,4239632,"SDK1",22.9346668912315,38.9354839308063
"749","ENSG00000146555","chr7","Interior_Repr2",4239633,4338179,"SDK1",22.9346668912315,38.9354839308063
"750","ENSG00000146859","chr7","Near_Lm2",134784753,134884752,"TMEM140",7778.7695826651,6190.31246631772
"751","ENSG00000146938","chrX","Lamina",5718042,5818041,"NLGN4X",7.2668612142881,10.5668537160247
"752","ENSG00000146938","chrX","Lamina",5818042,5918041,"NLGN4X",7.2668612142881,10.5668537160247
"753","ENSG00000146938","chrX","Lamina",5918042,6018041,"NLGN4X",7.2668612142881,10.5668537160247
"754","ENSG00000146938","chrX","Lamina",6018042,6118041,"NLGN4X",7.2668612142881,10.5668537160247
"755","ENSG00000146938","chrX","Lamina",6118042,6218041,"NLGN4X",7.2668612142881,10.5668537160247
"756","ENSG00000147257","chrX","Near_Lm1",132634029,132734028,"GPC3",38.4045008823163,72.3843477465372
"757","ENSG00000147257","chrX","Near_Lm1",132734029,132834028,"GPC3",38.4045008823163,72.3843477465372
"758","ENSG00000147257","chrX","Near_Lm1",132877297,132934027,"GPC3",38.4045008823163,72.3843477465372
"759","ENSG00000147257","chrX","Near_Lm1",132934028,133034027,"GPC3",38.4045008823163,72.3843477465372
"760","ENSG00000147257","chrX","Near_Lm1",133034028,133134027,"GPC3",38.4045008823163,72.3843477465372
"761","ENSG00000147614","chr8","Interior_Act3",86912230,87012229,"ATP6V0D2",0,3.79283187711334
"762","ENSG00000147614","chr8","Near_Lm2",87012230,87112229,"ATP6V0D2",0,3.79283187711334
"763","ENSG00000147614","chr8","Near_Lm2",87112230,87212229,"ATP6V0D2",0,3.79283187711334
"764","ENSG00000147655","chr8","Lamina",108812229,108912228,"RSPO2",0,2.74962041187648
"765","ENSG00000147655","chr8","Lamina",108912229,109012228,"RSPO2",0,2.74962041187648
"766","ENSG00000147655","chr8","Lamina",109012229,109112228,"RSPO2",0,2.74962041187648
"767","ENSG00000147697","chr8","Interior_Act3",130712247,130812246,"GSDMC",0,0
"768","ENSG00000148481","chr10","Near_Lm1",15742000,15841999,"FAM188A",7611.8321733286,4715.3917165032
"769","ENSG00000148481","chr10","Near_Lm1",15842000,15941999,"FAM188A",7611.8321733286,4715.3917165032
"770","ENSG00000148482","chr10","Near_Lm1",18188930,18288929,"SLC39A12",0,0
"771","ENSG00000148482","chr10","Near_Lm1",18288930,18388929,"SLC39A12",0,0
"772","ENSG00000148484","chr10","Near_Lm1",16542000,16641999,"RSU1",7894.07351485472,10562.7515090933
"773","ENSG00000148484","chr10","Near_Lm1",16642000,16741999,"RSU1",7894.07351485472,10562.7515090933
"774","ENSG00000148484","chr10","Near_Lm1",16742000,16841999,"RSU1",7894.07351485472,10562.7515090933
"775","ENSG00000148484","chr10","Near_Lm1",16842000,16941999,"RSU1",7894.07351485472,10562.7515090933
"776","ENSG00000150054","chr10","Near_Lm1",28288930,28388929,"MPP7",6925.18972155812,3291.49481501483
"777","ENSG00000150054","chr10","Near_Lm1",28388930,28488929,"MPP7",6925.18972155812,3291.49481501483
"778","ENSG00000150054","chr10","Near_Lm1",28488930,28588929,"MPP7",6925.18972155812,3291.49481501483
"779","ENSG00000150054","chr10","Near_Lm1",28588930,28688929,"MPP7",6925.18972155812,3291.49481501483
"780","ENSG00000150275","chr10","Lamina",55559761,55659760,"PCDH15",1.01916258089773,0
"781","ENSG00000150275","chr10","Lamina",55659761,55759760,"PCDH15",1.01916258089773,0
"782","ENSG00000150275","chr10","Lamina",55759761,55859760,"PCDH15",1.01916258089773,0
"783","ENSG00000150275","chr10","Lamina",55859761,55959760,"PCDH15",1.01916258089773,0
"784","ENSG00000150275","chr10","Lamina",55959761,56059760,"PCDH15",1.01916258089773,0
"785","ENSG00000150275","chr10","Lamina",56059761,56159760,"PCDH15",1.01916258089773,0
"786","ENSG00000150275","chr10","Lamina",56159761,56259760,"PCDH15",1.01916258089773,0
"787","ENSG00000150275","chr10","Lamina",56259761,56359760,"PCDH15",1.01916258089773,0
"788","ENSG00000150275","chr10","Lamina",56359761,56459760,"PCDH15",1.01916258089773,0
"789","ENSG00000150275","chr10","Lamina",56459761,56559760,"PCDH15",1.01916258089773,0
"790","ENSG00000150275","chr10","Lamina",56559761,56659760,"PCDH15",1.01916258089773,0
"791","ENSG00000150275","chr10","Lamina",56659761,56759760,"PCDH15",1.01916258089773,0
"792","ENSG00000150275","chr10","Lamina",56759761,56859760,"PCDH15",1.01916258089773,0
"793","ENSG00000150275","chr10","Lamina",56859761,56959760,"PCDH15",1.01916258089773,0
"794","ENSG00000150275","chr10","Lamina",56959761,57059760,"PCDH15",1.01916258089773,0
"795","ENSG00000150275","chr10","Lamina",57059761,57159760,"PCDH15",1.01916258089773,0
"796","ENSG00000150275","chr10","Lamina",57159761,57259760,"PCDH15",1.01916258089773,0
"797","ENSG00000150275","chr10","Lamina",57259761,57359760,"PCDH15",1.01916258089773,0
"798","ENSG00000150275","chr10","Lamina",57359761,57459760,"PCDH15",1.01916258089773,0
"799","ENSG00000150394","chr16","Lamina",61633905,61733904,"CDH8",1.67306847242931,0
"800","ENSG00000150394","chr16","Lamina",61733905,61833904,"CDH8",1.67306847242931,0
"801","ENSG00000150394","chr16","Lamina",61833905,61933904,"CDH8",1.67306847242931,0
"802","ENSG00000150394","chr16","Lamina",61933905,62033904,"CDH8",1.67306847242931,0
"803","ENSG00000150394","chr16","Lamina",62033905,62133904,"CDH8",1.67306847242931,0
"804","ENSG00000150477","chr18","Near_Lm2",34379964,34479963,"KIAA1328",801.134131679279,502.122806083723
"805","ENSG00000150477","chr18","Near_Lm2",34479964,34579963,"KIAA1328",801.134131679279,502.122806083723
"806","ENSG00000150477","chr18","Near_Lm2",34579964,34679963,"KIAA1328",801.134131679279,502.122806083723
"807","ENSG00000150477","chr18","Near_Lm2",34679964,34779963,"KIAA1328",801.134131679279,502.122806083723
"808","ENSG00000150477","chr18","Near_Lm2",34779964,34879963,"KIAA1328",801.134131679279,502.122806083723
"809","ENSG00000150672","chr11","Near_Lm2",83111044,83211043,"DLG2",147.129248382833,38.1965245105244
"810","ENSG00000150672","chr11","Near_Lm2",83211044,83311043,"DLG2",147.129248382833,38.1965245105244
"811","ENSG00000150672","chr11","Lamina",83311044,83411043,"DLG2",147.129248382833,38.1965245105244
"812","ENSG00000150672","chr11","Lamina",83411044,83511043,"DLG2",147.129248382833,38.1965245105244
"813","ENSG00000150672","chr11","Lamina",83511044,83611043,"DLG2",147.129248382833,38.1965245105244
"814","ENSG00000150672","chr11","Lamina",83611044,83711043,"DLG2",147.129248382833,38.1965245105244
"815","ENSG00000150672","chr11","Lamina",83711044,83811043,"DLG2",147.129248382833,38.1965245105244
"816","ENSG00000150672","chr11","Lamina",83811044,83911043,"DLG2",147.129248382833,38.1965245105244
"817","ENSG00000150672","chr11","Lamina",83911044,84011043,"DLG2",147.129248382833,38.1965245105244
"818","ENSG00000150672","chr11","Lamina",84011044,84111043,"DLG2",147.129248382833,38.1965245105244
"819","ENSG00000150672","chr11","Lamina",84111044,84211043,"DLG2",147.129248382833,38.1965245105244
"820","ENSG00000150672","chr11","Lamina",84211044,84311043,"DLG2",147.129248382833,38.1965245105244
"821","ENSG00000150672","chr11","Lamina",84311044,84411043,"DLG2",147.129248382833,38.1965245105244
"822","ENSG00000150672","chr11","Lamina",84411044,84511043,"DLG2",147.129248382833,38.1965245105244
"823","ENSG00000150672","chr11","Lamina",84555376,84611044,"DLG2",147.129248382833,38.1965245105244
"824","ENSG00000150672","chr11","Lamina",84611045,84711044,"DLG2",147.129248382833,38.1965245105244
"825","ENSG00000150672","chr11","Lamina",84711045,84811044,"DLG2",147.129248382833,38.1965245105244
"826","ENSG00000150672","chr11","Lamina",84811045,84911044,"DLG2",147.129248382833,38.1965245105244
"827","ENSG00000150672","chr11","Lamina",84911045,85011044,"DLG2",147.129248382833,38.1965245105244
"828","ENSG00000150672","chr11","Lamina",85011045,85111044,"DLG2",147.129248382833,38.1965245105244
"829","ENSG00000150672","chr11","Lamina",85111045,85211044,"DLG2",147.129248382833,38.1965245105244
"830","ENSG00000150672","chr11","Near_Lm2",85211045,85311044,"DLG2",147.129248382833,38.1965245105244
"831","ENSG00000150672","chr11","Near_Lm2",85311045,85393700,"DLG2",147.129248382833,38.1965245105244
"832","ENSG00000150687","chr11","Interior_Act3",86411043,86511042,"PRSS23",139.316087373213,45.0778667670591
"833","ENSG00000150687","chr11","Interior_Act3",86511043,86611042,"PRSS23",139.316087373213,45.0778667670591
"834","ENSG00000150687","chr11","Interior_Act3",86611043,86711042,"PRSS23",139.316087373213,45.0778667670591
"835","ENSG00000151150","chr10","Interior_Act3",61759759,61859758,"ANK3",2240.51327935042,1275.17925966392
"836","ENSG00000151150","chr10","Interior_Act3",61859759,61959758,"ANK3",2240.51327935042,1275.17925966392
"837","ENSG00000151150","chr10","Interior_Act3",61959759,62059758,"ANK3",2240.51327935042,1275.17925966392
"838","ENSG00000151150","chr10","Near_Lm2",62059759,62159758,"ANK3",2240.51327935042,1275.17925966392
"839","ENSG00000151150","chr10","Near_Lm2",62159759,62259758,"ANK3",2240.51327935042,1275.17925966392
"840","ENSG00000151150","chr10","Near_Lm2",62259759,62359758,"ANK3",2240.51327935042,1275.17925966392
"841","ENSG00000151150","chr10","Near_Lm2",62359759,62459758,"ANK3",2240.51327935042,1275.17925966392
"842","ENSG00000151150","chr10","Near_Lm2",62459759,62559758,"ANK3",2240.51327935042,1275.17925966392
"843","ENSG00000151276","chr3","Near_Lm1",65285676,65385675,"MAGI1",0.561659488283601,4.18328757740603
"844","ENSG00000151276","chr3","Near_Lm1",65385676,65485675,"MAGI1",0.561659488283601,4.18328757740603
"845","ENSG00000151276","chr3","Interior_Act3",65485676,65585675,"MAGI1",0.561659488283601,4.18328757740603
"846","ENSG00000151276","chr3","Interior_Act3",65585676,65685675,"MAGI1",0.561659488283601,4.18328757740603
"847","ENSG00000151276","chr3","Near_Lm1",65685676,65785675,"MAGI1",0.561659488283601,4.18328757740603
"848","ENSG00000151276","chr3","Near_Lm1",65785676,65885675,"MAGI1",0.561659488283601,4.18328757740603
"849","ENSG00000151276","chr3","Near_Lm1",65885676,65985675,"MAGI1",0.561659488283601,4.18328757740603
"850","ENSG00000151276","chr3","Near_Lm1",65985676,66085675,"MAGI1",0.561659488283601,4.18328757740603
"851","ENSG00000151304","chr5","Near_Lm2",121235696,121335695,"SRFBP1",5155.06502348967,11771.8240829709
"852","ENSG00000151304","chr5","Near_Lm2",121335696,121435695,"SRFBP1",5155.06502348967,11771.8240829709
"853","ENSG00000151376","chr11","Interior_Act3",86111043,86211042,"ME3",811.526271090486,373.687408118132
"854","ENSG00000151376","chr11","Interior_Act3",86211043,86311042,"ME3",811.526271090486,373.687408118132
"855","ENSG00000151376","chr11","Interior_Act3",86311043,86411042,"ME3",811.526271090486,373.687408118132
"856","ENSG00000151575","chr15","Near_Lm1",56492199,56592198,"TEX9",116.061053789971,56.1829372682096
"857","ENSG00000151575","chr15","Near_Lm1",56592199,56692198,"TEX9",116.061053789971,56.1829372682096
"858","ENSG00000151575","chr15","Near_Lm1",56692199,56792198,"TEX9",116.061053789971,56.1829372682096
"859","ENSG00000151577","chr3","Near_Lm2",113818848,113918847,"DRD3",51.7722330367801,18.6602570888313
"860","ENSG00000151631","chr10","Interior_Repr1",4842193,4942192,"AKR1C6P",298.63514796635,48.9762563042677
"861","ENSG00000151914","chr6","Near_Lm2",56264799,56364798,"DST",569.322226166169,263.734564757925
"862","ENSG00000151914","chr6","Near_Lm2",56364799,56464798,"DST",569.322226166169,263.734564757925
"863","ENSG00000151914","chr6","Near_Lm2",56464799,56564798,"DST",569.322226166169,263.734564757925
"864","ENSG00000151914","chr6","Near_Lm2",56564799,56664798,"DST",569.322226166169,263.734564757925
"865","ENSG00000151914","chr6","Near_Lm2",56664799,56764798,"DST",569.322226166169,263.734564757925
"866","ENSG00000151914","chr6","Interior_Act3",56764799,56864798,"DST",569.322226166169,263.734564757925
"867","ENSG00000152049","chr2","Near_Lm2",223864719,223964718,"KCNE4",0,0
"868","ENSG00000152049","chr2","Near_Lm2",223964719,224064718,"KCNE4",0,0
"869","ENSG00000152061","chr1","Near_Lm1",174069139,174169138,"RABGAP1L",8156.2091634938,2381.93046539404
"870","ENSG00000152061","chr1","Near_Lm1",174169139,174269138,"RABGAP1L",8156.2091634938,2381.93046539404
"871","ENSG00000152061","chr1","Near_Lm1",174269139,174369138,"RABGAP1L",8156.2091634938,2381.93046539404
"872","ENSG00000152061","chr1","Near_Lm1",174369139,174469138,"RABGAP1L",8156.2091634938,2381.93046539404
"873","ENSG00000152061","chr1","Near_Lm1",174469139,174569138,"RABGAP1L",8156.2091634938,2381.93046539404
"874","ENSG00000152061","chr1","Near_Lm1",174569139,174669138,"RABGAP1L",8156.2091634938,2381.93046539404
"875","ENSG00000152061","chr1","Near_Lm1",174669139,174769138,"RABGAP1L",8156.2091634938,2381.93046539404
"876","ENSG00000152061","chr1","Near_Lm1",174769139,174853058,"RABGAP1L",8156.2091634938,2381.93046539404
"877","ENSG00000152061","chr1","Interior_Act3",174869138,174968530,"RABGAP1L",8156.2091634938,2381.93046539404
"878","ENSG00000152208","chr4","Lamina",93221152,93321151,"GRID2",0,0
"879","ENSG00000152208","chr4","Lamina",93321152,93421151,"GRID2",0,0
"880","ENSG00000152208","chr4","Lamina",93421152,93521151,"GRID2",0,0
"881","ENSG00000152208","chr4","Lamina",93521152,93621151,"GRID2",0,0
"882","ENSG00000152208","chr4","Lamina",93621152,93721151,"GRID2",0,0
"883","ENSG00000152208","chr4","Lamina",93721152,93821151,"GRID2",0,0
"884","ENSG00000152208","chr4","Lamina",93821152,93921151,"GRID2",0,0
"885","ENSG00000152208","chr4","Lamina",93921152,94021151,"GRID2",0,0
"886","ENSG00000152208","chr4","Lamina",94021152,94121151,"GRID2",0,0
"887","ENSG00000152208","chr4","Lamina",94121152,94221151,"GRID2",0,0
"888","ENSG00000152208","chr4","Lamina",94221152,94321151,"GRID2",0,0
"889","ENSG00000152208","chr4","Lamina",94321152,94421151,"GRID2",0,0
"890","ENSG00000152208","chr4","Lamina",94421152,94521151,"GRID2",0,0
"891","ENSG00000152208","chr4","Lamina",94521152,94621151,"GRID2",0,0
"892","ENSG00000152208","chr4","Lamina",94621152,94721151,"GRID2",0,0
"893","ENSG00000152253","chr2","Interior_Act3",169656511,169756510,"SPC25",30.5011163734208,5554.93453952719
"894","ENSG00000152253","chr2","Interior_Act3",169756511,169856510,"SPC25",30.5011163734208,5554.93453952719
"895","ENSG00000152254","chr2","Interior_Act3",169756511,169856510,"G6PC2",0,0
"896","ENSG00000152818","chr6","Near_Lm2",144546952,144621136,"UTRN",24729.2203668383,3103.73349925679
"897","ENSG00000152818","chr6","Near_Lm2",144621137,144721136,"UTRN",24729.2203668383,3103.73349925679
"898","ENSG00000152818","chr6","Near_Lm2",144721137,144821136,"UTRN",24729.2203668383,3103.73349925679
"899","ENSG00000152818","chr6","Near_Lm2",144821137,144921136,"UTRN",24729.2203668383,3103.73349925679
"900","ENSG00000152818","chr6","Near_Lm2",144921137,145021136,"UTRN",24729.2203668383,3103.73349925679
"901","ENSG00000152818","chr6","Lamina",145021137,145121136,"UTRN",24729.2203668383,3103.73349925679
"902","ENSG00000152818","chr6","Lamina",145121137,145221136,"UTRN",24729.2203668383,3103.73349925679
"903","ENSG00000152822","chr6","Near_Lm2",146321137,146421136,"GRM1",4.31065754287038,1.91066943024776
"904","ENSG00000152822","chr6","Lamina",146421137,146521136,"GRM1",4.31065754287038,1.91066943024776
"905","ENSG00000152822","chr6","Lamina",146521137,146621136,"GRM1",4.31065754287038,1.91066943024776
"906","ENSG00000152822","chr6","Lamina",146621137,146721136,"GRM1",4.31065754287038,1.91066943024776
"907","ENSG00000152822","chr6","Lamina",146721137,146821136,"GRM1",4.31065754287038,1.91066943024776
"908","ENSG00000152952","chr3","Lamina",145717788,145817787,"PLOD2",9.55863713079849,44.6029969766775
"909","ENSG00000152952","chr3","Lamina",145817788,145917787,"PLOD2",9.55863713079849,44.6029969766775
"910","ENSG00000152977","chr3","Near_Lm2",147017788,147117787,"ZIC1",0,0
"911","ENSG00000152977","chr3","Near_Lm2",147117788,147217787,"ZIC1",0,0
"912","ENSG00000152977","chr3","Lamina",147217788,147317787,"ZIC1",0,0
"913","ENSG00000153015","chr5","Near_Lm2",63995828,64095827,"CWC27",3224.62740092104,7725.79959577927
"914","ENSG00000153015","chr5","Near_Lm2",64095828,64195827,"CWC27",3224.62740092104,7725.79959577927
"915","ENSG00000153015","chr5","Near_Lm2",64195828,64295827,"CWC27",3224.62740092104,7725.79959577927
"916","ENSG00000153015","chr5","Near_Lm2",64295828,64395827,"CWC27",3224.62740092104,7725.79959577927
"917","ENSG00000153064","chr4","Lamina",102321158,102421157,"BANK1",976.67634924983,134.581746213347
"918","ENSG00000153064","chr4","Lamina",102421158,102521157,"BANK1",976.67634924983,134.581746213347
"919","ENSG00000153064","chr4","Lamina",102521158,102621157,"BANK1",976.67634924983,134.581746213347
"920","ENSG00000153064","chr4","Lamina",102621158,102721157,"BANK1",976.67634924983,134.581746213347
"921","ENSG00000153064","chr4","Lamina",102721158,102821157,"BANK1",976.67634924983,134.581746213347
"922","ENSG00000153064","chr4","Lamina",102821158,102921157,"BANK1",976.67634924983,134.581746213347
"923","ENSG00000153064","chr4","Lamina",102921158,103021157,"BANK1",976.67634924983,134.581746213347
"924","ENSG00000153113","chr5","Near_Lm2",95835705,95935704,"CAST",7012.87135528709,4283.02740970163
"925","ENSG00000153113","chr5","Near_Lm2",95935705,96035704,"CAST",7012.87135528709,4283.02740970163
"926","ENSG00000153113","chr5","Interior_Act3",96035705,96122776,"CAST",7012.87135528709,4283.02740970163
"927","ENSG00000153233","chr12","Interior_Act3",70993781,71093780,"PTPRR",1.27219915597804,0
"928","ENSG00000153233","chr12","Near_Lm2",71093781,71193780,"PTPRR",1.27219915597804,0
"929","ENSG00000153233","chr12","Near_Lm2",71193781,71293780,"PTPRR",1.27219915597804,0
"930","ENSG00000153233","chr12","Near_Lm2",71293781,71393780,"PTPRR",1.27219915597804,0
"931","ENSG00000153707","chr9","Lamina",8300001,8400000,"PTPRD",2.55726942228811,5.5484287924221
"932","ENSG00000153707","chr9","Lamina",8400001,8500000,"PTPRD",2.55726942228811,5.5484287924221
"933","ENSG00000153707","chr9","Lamina",8500001,8600000,"PTPRD",2.55726942228811,5.5484287924221
"934","ENSG00000153707","chr9","Lamina",8600001,8700000,"PTPRD",2.55726942228811,5.5484287924221
"935","ENSG00000153707","chr9","Lamina",8700001,8800000,"PTPRD",2.55726942228811,5.5484287924221
"936","ENSG00000153707","chr9","Lamina",8800001,8900000,"PTPRD",2.55726942228811,5.5484287924221
"937","ENSG00000153707","chr9","Lamina",8900001,9000000,"PTPRD",2.55726942228811,5.5484287924221
"938","ENSG00000153707","chr9","Lamina",9000001,9100000,"PTPRD",2.55726942228811,5.5484287924221
"939","ENSG00000153707","chr9","Lamina",9100001,9200000,"PTPRD",2.55726942228811,5.5484287924221
"940","ENSG00000153707","chr9","Lamina",9200001,9300000,"PTPRD",2.55726942228811,5.5484287924221
"941","ENSG00000153707","chr9","Lamina",9300001,9400000,"PTPRD",2.55726942228811,5.5484287924221
"942","ENSG00000153707","chr9","Lamina",9400001,9500000,"PTPRD",2.55726942228811,5.5484287924221
"943","ENSG00000153707","chr9","Lamina",9500001,9600000,"PTPRD",2.55726942228811,5.5484287924221
"944","ENSG00000153707","chr9","Lamina",9600001,9700000,"PTPRD",2.55726942228811,5.5484287924221
"945","ENSG00000153707","chr9","Lamina",9700001,9800000,"PTPRD",2.55726942228811,5.5484287924221
"946","ENSG00000153707","chr9","Lamina",9800001,9900000,"PTPRD",2.55726942228811,5.5484287924221
"947","ENSG00000153707","chr9","Lamina",9900001,10000000,"PTPRD",2.55726942228811,5.5484287924221
"948","ENSG00000153707","chr9","Lamina",10000001,10100000,"PTPRD",2.55726942228811,5.5484287924221
"949","ENSG00000153707","chr9","Lamina",10100001,10200000,"PTPRD",2.55726942228811,5.5484287924221
"950","ENSG00000153707","chr9","Lamina",10200001,10300000,"PTPRD",2.55726942228811,5.5484287924221
"951","ENSG00000153707","chr9","Lamina",10300001,10400000,"PTPRD",2.55726942228811,5.5484287924221
"952","ENSG00000153707","chr9","Lamina",10400001,10500000,"PTPRD",2.55726942228811,5.5484287924221
"953","ENSG00000153707","chr9","Lamina",10500001,10600000,"PTPRD",2.55726942228811,5.5484287924221
"954","ENSG00000153707","chr9","Lamina",10600001,10700000,"PTPRD",2.55726942228811,5.5484287924221
"955","ENSG00000153904","chr1","Near_Lm2",85765684,85865683,"DDAH1",14.6802902302073,13.4599197575487
"956","ENSG00000153904","chr1","Near_Lm2",85865684,85965683,"DDAH1",14.6802902302073,13.4599197575487
"957","ENSG00000153904","chr1","Near_Lm2",85965684,86065683,"DDAH1",14.6802902302073,13.4599197575487
"958","ENSG00000153956","chr7","Lamina",81529317,81629316,"CACNA2D1",0,0
"959","ENSG00000153956","chr7","Lamina",81629317,81729316,"CACNA2D1",0,0
"960","ENSG00000153956","chr7","Lamina",81729317,81829316,"CACNA2D1",0,0
"961","ENSG00000153956","chr7","Lamina",81829317,81929316,"CACNA2D1",0,0
"962","ENSG00000153956","chr7","Lamina",81929317,82029316,"CACNA2D1",0,0
"963","ENSG00000153956","chr7","Lamina",82029317,82129316,"CACNA2D1",0,0
"964","ENSG00000154027","chr1","Near_Lm2",77665686,77765685,"AK5",4522.29983490151,246.675920052065
"965","ENSG00000154027","chr1","Near_Lm2",77765686,77865685,"AK5",4522.29983490151,246.675920052065
"966","ENSG00000154027","chr1","Near_Lm2",77865686,77965685,"AK5",4522.29983490151,246.675920052065
"967","ENSG00000154027","chr1","Near_Lm2",77965686,78065685,"AK5",4522.29983490151,246.675920052065
"968","ENSG00000154143","chr11","Near_Lm2",124469897,124569896,"PANX3",17.5024543632485,0
"969","ENSG00000154162","chr5","Lamina",21700110,21800109,"CDH12",1.10351687922387,0
"970","ENSG00000154162","chr5","Lamina",21800110,21900109,"CDH12",1.10351687922387,0
"971","ENSG00000154162","chr5","Lamina",21900110,22000109,"CDH12",1.10351687922387,0
"972","ENSG00000154162","chr5","Lamina",22000110,22100109,"CDH12",1.10351687922387,0
"973","ENSG00000154162","chr5","Lamina",22100110,22200109,"CDH12",1.10351687922387,0
"974","ENSG00000154162","chr5","Lamina",22200110,22300109,"CDH12",1.10351687922387,0
"975","ENSG00000154162","chr5","Lamina",22300110,22400109,"CDH12",1.10351687922387,0
"976","ENSG00000154162","chr5","Lamina",22400110,22500109,"CDH12",1.10351687922387,0
"977","ENSG00000154162","chr5","Lamina",22500110,22600109,"CDH12",1.10351687922387,0
"978","ENSG00000154162","chr5","Lamina",22600110,22700109,"CDH12",1.10351687922387,0
"979","ENSG00000154162","chr5","Lamina",22700110,22800109,"CDH12",1.10351687922387,0
"980","ENSG00000154162","chr5","Lamina",22800110,22900109,"CDH12",1.10351687922387,0
"981","ENSG00000154274","chr4","Near_Lm2",37401623,37501622,"C4orf19",150.398033853321,45.5534064224191
"982","ENSG00000154274","chr4","Near_Lm2",37501623,37601622,"C4orf19",150.398033853321,45.5534064224191
"983","ENSG00000154274","chr4","Near_Lm1",37601623,37701622,"C4orf19",150.398033853321,45.5534064224191
"984","ENSG00000154447","chr4","Near_Lm2",169921152,170021151,"SH3RF1",16.5412736387058,195.555016278823
"985","ENSG00000154447","chr4","Near_Lm2",170021152,170121151,"SH3RF1",16.5412736387058,195.555016278823
"986","ENSG00000154447","chr4","Near_Lm2",170121152,170221151,"SH3RF1",16.5412736387058,195.555016278823
"987","ENSG00000154639","chr21","Near_Lm2",18872319,18972318,"CXADR",150.580288355321,108.514690084153
"988","ENSG00000154645","chr21","Near_Lm2",19272318,19372317,"CHODL",37.2739428981917,0
"989","ENSG00000154645","chr21","Lamina",19399222,19472318,"CHODL",37.2739428981917,0
"990","ENSG00000154645","chr21","Lamina",19499479,19572317,"CHODL",37.2739428981917,0
"991","ENSG00000154645","chr21","Lamina",19572318,19672317,"CHODL",37.2739428981917,0
"992","ENSG00000154975","chr17","Near_Lm2",49677362,49737804,"CA10",6.55653739854723,4.27755068333192
"993","ENSG00000154975","chr17","Near_Lm2",49777361,49877360,"CA10",6.55653739854723,4.27755068333192
"994","ENSG00000154975","chr17","Near_Lm2",49877361,49977360,"CA10",6.55653739854723,4.27755068333192
"995","ENSG00000154975","chr17","Near_Lm2",49977361,50077360,"CA10",6.55653739854723,4.27755068333192
"996","ENSG00000154975","chr17","Near_Lm2",50077361,50177360,"CA10",6.55653739854723,4.27755068333192
"997","ENSG00000154975","chr17","Near_Lm2",50177361,50277360,"CA10",6.55653739854723,4.27755068333192
"998","ENSG00000155052","chr2","Lamina",124757578,124857577,"CNTNAP5",1.75388307811566,0
"999","ENSG00000155052","chr2","Lamina",124857578,124957577,"CNTNAP5",1.75388307811566,0
"1000","ENSG00000155052","chr2","Lamina",124957578,125057577,"CNTNAP5",1.75388307811566,0
"1001","ENSG00000155052","chr2","Lamina",125057578,125157577,"CNTNAP5",1.75388307811566,0
"1002","ENSG00000155052","chr2","Lamina",125157578,125257577,"CNTNAP5",1.75388307811566,0
"1003","ENSG00000155052","chr2","Lamina",125257578,125357577,"CNTNAP5",1.75388307811566,0
"1004","ENSG00000155052","chr2","Lamina",125357578,125457577,"CNTNAP5",1.75388307811566,0
"1005","ENSG00000155052","chr2","Lamina",125457578,125557577,"CNTNAP5",1.75388307811566,0
"1006","ENSG00000155052","chr2","Lamina",125557578,125657577,"CNTNAP5",1.75388307811566,0
"1007","ENSG00000155052","chr2","Lamina",125657578,125757577,"CNTNAP5",1.75388307811566,0
"1008","ENSG00000155511","chr5","Lamina",152779561,152879560,"GRIA1",1.25087051380538,0
"1009","ENSG00000155511","chr5","Near_Lm2",152879561,152979560,"GRIA1",1.25087051380538,0
"1010","ENSG00000155511","chr5","Near_Lm2",152979561,153079560,"GRIA1",1.25087051380538,0
"1011","ENSG00000155511","chr5","Near_Lm2",153079561,153179560,"GRIA1",1.25087051380538,0
"1012","ENSG00000155511","chr5","Near_Lm2",153179561,153279560,"GRIA1",1.25087051380538,0
"1013","ENSG00000155636","chr2","Interior_Act3",178964728,179064727,"RBM45",4580.71276400488,4924.62398163036
"1014","ENSG00000155816","chr1","Lamina",240163301,240263300,"FMN2",0,0
"1015","ENSG00000155816","chr1","Lamina",240263301,240363300,"FMN2",0,0
"1016","ENSG00000155816","chr1","Lamina",240363301,240463300,"FMN2",0,0
"1017","ENSG00000155816","chr1","Lamina",240463301,240563300,"FMN2",0,0
"1018","ENSG00000155816","chr1","Lamina",240563301,240663300,"FMN2",0,0
"1019","ENSG00000155868","chr5","Near_Lm2",156527012,156627011,"MED7",6206.8765131679,6060.86769986624
"1020","ENSG00000155886","chr9","Near_Lm2",19499999,19599998,"SLC24A2",6.4411434890265,1.29262146216036
"1021","ENSG00000155886","chr9","Near_Lm2",19599999,19699998,"SLC24A2",6.4411434890265,1.29262146216036
"1022","ENSG00000155886","chr9","Near_Lm2",19699999,19799998,"SLC24A2",6.4411434890265,1.29262146216036
"1023","ENSG00000155970","chr8","Near_Lm2",16857510,16957509,"MICU3",1624.45068457738,509.109508146753
"1024","ENSG00000155970","chr8","Near_Lm2",16957510,17057509,"MICU3",1624.45068457738,509.109508146753
"1025","ENSG00000156011","chr8","Near_Lm2",18357511,18457510,"PSD3",103.040287004134,173.672616298695
"1026","ENSG00000156011","chr8","Near_Lm2",18457511,18557510,"PSD3",103.040287004134,173.672616298695
"1027","ENSG00000156011","chr8","Near_Lm2",18557511,18657510,"PSD3",103.040287004134,173.672616298695
"1028","ENSG00000156011","chr8","Near_Lm1",18657511,18757510,"PSD3",103.040287004134,173.672616298695
"1029","ENSG00000156011","chr8","Near_Lm1",18757511,18857510,"PSD3",103.040287004134,173.672616298695
"1030","ENSG00000156011","chr8","Near_Lm1",18857511,18957510,"PSD3",103.040287004134,173.672616298695
"1031","ENSG00000156140","chr4","Near_Lm2",73065718,73165717,"ADAMTS3",3.76696333966808,2.11000578538522
"1032","ENSG00000156140","chr4","Near_Lm2",73165718,73265717,"ADAMTS3",3.76696333966808,2.11000578538522
"1033","ENSG00000156140","chr4","Near_Lm2",73265718,73365717,"ADAMTS3",3.76696333966808,2.11000578538522
"1034","ENSG00000156140","chr4","Interior_Act3",73365718,73465717,"ADAMTS3",3.76696333966808,2.11000578538522
"1035","ENSG00000156475","chr5","Near_Lm2",145879564,145979563,"PPP2R2B",367.962265020701,134.721140678321
"1036","ENSG00000156475","chr5","Near_Lm2",145979564,146079563,"PPP2R2B",367.962265020701,134.721140678321
"1037","ENSG00000156475","chr5","Near_Lm2",146079564,146179563,"PPP2R2B",367.962265020701,134.721140678321
"1038","ENSG00000156475","chr5","Lamina",146179564,146279563,"PPP2R2B",367.962265020701,134.721140678321
"1039","ENSG00000156475","chr5","Lamina",146279564,146379563,"PPP2R2B",367.962265020701,134.721140678321
"1040","ENSG00000156475","chr5","Lamina",146379564,146479563,"PPP2R2B",367.962265020701,134.721140678321
"1041","ENSG00000156687","chr8","Lamina",35057519,35157518,"UNC5D",0,0
"1042","ENSG00000156687","chr8","Lamina",35157519,35257518,"UNC5D",0,0
"1043","ENSG00000156687","chr8","Lamina",35257519,35357518,"UNC5D",0,0
"1044","ENSG00000156687","chr8","Lamina",35357519,35457518,"UNC5D",0,0
"1045","ENSG00000156687","chr8","Lamina",35457519,35557518,"UNC5D",0,0
"1046","ENSG00000156687","chr8","Lamina",35557519,35657518,"UNC5D",0,0
"1047","ENSG00000156958","chr15","Near_Lm1",49392198,49492197,"GALK2",2561.19694169131,2992.25394266656
"1048","ENSG00000156958","chr15","Near_Lm1",49492198,49592197,"GALK2",2561.19694169131,2992.25394266656
"1049","ENSG00000156958","chr15","Near_Lm2",49592198,49692197,"GALK2",2561.19694169131,2992.25394266656
"1050","ENSG00000157445","chr3","Near_Lm1",54134028,54234027,"CACNA2D3",1.40078116917326,0
"1051","ENSG00000157445","chr3","Near_Lm1",54234028,54334027,"CACNA2D3",1.40078116917326,0
"1052","ENSG00000157445","chr3","Near_Lm1",54334028,54434027,"CACNA2D3",1.40078116917326,0
"1053","ENSG00000157445","chr3","Near_Lm1",54434028,54534027,"CACNA2D3",1.40078116917326,0
"1054","ENSG00000157445","chr3","Near_Lm1",54534028,54634027,"CACNA2D3",1.40078116917326,0
"1055","ENSG00000157445","chr3","Near_Lm1",54634028,54734027,"CACNA2D3",1.40078116917326,0
"1056","ENSG00000157445","chr3","Near_Lm1",54734028,54834027,"CACNA2D3",1.40078116917326,0
"1057","ENSG00000157445","chr3","Near_Lm1",54834028,54934027,"CACNA2D3",1.40078116917326,0
"1058","ENSG00000157445","chr3","Near_Lm1",54934028,55034027,"CACNA2D3",1.40078116917326,0
"1059","ENSG00000157445","chr3","Near_Lm1",55034028,55134027,"CACNA2D3",1.40078116917326,0
"1060","ENSG00000157680","chr7","Lamina",137015821,137084746,"DGKI",0,94.9909323875798
"1061","ENSG00000157680","chr7","Lamina",137084747,137184746,"DGKI",0,94.9909323875798
"1062","ENSG00000157680","chr7","Near_Lm2",137184747,137284746,"DGKI",0,94.9909323875798
"1063","ENSG00000157680","chr7","Near_Lm2",137284747,137384746,"DGKI",0,94.9909323875798
"1064","ENSG00000157680","chr7","Near_Lm2",137384747,137484746,"DGKI",0,94.9909323875798
"1065","ENSG00000157680","chr7","Near_Lm2",137484747,137584746,"DGKI",0,94.9909323875798
"1066","ENSG00000158163","chr3","Near_Lm2",137718843,137818842,"DZIP1L",0,11.4293776446994
"1067","ENSG00000158163","chr3","Near_Lm1",137818843,137918842,"DZIP1L",0,11.4293776446994
"1068","ENSG00000158683","chr7","Near_Lm1",47739599,47839598,"PKD1L1",117.405555575118,40.606257393898
"1069","ENSG00000158683","chr7","Near_Lm1",47839599,47931957,"PKD1L1",117.405555575118,40.606257393898
"1070","ENSG00000158683","chr7","Near_Lm1",47939598,48039597,"PKD1L1",117.405555575118,40.606257393898
"1071","ENSG00000159917","chr19","Interior_Repr1",44704154,44804153,"ZNF235",2446.42915302257,555.032603659543
"1072","ENSG00000159917","chr19","Interior_Repr1",44804154,44842129,"ZNF235",2446.42915302257,555.032603659543
"1073","ENSG00000160505","chr19","Speckle",56311367,56411366,"NLRP4",0,0
"1074","ENSG00000161040","chr7","Interior_Act2",102440448,102540447,"FBXL13",450.054391784234,141.811393121392
"1075","ENSG00000161040","chr7","Interior_Act2",102540448,102640447,"FBXL13",450.054391784234,141.811393121392
"1076","ENSG00000161040","chr7","Interior_Act2",102640448,102740447,"FBXL13",450.054391784234,141.811393121392
"1077","ENSG00000162374","chr1","Near_Lm2",50465673,50565672,"ELAVL4",1.88628836794668,0
"1078","ENSG00000162374","chr1","Near_Lm2",50565673,50665672,"ELAVL4",1.88628836794668,0
"1079","ENSG00000162374","chr1","Near_Lm2",50665673,50765672,"ELAVL4",1.88628836794668,0
"1080","ENSG00000162407","chr1","Near_Lm2",56865673,56965672,"PPAP2B",5.4209121699307,12.9628690073009
"1081","ENSG00000162407","chr1","Near_Lm2",56965673,57016384,"PPAP2B",5.4209121699307,12.9628690073009
"1082","ENSG00000162407","chr1","Near_Lm2",57065674,57165673,"PPAP2B",5.4209121699307,12.9628690073009
"1083","ENSG00000162433","chr1","Interior_Act3",65565684,65665683,"AK4",43.466695535098,2668.11195721814
"1084","ENSG00000162433","chr1","Interior_Act3",65665684,65765683,"AK4",43.466695535098,2668.11195721814
"1085","ENSG00000162627","chr1","Lamina",99065557,99165556,"SNX7",192.57869967695,79.752459289136
"1086","ENSG00000162627","chr1","Lamina",99165557,99265556,"SNX7",192.57869967695,79.752459289136
"1087","ENSG00000162687","chr1","Lamina",196169131,196269130,"KCNT2",0,0
"1088","ENSG00000162687","chr1","Lamina",196269131,196369130,"KCNT2",0,0
"1089","ENSG00000162687","chr1","Lamina",196369131,196469130,"KCNT2",0,0
"1090","ENSG00000162687","chr1","Lamina",196469131,196569130,"KCNT2",0,0
"1091","ENSG00000162687","chr1","Lamina",196569131,196669130,"KCNT2",0,0
"1092","ENSG00000162688","chr1","Interior_Act3",100265557,100365556,"AGL",6048.4997521257,7387.87916785691
"1093","ENSG00000162688","chr1","Interior_Act3",100365557,100465556,"AGL",6048.4997521257,7387.87916785691
"1094","ENSG00000162694","chr1","Near_Lm2",101265557,101365556,"EXTL2",655.705957402017,1397.82621833407
"1095","ENSG00000162711","chr1","Near_Lm2",247563303,247663302,"NLRP3",2061.03150164819,320.558598873855
"1096","ENSG00000162777","chr1","Interior_Repr2",111642623,111742622,"DENND2D",37751.4113670696,28007.7647762361
"1097","ENSG00000162777","chr1","Interior_Repr2",111742623,111842622,"DENND2D",37751.4113670696,28007.7647762361
"1098","ENSG00000163002","chr2","Near_Lm2",183964729,184064728,"NUP35",2884.16159964867,9457.01558941773
"1099","ENSG00000163002","chr2","NAN",184025116,184025233,"NUP35",2884.16159964867,9457.01558941773
"1100","ENSG00000163046","chr2","Near_Lm2",132857574,132957573,"ANKRD30BL",9.86487479354204,4.61549381447792
"1101","ENSG00000163046","chr2","Near_Lm2",132957574,133057573,"ANKRD30BL",9.86487479354204,4.61549381447792
"1102","ENSG00000163110","chr4","Interior_Act3",95321152,95421151,"PDLIM5",2001.8518583098,2151.97008897764
"1103","ENSG00000163110","chr4","Interior_Act3",95421152,95521151,"PDLIM5",2001.8518583098,2151.97008897764
"1104","ENSG00000163110","chr4","Near_Lm2",95521152,95621151,"PDLIM5",2001.8518583098,2151.97008897764
"1105","ENSG00000163377","chr3","Near_Lm2",68749152,68849151,"FAM19A4",0,0
"1106","ENSG00000163377","chr3","Near_Lm2",68849152,68949151,"FAM19A4",0,0
"1107","ENSG00000163377","chr3","Near_Lm2",68949152,69049151,"FAM19A4",0,0
"1108","ENSG00000163393","chr1","Near_Lm1",116442622,116542621,"SLC22A15",111.939095293606,73.4358023877067
"1109","ENSG00000163393","chr1","Near_Lm1",116542622,116642621,"SLC22A15",111.939095293606,73.4358023877067
"1110","ENSG00000163590","chr3","Lamina",160417789,160517788,"PPM1L",683.505204064511,243.904434470949
"1111","ENSG00000163590","chr3","Lamina",160517789,160617788,"PPM1L",683.505204064511,243.904434470949
"1112","ENSG00000163590","chr3","Lamina",160617789,160717788,"PPM1L",683.505204064511,243.904434470949
"1113","ENSG00000163590","chr3","Lamina",160717789,160817788,"PPM1L",683.505204064511,243.904434470949
"1114","ENSG00000163618","chr3","Near_Lm1",62285676,62385675,"CADPS",0,0
"1115","ENSG00000163618","chr3","Near_Lm1",62385676,62485675,"CADPS",0,0
"1116","ENSG00000163618","chr3","Near_Lm1",62485676,62585675,"CADPS",0,0
"1117","ENSG00000163618","chr3","Near_Lm1",62585676,62685675,"CADPS",0,0
"1118","ENSG00000163618","chr3","Near_Lm2",62685676,62785675,"CADPS",0,0
"1119","ENSG00000163618","chr3","Near_Lm2",62785676,62885675,"CADPS",0,0
"1120","ENSG00000163629","chr4","Near_Lm2",87421154,87521153,"PTPN13",2290.20725070549,1062.55407134146
"1121","ENSG00000163629","chr4","Near_Lm2",87521154,87621153,"PTPN13",2290.20725070549,1062.55407134146
"1122","ENSG00000163629","chr4","Near_Lm2",87621154,87721153,"PTPN13",2290.20725070549,1062.55407134146
"1123","ENSG00000163629","chr4","Near_Lm2",87721154,87821153,"PTPN13",2290.20725070549,1062.55407134146
"1124","ENSG00000163697","chr4","Near_Lm1",40802018,40902017,"APBB2",16.5880671542003,50.9149174170457
"1125","ENSG00000163697","chr4","Near_Lm1",40902018,41002017,"APBB2",16.5880671542003,50.9149174170457
"1126","ENSG00000163697","chr4","Near_Lm1",41002018,41102017,"APBB2",16.5880671542003,50.9149174170457
"1127","ENSG00000163697","chr4","Near_Lm1",41102018,41202017,"APBB2",16.5880671542003,50.9149174170457
"1128","ENSG00000163697","chr4","Near_Lm1",41202018,41302017,"APBB2",16.5880671542003,50.9149174170457
"1129","ENSG00000164180","chr5","Near_Lm2",87395818,87495817,"TMEM161B",3696.30338982767,3107.5053643514
"1130","ENSG00000164180","chr5","Near_Lm2",87495818,87595817,"TMEM161B",3696.30338982767,3107.5053643514
"1131","ENSG00000164182","chr5","Interior_Act3",60195828,60295827,"NDUFAF2",2821.94319819805,10004.8733260466
"1132","ENSG00000164182","chr5","Interior_Act3",60295828,60395827,"NDUFAF2",2821.94319819805,10004.8733260466
"1133","ENSG00000164182","chr5","Interior_Act3",60395828,60495827,"NDUFAF2",2821.94319819805,10004.8733260466
"1134","ENSG00000164292","chr5","Interior_Act3",95035705,95135704,"RHOBTB3",458.97924388428,383.148774793894
"1135","ENSG00000164292","chr5","Interior_Act3",95135705,95235704,"RHOBTB3",458.97924388428,383.148774793894
"1136","ENSG00000164330","chr5","Lamina",158027009,158127008,"EBF1",131.487909259815,67.6295036837864
"1137","ENSG00000164330","chr5","Near_Lm2",158127009,158227008,"EBF1",131.487909259815,67.6295036837864
"1138","ENSG00000164330","chr5","Near_Lm2",158227009,158327008,"EBF1",131.487909259815,67.6295036837864
"1139","ENSG00000164330","chr5","Near_Lm2",158327009,158427008,"EBF1",131.487909259815,67.6295036837864
"1140","ENSG00000164330","chr5","Near_Lm2",158427009,158527008,"EBF1",131.487909259815,67.6295036837864
"1141","ENSG00000164603","chr7","Near_Lm2",112440056,112540055,"C7orf60",4450.08798201253,1965.05988377443
"1142","ENSG00000164603","chr7","Near_Lm2",112540056,112640055,"C7orf60",4450.08798201253,1965.05988377443
"1143","ENSG00000164741","chr8","Near_Lm2",12857510,12957509,"DLC1",39.350019094947,33.0834525258733
"1144","ENSG00000164741","chr8","Near_Lm2",12957510,13057509,"DLC1",39.350019094947,33.0834525258733
"1145","ENSG00000164741","chr8","Near_Lm2",13057510,13157509,"DLC1",39.350019094947,33.0834525258733
"1146","ENSG00000164741","chr8","Near_Lm2",13157510,13257509,"DLC1",39.350019094947,33.0834525258733
"1147","ENSG00000164741","chr8","Lamina",13257510,13357509,"DLC1",39.350019094947,33.0834525258733
"1148","ENSG00000164741","chr8","Lamina",13357510,13457509,"DLC1",39.350019094947,33.0834525258733
"1149","ENSG00000164796","chr8","Lamina",113212230,113312229,"CSMD3",0,0
"1150","ENSG00000164796","chr8","Lamina",113312230,113412229,"CSMD3",0,0
"1151","ENSG00000164796","chr8","Lamina",113412230,113512229,"CSMD3",0,0
"1152","ENSG00000164796","chr8","Lamina",113512230,113612229,"CSMD3",0,0
"1153","ENSG00000164796","chr8","Lamina",113612230,113712229,"CSMD3",0,0
"1154","ENSG00000164796","chr8","Lamina",113712230,113812229,"CSMD3",0,0
"1155","ENSG00000164796","chr8","Lamina",113812230,113912229,"CSMD3",0,0
"1156","ENSG00000164796","chr8","Lamina",113912230,114012229,"CSMD3",0,0
"1157","ENSG00000164796","chr8","Lamina",114012230,114112229,"CSMD3",0,0
"1158","ENSG00000164796","chr8","Lamina",114112230,114212229,"CSMD3",0,0
"1159","ENSG00000164796","chr8","Lamina",114212230,114312229,"CSMD3",0,0
"1160","ENSG00000164796","chr8","Lamina",114312230,114412229,"CSMD3",0,0
"1161","ENSG00000164796","chr8","Lamina",114412230,114512229,"CSMD3",0,0
"1162","ENSG00000164830","chr8","Lamina",107212229,107312228,"OXR1",6244.80461476061,3348.63538094722
"1163","ENSG00000164830","chr8","Lamina",107312229,107412228,"OXR1",6244.80461476061,3348.63538094722
"1164","ENSG00000164830","chr8","Near_Lm2",107412229,107512228,"OXR1",6244.80461476061,3348.63538094722
"1165","ENSG00000164830","chr8","Near_Lm2",107512229,107612228,"OXR1",6244.80461476061,3348.63538094722
"1166","ENSG00000164830","chr8","Near_Lm2",107612229,107712228,"OXR1",6244.80461476061,3348.63538094722
"1167","ENSG00000164830","chr8","Near_Lm2",107712229,107812228,"OXR1",6244.80461476061,3348.63538094722
"1168","ENSG00000164919","chr8","Near_Lm1",100812229,100912228,"COX6C",12208.4248600511,31506.1198636707
"1169","ENSG00000165061","chr8","Near_Lm1",40357520,40457519,"ZMAT4",8.86162023847074,0
"1170","ENSG00000165061","chr8","Near_Lm1",40457520,40557519,"ZMAT4",8.86162023847074,0
"1171","ENSG00000165061","chr8","Near_Lm1",40557520,40657519,"ZMAT4",8.86162023847074,0
"1172","ENSG00000165061","chr8","Near_Lm1",40657520,40757519,"ZMAT4",8.86162023847074,0
"1173","ENSG00000165091","chr9","Near_Lm1",75114917,75214916,"TMC1",8.93258541911857,0
"1174","ENSG00000165091","chr9","Near_Lm1",75214917,75314916,"TMC1",8.93258541911857,0
"1175","ENSG00000165091","chr9","Near_Lm1",75314917,75414916,"TMC1",8.93258541911857,0
"1176","ENSG00000165091","chr9","Near_Lm1",75414917,75514916,"TMC1",8.93258541911857,0
"1177","ENSG00000165521","chr14","Near_Lm2",89066345,89166344,"EML5",2157.20121904985,1625.61574929931
"1178","ENSG00000165521","chr14","Near_Lm2",89166345,89266344,"EML5",2157.20121904985,1625.61574929931
"1179","ENSG00000165659","chr13","Lamina",71974133,72074132,"DACH1",283.415759798417,27.0244906020169
"1180","ENSG00000165659","chr13","Lamina",72074133,72174132,"DACH1",283.415759798417,27.0244906020169
"1181","ENSG00000165659","chr13","Lamina",72174133,72274132,"DACH1",283.415759798417,27.0244906020169
"1182","ENSG00000165659","chr13","Lamina",72274133,72374132,"DACH1",283.415759798417,27.0244906020169
"1183","ENSG00000165659","chr13","Lamina",72374133,72440658,"DACH1",283.415759798417,27.0244906020169
"1184","ENSG00000165891","chr12","Near_Lm2",77393781,77493780,"E2F7",28.2972028575416,1336.54520825515
"1185","ENSG00000165970","chr11","Near_Lm2",20521547,20621546,"SLC6A5",0,0
"1186","ENSG00000165970","chr11","Near_Lm2",20621547,20721546,"SLC6A5",0,0
"1187","ENSG00000165973","chr11","Near_Lm2",20621547,20721546,"NELL1",0,0
"1188","ENSG00000165973","chr11","Near_Lm2",20721547,20821546,"NELL1",0,0
"1189","ENSG00000165973","chr11","Lamina",20821547,20921546,"NELL1",0,0
"1190","ENSG00000165973","chr11","Lamina",20921547,21021546,"NELL1",0,0
"1191","ENSG00000165973","chr11","Lamina",21021547,21121546,"NELL1",0,0
"1192","ENSG00000165973","chr11","Lamina",21121547,21221546,"NELL1",0,0
"1193","ENSG00000165973","chr11","Lamina",21221547,21321546,"NELL1",0,0
"1194","ENSG00000165973","chr11","Lamina",21321547,21421546,"NELL1",0,0
"1195","ENSG00000165973","chr11","Lamina",21421547,21521546,"NELL1",0,0
"1196","ENSG00000165973","chr11","Lamina",21521547,21621546,"NELL1",0,0
"1197","ENSG00000165995","chr10","Near_Lm1",18388930,18488929,"CACNB2",802.305152285205,165.022279739001
"1198","ENSG00000165995","chr10","Near_Lm1",18488930,18588929,"CACNB2",802.305152285205,165.022279739001
"1199","ENSG00000165995","chr10","Near_Lm1",18588930,18688929,"CACNB2",802.305152285205,165.022279739001
"1200","ENSG00000165995","chr10","Near_Lm1",18688930,18788929,"CACNB2",802.305152285205,165.022279739001
"1201","ENSG00000165995","chr10","Near_Lm1",18788930,18888929,"CACNB2",802.305152285205,165.022279739001
"1202","ENSG00000166006","chr12","Lamina",75393781,75493780,"KCNC2",1.49994460480808,0
"1203","ENSG00000166006","chr12","Lamina",75493781,75593780,"KCNC2",1.49994460480808,0
"1204","ENSG00000166006","chr12","Lamina",75593781,75693780,"KCNC2",1.49994460480808,0
"1205","ENSG00000166037","chr11","Interior_Act3",95468318,95533164,"CEP57",10198.8575024073,14680.7498206824
"1206","ENSG00000166037","chr11","Interior_Act3",95533165,95633164,"CEP57",10198.8575024073,14680.7498206824
"1207","ENSG00000166450","chr15","Near_Lm1",55892199,55992198,"PRTG",0.45465999861267,1.58693688491954
"1208","ENSG00000166450","chr15","Near_Lm1",55992199,56092198,"PRTG",0.45465999861267,1.58693688491954
"1209","ENSG00000166748","chr15","Near_Lm2",86643232,86743231,"AGBL1",0,0
"1210","ENSG00000166748","chr15","Lamina",86743232,86843231,"AGBL1",0,0
"1211","ENSG00000166748","chr15","Lamina",86843232,86943231,"AGBL1",0,0
"1212","ENSG00000166748","chr15","Lamina",86943232,87043231,"AGBL1",0,0
"1213","ENSG00000166748","chr15","Lamina",87043232,87143231,"AGBL1",0,0
"1214","ENSG00000166748","chr15","Lamina",87143232,87243231,"AGBL1",0,0
"1215","ENSG00000166748","chr15","Lamina",87243232,87343231,"AGBL1",0,0
"1216","ENSG00000166748","chr15","Lamina",87343232,87443231,"AGBL1",0,0
"1217","ENSG00000166748","chr15","Lamina",87443232,87543231,"AGBL1",0,0
"1218","ENSG00000166748","chr15","Lamina",87543232,87643231,"AGBL1",0,0
"1219","ENSG00000166900","chr11","Interior_Act1",59467474,59567473,"STX3",1458.22641534214,1465.2842007234
"1220","ENSG00000166900","chr11","Interior_Act1",59567474,59667473,"STX3",1458.22641534214,1465.2842007234
"1221","ENSG00000166922","chr15","Near_Lm1",32892202,32992201,"SCG5",86.8080463111875,309.969982370677
"1222","ENSG00000167346","chr11","Near_Lm1",4721231,4821230,"MMP26",0,0
"1223","ENSG00000167346","chr11","Near_Lm1",4821231,4921230,"MMP26",0,0
"1224","ENSG00000167346","chr11","Near_Lm1",4921231,5021230,"MMP26",0,0
"1225","ENSG00000168615","chr8","Near_Lm1",38857520,38957519,"ADAM9",399.193684917946,2637.88344673737
"1226","ENSG00000168615","chr8","Near_Lm2",38957520,39057519,"ADAM9",399.193684917946,2637.88344673737
"1227","ENSG00000168702","chr2","Lamina",140957570,141057569,"LRP1B",0.895176428890633,0.815398362486015
"1228","ENSG00000168702","chr2","Lamina",141057570,141157569,"LRP1B",0.895176428890633,0.815398362486015
"1229","ENSG00000168702","chr2","Lamina",141157570,141257569,"LRP1B",0.895176428890633,0.815398362486015
"1230","ENSG00000168702","chr2","Lamina",141257570,141357569,"LRP1B",0.895176428890633,0.815398362486015
"1231","ENSG00000168702","chr2","Lamina",141357570,141457569,"LRP1B",0.895176428890633,0.815398362486015
"1232","ENSG00000168702","chr2","Lamina",141457570,141557569,"LRP1B",0.895176428890633,0.815398362486015
"1233","ENSG00000168702","chr2","Lamina",141557570,141657569,"LRP1B",0.895176428890633,0.815398362486015
"1234","ENSG00000168702","chr2","Lamina",141657570,141757569,"LRP1B",0.895176428890633,0.815398362486015
"1235","ENSG00000168702","chr2","Lamina",141757570,141857569,"LRP1B",0.895176428890633,0.815398362486015
"1236","ENSG00000168702","chr2","Lamina",141857570,141957569,"LRP1B",0.895176428890633,0.815398362486015
"1237","ENSG00000168702","chr2","Lamina",141957570,142057569,"LRP1B",0.895176428890633,0.815398362486015
"1238","ENSG00000168702","chr2","Lamina",142057570,142157569,"LRP1B",0.895176428890633,0.815398362486015
"1239","ENSG00000168702","chr2","Lamina",142157570,142257569,"LRP1B",0.895176428890633,0.815398362486015
"1240","ENSG00000168702","chr2","Lamina",142257570,142357569,"LRP1B",0.895176428890633,0.815398362486015
"1241","ENSG00000168702","chr2","Lamina",142357570,142457569,"LRP1B",0.895176428890633,0.815398362486015
"1242","ENSG00000168702","chr2","Lamina",142457570,142557569,"LRP1B",0.895176428890633,0.815398362486015
"1243","ENSG00000168702","chr2","Lamina",142557570,142657569,"LRP1B",0.895176428890633,0.815398362486015
"1244","ENSG00000168702","chr2","Lamina",142657570,142757569,"LRP1B",0.895176428890633,0.815398362486015
"1245","ENSG00000168702","chr2","Lamina",142757570,142857569,"LRP1B",0.895176428890633,0.815398362486015
"1246","ENSG00000168702","chr2","Lamina",142857570,142957569,"LRP1B",0.895176428890633,0.815398362486015
"1247","ENSG00000169126","chr10","Near_Lm1",27988930,28088929,"ARMC4",57.2288332357961,36.2825578238533
"1248","ENSG00000169126","chr10","Near_Lm1",28088930,28188929,"ARMC4",57.2288332357961,36.2825578238533
"1249","ENSG00000169126","chr10","Near_Lm1",28188930,28288929,"ARMC4",57.2288332357961,36.2825578238533
"1250","ENSG00000169224","chr1","Near_Lm2",247663303,247763302,"GCSAML",236.449333926563,45.3615653666678
"1251","ENSG00000169862","chr5","Near_Lm1",10900113,11000112,"CTNND2",26.2328788461905,0
"1252","ENSG00000169862","chr5","Near_Lm1",11000113,11100112,"CTNND2",26.2328788461905,0
"1253","ENSG00000169862","chr5","Near_Lm2",11100113,11200112,"CTNND2",26.2328788461905,0
"1254","ENSG00000169862","chr5","Near_Lm2",11200113,11300112,"CTNND2",26.2328788461905,0
"1255","ENSG00000169862","chr5","Near_Lm2",11300113,11400112,"CTNND2",26.2328788461905,0
"1256","ENSG00000169862","chr5","Near_Lm2",11400113,11500112,"CTNND2",26.2328788461905,0
"1257","ENSG00000169862","chr5","Near_Lm2",11500113,11600112,"CTNND2",26.2328788461905,0
"1258","ENSG00000169862","chr5","Lamina",11600113,11700112,"CTNND2",26.2328788461905,0
"1259","ENSG00000169862","chr5","Lamina",11700113,11800112,"CTNND2",26.2328788461905,0
"1260","ENSG00000169862","chr5","Lamina",11800113,11900112,"CTNND2",26.2328788461905,0
"1261","ENSG00000169862","chr5","Lamina",11900113,12000112,"CTNND2",26.2328788461905,0
"1262","ENSG00000169946","chr8","Interior_Act3",106312229,106412228,"ZFPM2",0,0
"1263","ENSG00000169946","chr8","Interior_Act3",106412229,106512228,"ZFPM2",0,0
"1264","ENSG00000169946","chr8","Interior_Act3",106512229,106612228,"ZFPM2",0,0
"1265","ENSG00000169946","chr8","Interior_Act3",106612229,106712228,"ZFPM2",0,0
"1266","ENSG00000169946","chr8","Near_Lm2",106712229,106812228,"ZFPM2",0,0
"1267","ENSG00000169946","chr8","Near_Lm2",106812229,106912228,"ZFPM2",0,0
"1268","ENSG00000170088","chr4","Near_Lm2",165921153,166021152,"TMEM192",2448.8547484426,3895.11066957417
"1269","ENSG00000170088","chr4","Interior_Act3",166021153,166121152,"TMEM192",2448.8547484426,3895.11066957417
"1270","ENSG00000170088","chr4","Interior_Act3",166121153,166221152,"TMEM192",2448.8547484426,3895.11066957417
"1271","ENSG00000170522","chr4","Interior_Act3",110921157,111021156,"ELOVL6",141.582006819245,610.095155529025
"1272","ENSG00000170522","chr4","Interior_Act3",111021157,111121156,"ELOVL6",141.582006819245,610.095155529025
"1273","ENSG00000171094","chr2","Interior_Repr2",29322867,29422866,"ALK",184.881175902127,26.5186255337023
"1274","ENSG00000171094","chr2","Interior_Repr2",29422867,29522866,"ALK",184.881175902127,26.5186255337023
"1275","ENSG00000171094","chr2","Near_Lm1",29522867,29622866,"ALK",184.881175902127,26.5186255337023
"1276","ENSG00000171094","chr2","Near_Lm1",29622867,29722866,"ALK",184.881175902127,26.5186255337023
"1277","ENSG00000171094","chr2","Near_Lm1",29722867,29822866,"ALK",184.881175902127,26.5186255337023
"1278","ENSG00000171094","chr2","Near_Lm1",29822867,29922866,"ALK",184.881175902127,26.5186255337023
"1279","ENSG00000171094","chr2","Near_Lm1",29922867,30022866,"ALK",184.881175902127,26.5186255337023
"1280","ENSG00000171094","chr2","Near_Lm1",30022867,30122866,"ALK",184.881175902127,26.5186255337023
"1281","ENSG00000171094","chr2","Near_Lm1",30122867,30222866,"ALK",184.881175902127,26.5186255337023
"1282","ENSG00000171444","chr5","Interior_Act3",112335698,112435697,"MCC",610.140876046065,223.478055984487
"1283","ENSG00000171444","chr5","Interior_Act3",112435698,112535697,"MCC",610.140876046065,223.478055984487
"1284","ENSG00000171444","chr5","Near_Lm2",112535698,112635697,"MCC",610.140876046065,223.478055984487
"1285","ENSG00000171444","chr5","Near_Lm2",112635698,112735697,"MCC",610.140876046065,223.478055984487
"1286","ENSG00000171444","chr5","Near_Lm2",112735698,112835697,"MCC",610.140876046065,223.478055984487
"1287","ENSG00000171497","chr4","Near_Lm2",159621153,159721152,"PPID",8278.8078926397,37861.7902301444
"1288","ENSG00000172086","chr2","Near_Lm1",88299520,88399519,"KRCC1",16143.5967249961,10559.7242373963
"1289","ENSG00000172139","chr3","Near_Lm2",111818848,111918847,"SLC9C1",14.5611368761719,7.74811497355029
"1290","ENSG00000172139","chr3","Near_Lm2",111918848,112018847,"SLC9C1",14.5611368761719,7.74811497355029
"1291","ENSG00000172159","chr9","Near_Lm2",85814916,85914915,"FRMD3",160.440447540954,70.6108704474284
"1292","ENSG00000172159","chr9","Near_Lm2",85914916,86014915,"FRMD3",160.440447540954,70.6108704474284
"1293","ENSG00000172159","chr9","Near_Lm2",86014916,86114915,"FRMD3",160.440447540954,70.6108704474284
"1294","ENSG00000172159","chr9","Near_Lm2",86114916,86214915,"FRMD3",160.440447540954,70.6108704474284
"1295","ENSG00000172399","chr4","Near_Lm2",120021156,120121155,"MYOZ2",96.56404051368,5.35016869340073
"1296","ENSG00000172915","chr13","Lamina",35474138,35574137,"NBEA",1283.48694896201,117.769716777692
"1297","ENSG00000172915","chr13","Lamina",35574138,35674137,"NBEA",1283.48694896201,117.769716777692
"1298","ENSG00000172915","chr13","Lamina",35674138,35774137,"NBEA",1283.48694896201,117.769716777692
"1299","ENSG00000172915","chr13","Lamina",35774138,35874137,"NBEA",1283.48694896201,117.769716777692
"1300","ENSG00000172915","chr13","Lamina",35874138,35974137,"NBEA",1283.48694896201,117.769716777692
"1301","ENSG00000172915","chr13","Lamina",35974138,36074137,"NBEA",1283.48694896201,117.769716777692
"1302","ENSG00000172915","chr13","Near_Lm2",36074138,36174137,"NBEA",1283.48694896201,117.769716777692
"1303","ENSG00000172915","chr13","Near_Lm2",36174138,36274137,"NBEA",1283.48694896201,117.769716777692
"1304","ENSG00000173482","chr18","Near_Lm1",7499999,7599998,"PTPRM",830.088123671374,269.446370919412
"1305","ENSG00000173482","chr18","Near_Lm2",7599999,7699998,"PTPRM",830.088123671374,269.446370919412
"1306","ENSG00000173482","chr18","Near_Lm2",7699999,7799998,"PTPRM",830.088123671374,269.446370919412
"1307","ENSG00000173482","chr18","Near_Lm2",7799999,7899998,"PTPRM",830.088123671374,269.446370919412
"1308","ENSG00000173482","chr18","Near_Lm2",7899999,7999998,"PTPRM",830.088123671374,269.446370919412
"1309","ENSG00000173482","chr18","Near_Lm2",7999999,8099998,"PTPRM",830.088123671374,269.446370919412
"1310","ENSG00000173482","chr18","Near_Lm2",8099999,8199998,"PTPRM",830.088123671374,269.446370919412
"1311","ENSG00000173482","chr18","Near_Lm1",8199999,8299998,"PTPRM",830.088123671374,269.446370919412
"1312","ENSG00000173482","chr18","Near_Lm1",8299999,8399998,"PTPRM",830.088123671374,269.446370919412
"1313","ENSG00000173482","chr18","Near_Lm1",8399999,8499998,"PTPRM",830.088123671374,269.446370919412
"1314","ENSG00000173852","chr7","Near_Lm2",34939613,35039612,"DPY19L1",1934.47602805447,3007.89494404688
"1315","ENSG00000173852","chr7","Near_Lm2",35039613,35139612,"DPY19L1",1934.47602805447,3007.89494404688
"1316","ENSG00000173926","chr5","Interior_Act3",126135693,126235692,"MARCH3",1816.94128921535,796.588876355534
"1317","ENSG00000173926","chr5","Interior_Act3",126235693,126335692,"MARCH3",1816.94128921535,796.588876355534
"1318","ENSG00000173926","chr5","Near_Lm2",126335693,126435692,"MARCH3",1816.94128921535,796.588876355534
"1319","ENSG00000173930","chr5","Lamina",101535705,101635704,"SLCO4C1",190.754916343922,53.5601174604386
"1320","ENSG00000174145","chr4","Near_Lm2",37201623,37301622,"KIAA1239",0,1.14324928173135
"1321","ENSG00000174145","chr4","Near_Lm2",37301623,37401622,"KIAA1239",0,1.14324928173135
"1322","ENSG00000174145","chr4","Near_Lm2",37401623,37501622,"KIAA1239",0,1.14324928173135
"1323","ENSG00000174469","chr7","Near_Lm2",145797093,145897092,"CNTNAP2",111.627669588442,0
"1324","ENSG00000174469","chr7","Lamina",145897093,145997092,"CNTNAP2",111.627669588442,0
"1325","ENSG00000174469","chr7","Lamina",145997093,146097092,"CNTNAP2",111.627669588442,0
"1326","ENSG00000174469","chr7","Lamina",146097093,146197092,"CNTNAP2",111.627669588442,0
"1327","ENSG00000174469","chr7","Lamina",146197093,146297092,"CNTNAP2",111.627669588442,0
"1328","ENSG00000174469","chr7","Lamina",146297093,146397092,"CNTNAP2",111.627669588442,0
"1329","ENSG00000174469","chr7","Lamina",146397093,146497092,"CNTNAP2",111.627669588442,0
"1330","ENSG00000174469","chr7","Lamina",146497093,146597092,"CNTNAP2",111.627669588442,0
"1331","ENSG00000174469","chr7","Lamina",146597093,146697092,"CNTNAP2",111.627669588442,0
"1332","ENSG00000174469","chr7","Lamina",146697093,146797092,"CNTNAP2",111.627669588442,0
"1333","ENSG00000174469","chr7","Lamina",146797093,146897092,"CNTNAP2",111.627669588442,0
"1334","ENSG00000174469","chr7","Lamina",146897093,146997092,"CNTNAP2",111.627669588442,0
"1335","ENSG00000174469","chr7","Lamina",146997093,147097092,"CNTNAP2",111.627669588442,0
"1336","ENSG00000174469","chr7","Lamina",147097093,147197092,"CNTNAP2",111.627669588442,0
"1337","ENSG00000174469","chr7","Lamina",147197093,147297092,"CNTNAP2",111.627669588442,0
"1338","ENSG00000174469","chr7","Lamina",147297093,147397092,"CNTNAP2",111.627669588442,0
"1339","ENSG00000174469","chr7","Lamina",147397093,147497092,"CNTNAP2",111.627669588442,0
"1340","ENSG00000174469","chr7","Lamina",147497093,147597092,"CNTNAP2",111.627669588442,0
"1341","ENSG00000174469","chr7","Lamina",147597093,147697092,"CNTNAP2",111.627669588442,0
"1342","ENSG00000174469","chr7","Near_Lm2",147697093,147797092,"CNTNAP2",111.627669588442,0
"1343","ENSG00000174469","chr7","Near_Lm2",147797093,147897092,"CNTNAP2",111.627669588442,0
"1344","ENSG00000174469","chr7","Near_Lm2",147897093,147997092,"CNTNAP2",111.627669588442,0
"1345","ENSG00000174469","chr7","Near_Lm2",147997093,148097092,"CNTNAP2",111.627669588442,0
"1346","ENSG00000174469","chr7","Interior_Act3",148097093,148197092,"CNTNAP2",111.627669588442,0
"1347","ENSG00000174473","chr4","Lamina",172721152,172821151,"GALNTL6",2.06723238684512,7.00149294895267
"1348","ENSG00000174473","chr4","Lamina",172821152,172921151,"GALNTL6",2.06723238684512,7.00149294895267
"1349","ENSG00000174473","chr4","Near_Lm2",172921152,173021151,"GALNTL6",2.06723238684512,7.00149294895267
"1350","ENSG00000174473","chr4","Near_Lm2",173021152,173121151,"GALNTL6",2.06723238684512,7.00149294895267
"1351","ENSG00000174473","chr4","Near_Lm2",173121152,173221151,"GALNTL6",2.06723238684512,7.00149294895267
"1352","ENSG00000174473","chr4","Lamina",173221152,173321151,"GALNTL6",2.06723238684512,7.00149294895267
"1353","ENSG00000174473","chr4","Lamina",173321152,173421151,"GALNTL6",2.06723238684512,7.00149294895267
"1354","ENSG00000174473","chr4","Lamina",173421152,173521151,"GALNTL6",2.06723238684512,7.00149294895267
"1355","ENSG00000174473","chr4","Lamina",173521152,173621151,"GALNTL6",2.06723238684512,7.00149294895267
"1356","ENSG00000174473","chr4","Lamina",173621152,173721151,"GALNTL6",2.06723238684512,7.00149294895267
"1357","ENSG00000174473","chr4","Near_Lm2",173721152,173821151,"GALNTL6",2.06723238684512,7.00149294895267
"1358","ENSG00000174473","chr4","Near_Lm2",173821152,173921151,"GALNTL6",2.06723238684512,7.00149294895267
"1359","ENSG00000174473","chr4","Near_Lm2",173921152,174021151,"GALNTL6",2.06723238684512,7.00149294895267
"1360","ENSG00000175265","chr15","Interior_Repr2",34592202,34692201,"GOLGA8A",28777.5250030454,7945.3193688195
"1361","ENSG00000175265","chr15","Interior_Repr2",34692202,34792201,"GOLGA8A",28777.5250030454,7945.3193688195
"1362","ENSG00000175265","chr15","Interior_Repr2",34792202,34892201,"GOLGA8A",28777.5250030454,7945.3193688195
"1363","ENSG00000175471","chr5","Near_Lm2",94035706,94135705,"MCTP1",296.682954040095,149.248477634793
"1364","ENSG00000175471","chr5","Near_Lm2",94135706,94235705,"MCTP1",296.682954040095,149.248477634793
"1365","ENSG00000175471","chr5","Lamina",94273546,94335704,"MCTP1",296.682954040095,149.248477634793
"1366","ENSG00000175471","chr5","Near_Lm2",94335705,94435704,"MCTP1",296.682954040095,149.248477634793
"1367","ENSG00000175471","chr5","Near_Lm2",94435705,94535704,"MCTP1",296.682954040095,149.248477634793
"1368","ENSG00000175471","chr5","Near_Lm2",94535705,94635704,"MCTP1",296.682954040095,149.248477634793
"1369","ENSG00000175600","chr7","Near_Lm2",40139600,40239599,"SUGCT",253.109963150168,86.1457401615581
"1370","ENSG00000175600","chr7","Near_Lm2",40239600,40339599,"SUGCT",253.109963150168,86.1457401615581
"1371","ENSG00000175600","chr7","Near_Lm2",40339600,40439599,"SUGCT",253.109963150168,86.1457401615581
"1372","ENSG00000175600","chr7","Lamina",40439600,40539599,"SUGCT",253.109963150168,86.1457401615581
"1373","ENSG00000175600","chr7","Lamina",40539600,40639599,"SUGCT",253.109963150168,86.1457401615581
"1374","ENSG00000175600","chr7","Lamina",40639600,40739599,"SUGCT",253.109963150168,86.1457401615581
"1375","ENSG00000175600","chr7","Lamina",40739600,40839599,"SUGCT",253.109963150168,86.1457401615581
"1376","ENSG00000175600","chr7","Lamina",40839600,40939599,"SUGCT",253.109963150168,86.1457401615581
"1377","ENSG00000176204","chr2","Lamina",76927127,77027126,"LRRTM4",0,0
"1378","ENSG00000176204","chr2","Lamina",77027127,77127126,"LRRTM4",0,0
"1379","ENSG00000176204","chr2","Lamina",77127127,77227126,"LRRTM4",0,0
"1380","ENSG00000176204","chr2","Lamina",77227127,77327126,"LRRTM4",0,0
"1381","ENSG00000176204","chr2","Lamina",77327127,77427126,"LRRTM4",0,0
"1382","ENSG00000176204","chr2","Lamina",77427127,77527126,"LRRTM4",0,0
"1383","ENSG00000176204","chr2","Lamina",77527127,77627126,"LRRTM4",0,0
"1384","ENSG00000176204","chr2","Lamina",77627127,77727126,"LRRTM4",0,0
"1385","ENSG00000176204","chr2","Lamina",77727127,77827126,"LRRTM4",0,0
"1386","ENSG00000176788","chr5","Near_Lm1",17000110,17100109,"BASP1",906.412242161502,1318.98714212088
"1387","ENSG00000176788","chr5","Near_Lm1",17100110,17200109,"BASP1",906.412242161502,1318.98714212088
"1388","ENSG00000176788","chr5","Near_Lm1",17200110,17300109,"BASP1",906.412242161502,1318.98714212088
"1389","ENSG00000177640","chr10","Near_Lm1",119759512,119859511,"CASC2",58.6798879811864,34.5391991797163
"1390","ENSG00000177640","chr10","Near_Lm1",119859512,119936995,"CASC2",58.6798879811864,34.5391991797163
"1391","ENSG00000177640","chr10","Near_Lm1",119959513,120059512,"CASC2",58.6798879811864,34.5391991797163
"1392","ENSG00000177694","chr3","Lamina",174117791,174217790,"NAALADL2",52.8912867654493,22.3861648835529
"1393","ENSG00000177694","chr3","Lamina",174217791,174317790,"NAALADL2",52.8912867654493,22.3861648835529
"1394","ENSG00000177694","chr3","Lamina",174317791,174417790,"NAALADL2",52.8912867654493,22.3861648835529
"1395","ENSG00000177694","chr3","Lamina",174417791,174517790,"NAALADL2",52.8912867654493,22.3861648835529
"1396","ENSG00000177694","chr3","Lamina",174517791,174617790,"NAALADL2",52.8912867654493,22.3861648835529
"1397","ENSG00000177694","chr3","Lamina",174617791,174717790,"NAALADL2",52.8912867654493,22.3861648835529
"1398","ENSG00000177694","chr3","Lamina",174717791,174817790,"NAALADL2",52.8912867654493,22.3861648835529
"1399","ENSG00000177694","chr3","Lamina",174817791,174917790,"NAALADL2",52.8912867654493,22.3861648835529
"1400","ENSG00000177694","chr3","Lamina",174956991,175017789,"NAALADL2",52.8912867654493,22.3861648835529
"1401","ENSG00000177694","chr3","Lamina",175017790,175117789,"NAALADL2",52.8912867654493,22.3861648835529
"1402","ENSG00000177694","chr3","Lamina",175136003,175217788,"NAALADL2",52.8912867654493,22.3861648835529
"1403","ENSG00000177694","chr3","Lamina",175217789,175317788,"NAALADL2",52.8912867654493,22.3861648835529
"1404","ENSG00000177694","chr3","Lamina",175317789,175417788,"NAALADL2",52.8912867654493,22.3861648835529
"1405","ENSG00000177694","chr3","Lamina",175417789,175517788,"NAALADL2",52.8912867654493,22.3861648835529
"1406","ENSG00000177694","chr3","Lamina",175517789,175617788,"NAALADL2",52.8912867654493,22.3861648835529
"1407","ENSG00000178538","chr8","Near_Lm2",61012560,61112559,"CA8",154.442511850735,14.7760654350738
"1408","ENSG00000178538","chr8","Near_Lm2",61112560,61212559,"CA8",154.442511850735,14.7760654350738
"1409","ENSG00000178722","chr5","Near_Lm1",60895828,60995827,"C5orf64",0,0
"1410","ENSG00000178722","chr5","Near_Lm1",60995828,61095827,"C5orf64",0,0
"1411","ENSG00000179455","chr15","Near_Lm1",23745148,23845147,"MKRN3",445.519289338058,195.634385973823
"1412","ENSG00000179455","chr15","Near_Lm1",23845148,23945147,"MKRN3",445.519289338058,195.634385973823
"1413","ENSG00000179869","chr7","Near_Lm2",48139598,48239597,"ABCA13",0.820979889574617,2.11007535756914
"1414","ENSG00000179869","chr7","Near_Lm2",48239598,48339597,"ABCA13",0.820979889574617,2.11007535756914
"1415","ENSG00000179869","chr7","Near_Lm2",48339598,48439597,"ABCA13",0.820979889574617,2.11007535756914
"1416","ENSG00000179869","chr7","Near_Lm2",48439598,48530999,"ABCA13",0.820979889574617,2.11007535756914
"1417","ENSG00000179869","chr7","Lamina",48539597,48639596,"ABCA13",0.820979889574617,2.11007535756914
"1418","ENSG00000179869","chr7","Lamina",48639597,48739596,"ABCA13",0.820979889574617,2.11007535756914
"1419","ENSG00000180815","chrX","Near_Lm1",19318119,19418118,"MAP3K15",15.6472920055832,61.8768206708937
"1420","ENSG00000180815","chrX","Near_Lm1",19418119,19518118,"MAP3K15",15.6472920055832,61.8768206708937
"1421","ENSG00000180815","chrX","Near_Lm1",19518119,19618118,"MAP3K15",15.6472920055832,61.8768206708937
"1422","ENSG00000180869","chr1","Interior_Act3",85065684,85165683,"C1orf180",0,0
"1423","ENSG00000181666","chr19","Interior_Repr1",37790903,37890902,"HKR1",4563.28357505547,2193.74221518339
"1424","ENSG00000181722","chr3","Near_Lm2",114018848,114118847,"ZBTB20",3521.09122320933,171.523256848267
"1425","ENSG00000181722","chr3","Near_Lm2",114118848,114218847,"ZBTB20",3521.09122320933,171.523256848267
"1426","ENSG00000181722","chr3","Near_Lm2",114218848,114318847,"ZBTB20",3521.09122320933,171.523256848267
"1427","ENSG00000181722","chr3","Lamina",114318848,114418847,"ZBTB20",3521.09122320933,171.523256848267
"1428","ENSG00000181722","chr3","Lamina",114418848,114518847,"ZBTB20",3521.09122320933,171.523256848267
"1429","ENSG00000181722","chr3","Lamina",114518848,114618847,"ZBTB20",3521.09122320933,171.523256848267
"1430","ENSG00000181722","chr3","Lamina",114618848,114718847,"ZBTB20",3521.09122320933,171.523256848267
"1431","ENSG00000181722","chr3","Near_Lm2",114718848,114818847,"ZBTB20",3521.09122320933,171.523256848267
"1432","ENSG00000181722","chr3","Near_Lm2",114818848,114918847,"ZBTB20",3521.09122320933,171.523256848267
"1433","ENSG00000182158","chr7","Near_Lm2",137484747,137584746,"CREB3L2",2019.55004845828,1414.99104409464
"1434","ENSG00000182158","chr7","Near_Lm2",137584747,137684746,"CREB3L2",2019.55004845828,1414.99104409464
"1435","ENSG00000182158","chr7","Near_Lm1",137684747,137784746,"CREB3L2",2019.55004845828,1414.99104409464
"1436","ENSG00000182168","chr4","Near_Lm2",96021152,96121151,"UNC5C",4.84945102836309,8.05214122781589
"1437","ENSG00000182168","chr4","Near_Lm2",96121152,96221151,"UNC5C",4.84945102836309,8.05214122781589
"1438","ENSG00000182168","chr4","Near_Lm2",96221152,96321151,"UNC5C",4.84945102836309,8.05214122781589
"1439","ENSG00000182168","chr4","Near_Lm2",96321152,96421151,"UNC5C",4.84945102836309,8.05214122781589
"1440","ENSG00000182168","chr4","Lamina",96421152,96521151,"UNC5C",4.84945102836309,8.05214122781589
"1441","ENSG00000182247","chr3","Lamina",23241492,23341491,"UBE2E2",542.838246131072,640.119123133939
"1442","ENSG00000182247","chr3","Lamina",23341492,23441491,"UBE2E2",542.838246131072,640.119123133939
"1443","ENSG00000182247","chr3","Lamina",23441492,23541491,"UBE2E2",542.838246131072,640.119123133939
"1444","ENSG00000182247","chr3","Near_Lm2",23541492,23641491,"UBE2E2",542.838246131072,640.119123133939
"1445","ENSG00000182255","chr11","Lamina",30021548,30121547,"KCNA4",0,0
"1446","ENSG00000182263","chr2","Lamina",164356511,164456510,"FIGN",0.960736998935615,0
"1447","ENSG00000182263","chr2","Lamina",164456511,164556510,"FIGN",0.960736998935615,0
"1448","ENSG00000182263","chr2","Lamina",164556511,164656510,"FIGN",0.960736998935615,0
"1449","ENSG00000182389","chr2","Interior_Act3",152656515,152756514,"CACNB4",22.2327955915546,5.85990928522698
"1450","ENSG00000182389","chr2","Interior_Act3",152756515,152856514,"CACNB4",22.2327955915546,5.85990928522698
"1451","ENSG00000182389","chr2","Interior_Act3",152856515,152956514,"CACNB4",22.2327955915546,5.85990928522698
"1452","ENSG00000182621","chr20","Near_Lm2",8080648,8180647,"PLCB1",335.535888061567,63.8333544034628
"1453","ENSG00000182621","chr20","Lamina",8180648,8232321,"PLCB1",335.535888061567,63.8333544034628
"1454","ENSG00000182621","chr20","Lamina",8280648,8380647,"PLCB1",335.535888061567,63.8333544034628
"1455","ENSG00000182621","chr20","Lamina",8380648,8480647,"PLCB1",335.535888061567,63.8333544034628
"1456","ENSG00000182621","chr20","Lamina",8480648,8580647,"PLCB1",335.535888061567,63.8333544034628
"1457","ENSG00000182621","chr20","Near_Lm2",8580648,8680647,"PLCB1",335.535888061567,63.8333544034628
"1458","ENSG00000182621","chr20","Near_Lm2",8680648,8780647,"PLCB1",335.535888061567,63.8333544034628
"1459","ENSG00000182621","chr20","Near_Lm2",8780648,8880647,"PLCB1",335.535888061567,63.8333544034628
"1460","ENSG00000182621","chr20","Near_Lm2",8880648,8980647,"PLCB1",335.535888061567,63.8333544034628
"1461","ENSG00000182752","chr9","Near_Lm2",118862280,118962279,"PAPPA",47.189853141428,3.83184244255594
"1462","ENSG00000182752","chr9","Near_Lm2",118962280,119062279,"PAPPA",47.189853141428,3.83184244255594
"1463","ENSG00000182752","chr9","Near_Lm2",119062280,119162279,"PAPPA",47.189853141428,3.83184244255594
"1464","ENSG00000182752","chr9","Near_Lm2",119162280,119262279,"PAPPA",47.189853141428,3.83184244255594
"1465","ENSG00000183023","chr2","Lamina",40227141,40327140,"SLC8A1",35.6109809897956,46.0283307087691
"1466","ENSG00000183023","chr2","Lamina",40327141,40427140,"SLC8A1",35.6109809897956,46.0283307087691
"1467","ENSG00000183023","chr2","Lamina",40427141,40527140,"SLC8A1",35.6109809897956,46.0283307087691
"1468","ENSG00000183023","chr2","Lamina",40527141,40627140,"SLC8A1",35.6109809897956,46.0283307087691
"1469","ENSG00000183023","chr2","Lamina",40627141,40727140,"SLC8A1",35.6109809897956,46.0283307087691
"1470","ENSG00000183023","chr2","Lamina",40727141,40827140,"SLC8A1",35.6109809897956,46.0283307087691
"1471","ENSG00000183023","chr2","Lamina",40827141,40927140,"SLC8A1",35.6109809897956,46.0283307087691
"1472","ENSG00000183098","chr13","Near_Lm2",93852254,93952253,"GPC6",6.19441161899036,0
"1473","ENSG00000183098","chr13","Near_Lm2",93952254,94052253,"GPC6",6.19441161899036,0
"1474","ENSG00000183098","chr13","Near_Lm2",94052254,94152253,"GPC6",6.19441161899036,0
"1475","ENSG00000183098","chr13","Lamina",94152254,94252253,"GPC6",6.19441161899036,0
"1476","ENSG00000183098","chr13","Lamina",94252254,94352253,"GPC6",6.19441161899036,0
"1477","ENSG00000183098","chr13","Lamina",94352254,94452253,"GPC6",6.19441161899036,0
"1478","ENSG00000183098","chr13","Lamina",94452254,94552253,"GPC6",6.19441161899036,0
"1479","ENSG00000183098","chr13","Lamina",94552254,94638326,"GPC6",6.19441161899036,0
"1480","ENSG00000183098","chr13","Lamina",94652255,94752254,"GPC6",6.19441161899036,0
"1481","ENSG00000183098","chr13","Lamina",94752255,94852254,"GPC6",6.19441161899036,0
"1482","ENSG00000183098","chr13","Near_Lm2",94852255,94952254,"GPC6",6.19441161899036,0
"1483","ENSG00000183098","chr13","Near_Lm2",94952255,95052254,"GPC6",6.19441161899036,0
"1484","ENSG00000183098","chr13","Near_Lm2",95052255,95152254,"GPC6",6.19441161899036,0
"1485","ENSG00000183117","chr8","Near_Lm2",2757523,2857522,"CSMD1",6.45773605690282,1.2210079091028
"1486","ENSG00000183117","chr8","Near_Lm2",2857523,2957522,"CSMD1",6.45773605690282,1.2210079091028
"1487","ENSG00000183117","chr8","Near_Lm2",2957523,3057522,"CSMD1",6.45773605690282,1.2210079091028
"1488","ENSG00000183117","chr8","Near_Lm2",3057523,3157522,"CSMD1",6.45773605690282,1.2210079091028
"1489","ENSG00000183117","chr8","Near_Lm2",3157523,3257522,"CSMD1",6.45773605690282,1.2210079091028
"1490","ENSG00000183117","chr8","Near_Lm2",3257523,3357522,"CSMD1",6.45773605690282,1.2210079091028
"1491","ENSG00000183117","chr8","Lamina",3357523,3457522,"CSMD1",6.45773605690282,1.2210079091028
"1492","ENSG00000183117","chr8","Lamina",3457523,3557522,"CSMD1",6.45773605690282,1.2210079091028
"1493","ENSG00000183117","chr8","Lamina",3557523,3657522,"CSMD1",6.45773605690282,1.2210079091028
"1494","ENSG00000183117","chr8","Lamina",3657523,3757522,"CSMD1",6.45773605690282,1.2210079091028
"1495","ENSG00000183117","chr8","Lamina",3757523,3857522,"CSMD1",6.45773605690282,1.2210079091028
"1496","ENSG00000183117","chr8","Lamina",3857523,3957522,"CSMD1",6.45773605690282,1.2210079091028
"1497","ENSG00000183117","chr8","Lamina",3957523,4057522,"CSMD1",6.45773605690282,1.2210079091028
"1498","ENSG00000183117","chr8","Lamina",4057523,4157522,"CSMD1",6.45773605690282,1.2210079091028
"1499","ENSG00000183117","chr8","Lamina",4157523,4257522,"CSMD1",6.45773605690282,1.2210079091028
"1500","ENSG00000183117","chr8","Lamina",4257523,4357522,"CSMD1",6.45773605690282,1.2210079091028
"1501","ENSG00000183117","chr8","Lamina",4357523,4457522,"CSMD1",6.45773605690282,1.2210079091028
"1502","ENSG00000183117","chr8","Lamina",4457523,4557522,"CSMD1",6.45773605690282,1.2210079091028
"1503","ENSG00000183117","chr8","Lamina",4557523,4657522,"CSMD1",6.45773605690282,1.2210079091028
"1504","ENSG00000183117","chr8","Lamina",4657523,4757522,"CSMD1",6.45773605690282,1.2210079091028
"1505","ENSG00000183117","chr8","Lamina",4757523,4857522,"CSMD1",6.45773605690282,1.2210079091028
"1506","ENSG00000183580","chr5","Lamina",15500110,15600109,"FBXL7",0,0
"1507","ENSG00000183580","chr5","Lamina",15600110,15700109,"FBXL7",0,0
"1508","ENSG00000183580","chr5","Lamina",15700110,15800109,"FBXL7",0,0
"1509","ENSG00000183580","chr5","Lamina",15800110,15900109,"FBXL7",0,0
"1510","ENSG00000183580","chr5","Lamina",15900110,16000109,"FBXL7",0,0
"1511","ENSG00000183783","chr4","Lamina",44102018,44202017,"KCTD8",0,0
"1512","ENSG00000183783","chr4","Lamina",44202018,44302017,"KCTD8",0,0
"1513","ENSG00000183783","chr4","Lamina",44302018,44402017,"KCTD8",0,0
"1514","ENSG00000183783","chr4","Lamina",44402018,44502017,"KCTD8",0,0
"1515","ENSG00000184305","chr4","Lamina",91021152,91121151,"CCSER1",109.474908310626,16.2441359144438
"1516","ENSG00000184305","chr4","Lamina",91121152,91221151,"CCSER1",109.474908310626,16.2441359144438
"1517","ENSG00000184305","chr4","Lamina",91221152,91321151,"CCSER1",109.474908310626,16.2441359144438
"1518","ENSG00000184305","chr4","Lamina",91321152,91421151,"CCSER1",109.474908310626,16.2441359144438
"1519","ENSG00000184305","chr4","Lamina",91421152,91521151,"CCSER1",109.474908310626,16.2441359144438
"1520","ENSG00000184305","chr4","Lamina",91521152,91621151,"CCSER1",109.474908310626,16.2441359144438
"1521","ENSG00000184305","chr4","Lamina",91621152,91721151,"CCSER1",109.474908310626,16.2441359144438
"1522","ENSG00000184305","chr4","Lamina",91721152,91821151,"CCSER1",109.474908310626,16.2441359144438
"1523","ENSG00000184305","chr4","Lamina",91821152,91921151,"CCSER1",109.474908310626,16.2441359144438
"1524","ENSG00000184305","chr4","Lamina",91921152,92021151,"CCSER1",109.474908310626,16.2441359144438
"1525","ENSG00000184305","chr4","Lamina",92021152,92121151,"CCSER1",109.474908310626,16.2441359144438
"1526","ENSG00000184305","chr4","Near_Lm1",92058239,92058406,"CCSER1",109.474908310626,16.2441359144438
"1527","ENSG00000184305","chr4","Lamina",92121152,92221151,"CCSER1",109.474908310626,16.2441359144438
"1528","ENSG00000184305","chr4","Lamina",92221152,92321151,"CCSER1",109.474908310626,16.2441359144438
"1529","ENSG00000184305","chr4","Lamina",92321152,92421151,"CCSER1",109.474908310626,16.2441359144438
"1530","ENSG00000184305","chr4","Lamina",92421152,92521151,"CCSER1",109.474908310626,16.2441359144438
"1531","ENSG00000184305","chr4","Lamina",92521152,92621151,"CCSER1",109.474908310626,16.2441359144438
"1532","ENSG00000184384","chr11","Interior_Act3",95633165,95733164,"MAML2",11686.2470477898,3094.66871401041
"1533","ENSG00000184384","chr11","Interior_Act3",95751762,95833164,"MAML2",11686.2470477898,3094.66871401041
"1534","ENSG00000184384","chr11","Interior_Act3",95833165,95933164,"MAML2",11686.2470477898,3094.66871401041
"1535","ENSG00000184384","chr11","Interior_Act3",95933165,96033164,"MAML2",11686.2470477898,3094.66871401041
"1536","ENSG00000184384","chr11","Near_Lm2",96033165,96133164,"MAML2",11686.2470477898,3094.66871401041
"1537","ENSG00000184465","chr6","Interior_Repr1",169800096,169900095,"WDR27",3365.62164895392,1345.80157317081
"1538","ENSG00000184465","chr6","Interior_Repr2",169927831,170000096,"WDR27",3365.62164895392,1345.80157317081
"1539","ENSG00000184465","chr6","Interior_Repr2",170000097,170100096,"WDR27",3365.62164895392,1345.80157317081
"1540","ENSG00000184465","chr6","Interior_Repr2",170100097,170200096,"WDR27",3365.62164895392,1345.80157317081
"1541","ENSG00000185046","chr12","Near_Lm2",99093779,99193778,"ANKS1B",23.8285212613489,48.2750250326166
"1542","ENSG00000185046","chr12","Near_Lm2",99193779,99293778,"ANKS1B",23.8285212613489,48.2750250326166
"1543","ENSG00000185046","chr12","Near_Lm2",99293779,99393778,"ANKS1B",23.8285212613489,48.2750250326166
"1544","ENSG00000185046","chr12","Near_Lm2",99393779,99493778,"ANKS1B",23.8285212613489,48.2750250326166
"1545","ENSG00000185046","chr12","Lamina",99493779,99593778,"ANKS1B",23.8285212613489,48.2750250326166
"1546","ENSG00000185046","chr12","Lamina",99593779,99693778,"ANKS1B",23.8285212613489,48.2750250326166
"1547","ENSG00000185046","chr12","Lamina",99693779,99793778,"ANKS1B",23.8285212613489,48.2750250326166
"1548","ENSG00000185046","chr12","Lamina",99793779,99893778,"ANKS1B",23.8285212613489,48.2750250326166
"1549","ENSG00000185046","chr12","Lamina",99893779,99993778,"ANKS1B",23.8285212613489,48.2750250326166
"1550","ENSG00000185046","chr12","Lamina",99993779,100093778,"ANKS1B",23.8285212613489,48.2750250326166
"1551","ENSG00000185046","chr12","Lamina",100093779,100193778,"ANKS1B",23.8285212613489,48.2750250326166
"1552","ENSG00000185046","chr12","Lamina",100193779,100293778,"ANKS1B",23.8285212613489,48.2750250326166
"1553","ENSG00000185046","chr12","Near_Lm2",100293779,100393778,"ANKS1B",23.8285212613489,48.2750250326166
"1554","ENSG00000185274","chr7","Near_Lm1",70564987,70664986,"WBSCR17",0,0
"1555","ENSG00000185274","chr7","Near_Lm1",70664987,70764986,"WBSCR17",0,0
"1556","ENSG00000185274","chr7","Near_Lm1",70764987,70864986,"WBSCR17",0,0
"1557","ENSG00000185274","chr7","Near_Lm1",70886108,70964985,"WBSCR17",0,0
"1558","ENSG00000185274","chr7","Interior_Repr2",70964986,71064985,"WBSCR17",0,0
"1559","ENSG00000185274","chr7","Interior_Repr2",71064986,71164985,"WBSCR17",0,0
"1560","ENSG00000185274","chr7","Interior_Repr2",71164986,71264985,"WBSCR17",0,0
"1561","ENSG00000185305","chr5","Near_Lm1",53095831,53195830,"ARL15",1691.67356602897,572.380842645519
"1562","ENSG00000185305","chr5","Near_Lm1",53195831,53295830,"ARL15",1691.67356602897,572.380842645519
"1563","ENSG00000185305","chr5","Near_Lm1",53295831,53395830,"ARL15",1691.67356602897,572.380842645519
"1564","ENSG00000185305","chr5","Interior_Act3",53395831,53495830,"ARL15",1691.67356602897,572.380842645519
"1565","ENSG00000185305","chr5","Interior_Act3",53495831,53595830,"ARL15",1691.67356602897,572.380842645519
"1566","ENSG00000185305","chr5","Interior_Act3",53595831,53695830,"ARL15",1691.67356602897,572.380842645519
"1567","ENSG00000185532","chr10","Near_Lm2",52659761,52759760,"PRKG1",7.99624472640724,4.2155848541355
"1568","ENSG00000185532","chr10","Near_Lm2",52759761,52859760,"PRKG1",7.99624472640724,4.2155848541355
"1569","ENSG00000185532","chr10","Lamina",52859761,52959760,"PRKG1",7.99624472640724,4.2155848541355
"1570","ENSG00000185532","chr10","Lamina",52959761,53059760,"PRKG1",7.99624472640724,4.2155848541355
"1571","ENSG00000185532","chr10","Lamina",53059761,53159760,"PRKG1",7.99624472640724,4.2155848541355
"1572","ENSG00000185532","chr10","Lamina",53159761,53259760,"PRKG1",7.99624472640724,4.2155848541355
"1573","ENSG00000185532","chr10","Lamina",53259761,53359760,"PRKG1",7.99624472640724,4.2155848541355
"1574","ENSG00000185532","chr10","Lamina",53359761,53459760,"PRKG1",7.99624472640724,4.2155848541355
"1575","ENSG00000185532","chr10","Lamina",53459761,53559760,"PRKG1",7.99624472640724,4.2155848541355
"1576","ENSG00000185532","chr10","Lamina",53559761,53659760,"PRKG1",7.99624472640724,4.2155848541355
"1577","ENSG00000185532","chr10","Lamina",53659761,53759760,"PRKG1",7.99624472640724,4.2155848541355
"1578","ENSG00000185532","chr10","Lamina",53759761,53859760,"PRKG1",7.99624472640724,4.2155848541355
"1579","ENSG00000185532","chr10","Lamina",53859761,53959760,"PRKG1",7.99624472640724,4.2155848541355
"1580","ENSG00000185532","chr10","Lamina",53959761,54059760,"PRKG1",7.99624472640724,4.2155848541355
"1581","ENSG00000185630","chr1","Near_Lm2",164469238,164569237,"PBX1",52.3947564684011,4.18767118286024
"1582","ENSG00000185630","chr1","Near_Lm2",164569238,164669237,"PBX1",52.3947564684011,4.18767118286024
"1583","ENSG00000185630","chr1","Near_Lm2",164669238,164769237,"PBX1",52.3947564684011,4.18767118286024
"1584","ENSG00000185630","chr1","Near_Lm2",164769238,164869237,"PBX1",52.3947564684011,4.18767118286024
"1585","ENSG00000185737","chr10","Lamina",83559757,83659756,"NRG3",0,0
"1586","ENSG00000185737","chr10","Lamina",83659757,83759756,"NRG3",0,0
"1587","ENSG00000185737","chr10","Lamina",83759757,83859756,"NRG3",0,0
"1588","ENSG00000185737","chr10","Lamina",83859757,83959756,"NRG3",0,0
"1589","ENSG00000185737","chr10","Lamina",83959757,84059756,"NRG3",0,0
"1590","ENSG00000185737","chr10","Lamina",84059757,84159756,"NRG3",0,0
"1591","ENSG00000185737","chr10","Lamina",84159757,84259756,"NRG3",0,0
"1592","ENSG00000185737","chr10","Lamina",84259757,84359756,"NRG3",0,0
"1593","ENSG00000185737","chr10","Lamina",84359757,84459756,"NRG3",0,0
"1594","ENSG00000185737","chr10","Lamina",84459757,84559756,"NRG3",0,0
"1595","ENSG00000185737","chr10","Lamina",84559757,84659756,"NRG3",0,0
"1596","ENSG00000185737","chr10","Lamina",84659757,84759756,"NRG3",0,0
"1597","ENSG00000185760","chr6","Near_Lm2",73311108,73374388,"KCNQ5",879.663986750122,630.633498530209
"1598","ENSG00000185760","chr6","Near_Lm2",73432121,73509723,"KCNQ5",879.663986750122,630.633498530209
"1599","ENSG00000185760","chr6","Near_Lm2",73509724,73609723,"KCNQ5",879.663986750122,630.633498530209
"1600","ENSG00000185760","chr6","Near_Lm2",73609724,73709723,"KCNQ5",879.663986750122,630.633498530209
"1601","ENSG00000185760","chr6","Near_Lm2",73709724,73809723,"KCNQ5",879.663986750122,630.633498530209
"1602","ENSG00000185760","chr6","Near_Lm2",73809724,73909723,"KCNQ5",879.663986750122,630.633498530209
"1603","ENSG00000185774","chr4","Near_Lm2",20701624,20801623,"KCNIP4",732.240075298757,277.665877305654
"1604","ENSG00000185774","chr4","Near_Lm2",20801624,20901623,"KCNIP4",732.240075298757,277.665877305654
"1605","ENSG00000185774","chr4","Lamina",20901624,21001623,"KCNIP4",732.240075298757,277.665877305654
"1606","ENSG00000185774","chr4","Lamina",21001624,21101623,"KCNIP4",732.240075298757,277.665877305654
"1607","ENSG00000185774","chr4","Lamina",21101624,21201623,"KCNIP4",732.240075298757,277.665877305654
"1608","ENSG00000185774","chr4","Lamina",21201624,21301623,"KCNIP4",732.240075298757,277.665877305654
"1609","ENSG00000185774","chr4","Lamina",21301624,21401623,"KCNIP4",732.240075298757,277.665877305654
"1610","ENSG00000185774","chr4","Lamina",21401624,21501623,"KCNIP4",732.240075298757,277.665877305654
"1611","ENSG00000185774","chr4","Lamina",21501624,21601623,"KCNIP4",732.240075298757,277.665877305654
"1612","ENSG00000185774","chr4","Lamina",21601624,21701623,"KCNIP4",732.240075298757,277.665877305654
"1613","ENSG00000185774","chr4","Lamina",21701624,21801623,"KCNIP4",732.240075298757,277.665877305654
"1614","ENSG00000185774","chr4","Lamina",21801624,21901623,"KCNIP4",732.240075298757,277.665877305654
"1615","ENSG00000185774","chr4","Lamina",21901624,22001623,"KCNIP4",732.240075298757,277.665877305654
"1616","ENSG00000185942","chr8","Lamina",63112560,63212559,"NKAIN3",0,0
"1617","ENSG00000185942","chr8","Lamina",63212560,63312559,"NKAIN3",0,0
"1618","ENSG00000185942","chr8","Lamina",63312560,63412559,"NKAIN3",0,0
"1619","ENSG00000185942","chr8","Lamina",63412560,63512559,"NKAIN3",0,0
"1620","ENSG00000185942","chr8","Lamina",63512560,63612559,"NKAIN3",0,0
"1621","ENSG00000185942","chr8","Lamina",63612560,63712559,"NKAIN3",0,0
"1622","ENSG00000185942","chr8","Lamina",63712560,63812559,"NKAIN3",0,0
"1623","ENSG00000185942","chr8","Near_Lm2",63812560,63912559,"NKAIN3",0,0
"1624","ENSG00000186314","chr5","Lamina",144779564,144879563,"PRELID2",109.279046686173,98.186219786814
"1625","ENSG00000186314","chr5","Lamina",144879564,144979563,"PRELID2",109.279046686173,98.186219786814
"1626","ENSG00000186314","chr5","Near_Lm2",144979564,145079563,"PRELID2",109.279046686173,98.186219786814
"1627","ENSG00000186314","chr5","Near_Lm2",145079564,145179563,"PRELID2",109.279046686173,98.186219786814
"1628","ENSG00000186314","chr5","Near_Lm2",145179564,145279563,"PRELID2",109.279046686173,98.186219786814
"1629","ENSG00000186714","chr11","Interior_Act3",32621547,32721546,"CCDC73",9.07129891646331,21.0016680550775
"1630","ENSG00000186714","chr11","Interior_Act3",32721547,32821546,"CCDC73",9.07129891646331,21.0016680550775
"1631","ENSG00000187164","chr10","Near_Lm1",118559512,118659511,"KIAA1598",51.4382724379173,62.9433219371618
"1632","ENSG00000187164","chr10","Near_Lm1",118659512,118759511,"KIAA1598",51.4382724379173,62.9433219371618
"1633","ENSG00000187164","chr10","Near_Lm1",118759512,118859511,"KIAA1598",51.4382724379173,62.9433219371618
"1634","ENSG00000187164","chr10","Near_Lm1",118859512,118959511,"KIAA1598",51.4382724379173,62.9433219371618
"1635","ENSG00000187323","chr18","Lamina",49826371,49926370,"DCC",0,0
"1636","ENSG00000187323","chr18","Lamina",49926371,50026370,"DCC",0,0
"1637","ENSG00000187323","chr18","Lamina",50026371,50126370,"DCC",0,0
"1638","ENSG00000187323","chr18","Lamina",50126371,50226370,"DCC",0,0
"1639","ENSG00000187323","chr18","Lamina",50226371,50326370,"DCC",0,0
"1640","ENSG00000187323","chr18","Lamina",50326371,50426370,"DCC",0,0
"1641","ENSG00000187323","chr18","Lamina",50426371,50526370,"DCC",0,0
"1642","ENSG00000187323","chr18","Lamina",50526371,50626370,"DCC",0,0
"1643","ENSG00000187323","chr18","Lamina",50626371,50726370,"DCC",0,0
"1644","ENSG00000187323","chr18","Lamina",50726371,50826370,"DCC",0,0
"1645","ENSG00000187323","chr18","Lamina",50826371,50926370,"DCC",0,0
"1646","ENSG00000187323","chr18","Lamina",50926371,51026370,"DCC",0,0
"1647","ENSG00000187323","chr18","Lamina",51026371,51126370,"DCC",0,0
"1648","ENSG00000187391","chr7","Near_Lm2",77629318,77729317,"MAGI2",31.640237982634,16.1641175633436
"1649","ENSG00000187391","chr7","Near_Lm2",77729318,77829317,"MAGI2",31.640237982634,16.1641175633436
"1650","ENSG00000187391","chr7","Near_Lm2",77829318,77929317,"MAGI2",31.640237982634,16.1641175633436
"1651","ENSG00000187391","chr7","Lamina",77929318,78029317,"MAGI2",31.640237982634,16.1641175633436
"1652","ENSG00000187391","chr7","Lamina",78029318,78129317,"MAGI2",31.640237982634,16.1641175633436
"1653","ENSG00000187391","chr7","Lamina",78129318,78229317,"MAGI2",31.640237982634,16.1641175633436
"1654","ENSG00000187391","chr7","Lamina",78243471,78329316,"MAGI2",31.640237982634,16.1641175633436
"1655","ENSG00000187391","chr7","Lamina",78329317,78429316,"MAGI2",31.640237982634,16.1641175633436
"1656","ENSG00000187391","chr7","Lamina",78429317,78529316,"MAGI2",31.640237982634,16.1641175633436
"1657","ENSG00000187391","chr7","Lamina",78529317,78629316,"MAGI2",31.640237982634,16.1641175633436
"1658","ENSG00000187391","chr7","Lamina",78629317,78729316,"MAGI2",31.640237982634,16.1641175633436
"1659","ENSG00000187391","chr7","Lamina",78729317,78829316,"MAGI2",31.640237982634,16.1641175633436
"1660","ENSG00000187391","chr7","Lamina",78829317,78929316,"MAGI2",31.640237982634,16.1641175633436
"1661","ENSG00000187391","chr7","Lamina",78929317,79029316,"MAGI2",31.640237982634,16.1641175633436
"1662","ENSG00000187391","chr7","Lamina",79029317,79129316,"MAGI2",31.640237982634,16.1641175633436
"1663","ENSG00000187416","chr7","Near_Lm1",103940449,104040448,"LHFPL3",0,0
"1664","ENSG00000187416","chr7","Near_Lm1",104040449,104140448,"LHFPL3",0,0
"1665","ENSG00000187416","chr7","Near_Lm1",104156074,104240447,"LHFPL3",0,0
"1666","ENSG00000187416","chr7","Near_Lm1",104240448,104340447,"LHFPL3",0,0
"1667","ENSG00000187416","chr7","Near_Lm1",104340448,104440447,"LHFPL3",0,0
"1668","ENSG00000187416","chr7","Near_Lm1",104440448,104540447,"LHFPL3",0,0
"1669","ENSG00000187416","chr7","Interior_Repr2",104540448,104640447,"LHFPL3",0,0
"1670","ENSG00000188283","chr19","Interior_Repr1",37690903,37790902,"ZNF383",5156.27879095145,1899.14993092514
"1671","ENSG00000188517","chr4","Interior_Act3",109721157,109821156,"COL25A1",34.4360635415848,5.63292290429991
"1672","ENSG00000188517","chr4","Interior_Act3",109821157,109921156,"COL25A1",34.4360635415848,5.63292290429991
"1673","ENSG00000188517","chr4","Interior_Act3",109921157,110021156,"COL25A1",34.4360635415848,5.63292290429991
"1674","ENSG00000188517","chr4","Interior_Act3",110021157,110121156,"COL25A1",34.4360635415848,5.63292290429991
"1675","ENSG00000188517","chr4","Interior_Act3",110121157,110221156,"COL25A1",34.4360635415848,5.63292290429991
"1676","ENSG00000188517","chr4","Interior_Act3",110221157,110321156,"COL25A1",34.4360635415848,5.63292290429991
"1677","ENSG00000188580","chr6","Lamina",124121146,124221145,"NKAIN2",0,0
"1678","ENSG00000188580","chr6","Lamina",124221146,124321145,"NKAIN2",0,0
"1679","ENSG00000188580","chr6","Lamina",124321146,124421145,"NKAIN2",0,0
"1680","ENSG00000188580","chr6","Lamina",124421146,124521145,"NKAIN2",0,0
"1681","ENSG00000188580","chr6","Lamina",124542133,124621146,"NKAIN2",0,0
"1682","ENSG00000188580","chr6","Lamina",124621147,124721146,"NKAIN2",0,0
"1683","ENSG00000188580","chr6","Lamina",124721147,124821146,"NKAIN2",0,0
"1684","ENSG00000188580","chr6","Lamina",124821147,124921146,"NKAIN2",0,0
"1685","ENSG00000188580","chr6","Lamina",124921147,125021146,"NKAIN2",0,0
"1686","ENSG00000188580","chr6","Near_Lm2",125021147,125121146,"NKAIN2",0,0
"1687","ENSG00000188580","chr6","Near_Lm2",125121147,125221146,"NKAIN2",0,0
"1688","ENSG00000188596","chr12","Near_Lm2",96793779,96893778,"C12orf55",42.162016188415,49.067113373077
"1689","ENSG00000188596","chr12","Near_Lm2",96893779,96993778,"C12orf55",42.162016188415,49.067113373077
"1690","ENSG00000188596","chr12","Near_Lm2",96993779,97093778,"C12orf55",42.162016188415,49.067113373077
"1691","ENSG00000188596","chr12","Lamina",97093779,97193778,"C12orf55",42.162016188415,49.067113373077
"1692","ENSG00000188596","chr12","Lamina",97193779,97293778,"C12orf55",42.162016188415,49.067113373077
"1693","ENSG00000188730","chr7","Lamina",49739597,49839596,"VWC2",0,1.01039241969299
"1694","ENSG00000188730","chr7","Lamina",49839597,49939596,"VWC2",0,1.01039241969299
"1695","ENSG00000188730","chr7","Lamina",49939597,50039596,"VWC2",0,1.01039241969299
"1696","ENSG00000188991","chr12","Lamina",16252935,16352934,"SLC15A5",0,0
"1697","ENSG00000188991","chr12","Lamina",16352935,16452934,"SLC15A5",0,0
"1698","ENSG00000189283","chr3","Near_Lm1",59685727,59785726,"FHIT",3819.26500641236,378.446321980291
"1699","ENSG00000189283","chr3","Near_Lm1",59785727,59885726,"FHIT",3819.26500641236,378.446321980291
"1700","ENSG00000189283","chr3","Near_Lm1",59885727,59985726,"FHIT",3819.26500641236,378.446321980291
"1701","ENSG00000189283","chr3","Near_Lm1",59985727,60085726,"FHIT",3819.26500641236,378.446321980291
"1702","ENSG00000189283","chr3","Near_Lm1",60125245,60173303,"FHIT",3819.26500641236,378.446321980291
"1703","ENSG00000189283","chr3","Near_Lm1",60185729,60258337,"FHIT",3819.26500641236,378.446321980291
"1704","ENSG00000189283","chr3","Near_Lm1",60351864,60385733,"FHIT",3819.26500641236,378.446321980291
"1705","ENSG00000189283","chr3","Near_Lm1",60385734,60485733,"FHIT",3819.26500641236,378.446321980291
"1706","ENSG00000189283","chr3","Near_Lm1",60485734,60585733,"FHIT",3819.26500641236,378.446321980291
"1707","ENSG00000189283","chr3","Near_Lm1",60585734,60685733,"FHIT",3819.26500641236,378.446321980291
"1708","ENSG00000189283","chr3","Near_Lm1",60685734,60782101,"FHIT",3819.26500641236,378.446321980291
"1709","ENSG00000189283","chr3","Near_Lm1",60829381,60885672,"FHIT",3819.26500641236,378.446321980291
"1710","ENSG00000189283","chr3","Near_Lm1",60885673,60985672,"FHIT",3819.26500641236,378.446321980291
"1711","ENSG00000189283","chr3","Near_Lm1",60985673,61059610,"FHIT",3819.26500641236,378.446321980291
"1712","ENSG00000189283","chr3","Near_Lm1",61085674,61169874,"FHIT",3819.26500641236,378.446321980291
"1713","ENSG00000189283","chr3","Near_Lm1",61185675,61285674,"FHIT",3819.26500641236,378.446321980291
"1714","ENSG00000196081","chr19","Near_Lm1",23382803,23482802,"ZNF724P",2346.47775887314,4170.14626227612
"1715","ENSG00000196277","chr3","Near_Lm2",6741688,6841687,"GRM7",1.96044527999232,0
"1716","ENSG00000196277","chr3","Near_Lm2",6841688,6941687,"GRM7",1.96044527999232,0
"1717","ENSG00000196277","chr3","Lamina",6941688,7041687,"GRM7",1.96044527999232,0
"1718","ENSG00000196277","chr3","Lamina",7041688,7141687,"GRM7",1.96044527999232,0
"1719","ENSG00000196277","chr3","Lamina",7141688,7241687,"GRM7",1.96044527999232,0
"1720","ENSG00000196277","chr3","Lamina",7241688,7341687,"GRM7",1.96044527999232,0
"1721","ENSG00000196277","chr3","Lamina",7341688,7441687,"GRM7",1.96044527999232,0
"1722","ENSG00000196277","chr3","Lamina",7441688,7541687,"GRM7",1.96044527999232,0
"1723","ENSG00000196277","chr3","Lamina",7541688,7641687,"GRM7",1.96044527999232,0
"1724","ENSG00000196277","chr3","Lamina",7641688,7741687,"GRM7",1.96044527999232,0
"1725","ENSG00000196277","chr3","Lamina",7741688,7841687,"GRM7",1.96044527999232,0
"1726","ENSG00000196353","chr3","Near_Lm1",131218845,131318844,"CPNE4",1.0314802995962,5.40038975880376
"1727","ENSG00000196353","chr3","Near_Lm1",131318845,131418844,"CPNE4",1.0314802995962,5.40038975880376
"1728","ENSG00000196353","chr3","Near_Lm1",131418845,131518844,"CPNE4",1.0314802995962,5.40038975880376
"1729","ENSG00000196353","chr3","Near_Lm1",131518845,131618844,"CPNE4",1.0314802995962,5.40038975880376
"1730","ENSG00000196353","chr3","Near_Lm1",131618845,131718844,"CPNE4",1.0314802995962,5.40038975880376
"1731","ENSG00000196353","chr3","Near_Lm1",131718845,131818844,"CPNE4",1.0314802995962,5.40038975880376
"1732","ENSG00000196353","chr3","Near_Lm1",131818845,131918844,"CPNE4",1.0314802995962,5.40038975880376
"1733","ENSG00000196353","chr3","Near_Lm1",131918845,132018844,"CPNE4",1.0314802995962,5.40038975880376
"1734","ENSG00000196376","chr6","Lamina",118221164,118321163,"SLC35F1",8.60227490732314,56.8427435736403
"1735","ENSG00000196376","chr6","Lamina",118321164,118421163,"SLC35F1",8.60227490732314,56.8427435736403
"1736","ENSG00000196376","chr6","Near_Lm2",118421164,118521163,"SLC35F1",8.60227490732314,56.8427435736403
"1737","ENSG00000196376","chr6","Near_Lm2",118521164,118621163,"SLC35F1",8.60227490732314,56.8427435736403
"1738","ENSG00000196376","chr6","Near_Lm2",118621164,118721163,"SLC35F1",8.60227490732314,56.8427435736403
"1739","ENSG00000196482","chr1","Lamina",216673343,216773342,"ESRRG",0,0
"1740","ENSG00000196482","chr1","Lamina",216773343,216873342,"ESRRG",0,0
"1741","ENSG00000196482","chr1","Lamina",216873343,216973342,"ESRRG",0,0
"1742","ENSG00000196482","chr1","Lamina",216973343,217073342,"ESRRG",0,0
"1743","ENSG00000196482","chr1","Lamina",217073343,217173342,"ESRRG",0,0
"1744","ENSG00000196482","chr1","Lamina",217173343,217273342,"ESRRG",0,0
"1745","ENSG00000196482","chr1","Lamina",217273343,217373342,"ESRRG",0,0
"1746","ENSG00000196586","chr6","Near_Lm2",76454624,76509717,"MYO6",398.039177890694,256.489532943312
"1747","ENSG00000196586","chr6","Near_Lm2",76509718,76609717,"MYO6",398.039177890694,256.489532943312
"1748","ENSG00000196586","chr6","Near_Lm2",76609718,76709717,"MYO6",398.039177890694,256.489532943312
"1749","ENSG00000196591","chr6","Near_Lm2",114221165,114321164,"HDAC2",2554.19422822564,8333.23545319169
"1750","ENSG00000196591","chr6","Near_Lm2",114321165,114421164,"HDAC2",2554.19422822564,8333.23545319169
"1751","ENSG00000196660","chr1","Lamina",219773343,219873342,"SLC30A10",0,0
"1752","ENSG00000196660","chr1","Near_Lm2",219873343,219973342,"SLC30A10",0,0
"1753","ENSG00000196660","chr1","Near_Lm2",219973343,220073342,"SLC30A10",0,0
"1754","ENSG00000196660","chr1","Near_Lm2",220073343,220173342,"SLC30A10",0,0
"1755","ENSG00000197134","chr19","Interior_Repr1",22182803,22282802,"ZNF257",2141.68026328034,3242.8521247914
"1756","ENSG00000197140","chr8","Near_Lm2",38957520,39057519,"ADAM32",5.37455645313117,4.1684536480535
"1757","ENSG00000197140","chr8","Near_Lm2",39057520,39157519,"ADAM32",5.37455645313117,4.1684536480535
"1758","ENSG00000197302","chr16","Interior_Repr1",31711322,31811321,"ZNF720",2645.87616650859,1590.77675686683
"1759","ENSG00000197448","chr7","Near_Lm2",142897094,142997093,"GSTK1",31958.7609205125,23772.5827824693
"1760","ENSG00000197826","chr4","Near_Lm2",81221155,81321154,"C4orf22",0,2.55058622656639
"1761","ENSG00000197826","chr4","Near_Lm2",81321155,81421154,"C4orf22",0,2.55058622656639
"1762","ENSG00000197826","chr4","Near_Lm2",81421155,81521154,"C4orf22",0,2.55058622656639
"1763","ENSG00000197826","chr4","Near_Lm2",81521155,81621154,"C4orf22",0,2.55058622656639
"1764","ENSG00000197826","chr4","Near_Lm2",81621155,81721154,"C4orf22",0,2.55058622656639
"1765","ENSG00000197826","chr4","Near_Lm2",81721155,81821154,"C4orf22",0,2.55058622656639
"1766","ENSG00000197826","chr4","Near_Lm2",81821155,81921154,"C4orf22",0,2.55058622656639
"1767","ENSG00000197872","chr2","Near_Lm2",16681269,16781268,"FAM49A",481.93019317894,290.629623711138
"1768","ENSG00000197872","chr2","Near_Lm2",16781269,16867399,"FAM49A",481.93019317894,290.629623711138
"1769","ENSG00000198046","chr19","Interior_Repr1",56911370,57011369,"ZNF667",435.441706464641,139.404473647255
"1770","ENSG00000198131","chr19","Speckle",58718361,58811366,"ZNF544",3448.78958511848,6026.8627872448
"1771","ENSG00000198482","chr19","Speckle",53003254,53103253,"ZNF808",5274.69796703462,2495.71184812341
"1772","ENSG00000198718","chr14","Near_Lm2",45369204,45469203,"FAM179B",2217.28999219801,1316.71806971989
"1773","ENSG00000198718","chr14","Interior_Act3",45469204,45569203,"FAM179B",2217.28999219801,1316.71806971989
"1774","ENSG00000198785","chr9","Near_Lm2",104262283,104362282,"GRIN3A",363.646867937587,75.2512872542742
"1775","ENSG00000198785","chr9","Near_Lm2",104362283,104462282,"GRIN3A",363.646867937587,75.2512872542742
"1776","ENSG00000198785","chr9","Near_Lm2",104462283,104562282,"GRIN3A",363.646867937587,75.2512872542742
"1777","ENSG00000198887","chr9","Near_Lm1",72814917,72914916,"SMC5",10668.700003583,19976.1072724006
"1778","ENSG00000198887","chr9","Near_Lm1",72914917,73014916,"SMC5",10668.700003583,19976.1072724006
"1779","ENSG00000198964","chr10","Interior_Act3",52059761,52159760,"SGMS1",4767.24260504683,3652.7404277537
"1780","ENSG00000198964","chr10","Interior_Act3",52159761,52259760,"SGMS1",4767.24260504683,3652.7404277537
"1781","ENSG00000198964","chr10","Interior_Act3",52259761,52359760,"SGMS1",4767.24260504683,3652.7404277537
"1782","ENSG00000198964","chr10","Near_Lm2",52359761,52459760,"SGMS1",4767.24260504683,3652.7404277537
"1783","ENSG00000203727","chr6","Interior_Act3",147821137,147921136,"SAMD5",0,7.61766771314796
"1784","ENSG00000203727","chr6","Interior_Act3",147921137,148021136,"SAMD5",0,7.61766771314796
"1785","ENSG00000203727","chr6","Near_Lm1",148021137,148121136,"SAMD5",0,7.61766771314796
"1786","ENSG00000203910","chr1","Near_Lm1",92665558,92765557,"C1orf146",568.472913717749,217.777878471394
"1787","ENSG00000204148","chr9","Lamina",118562280,118662279,"LINC00474",0,0
"1788","ENSG00000204148","chr9","Lamina",118662280,118762279,"LINC00474",0,0
"1789","ENSG00000204178","chr1","Interior_Act1",25726492,25826491,"TMEM57",7621.12793532309,6478.68454953127
"1790","ENSG00000204178","chr1","Interior_Act1",25826492,25926491,"TMEM57",7621.12793532309,6478.68454953127
"1791","ENSG00000204406","chr2","Near_Lm2",148757570,148857569,"MBD5",1051.9585311813,315.719923713168
"1792","ENSG00000204406","chr2","Near_Lm2",148857570,148957569,"MBD5",1051.9585311813,315.719923713168
"1793","ENSG00000204406","chr2","Near_Lm2",148957570,149057569,"MBD5",1051.9585311813,315.719923713168
"1794","ENSG00000204406","chr2","Lamina",149057570,149157569,"MBD5",1051.9585311813,315.719923713168
"1795","ENSG00000204406","chr2","Near_Lm2",149157570,149257569,"MBD5",1051.9585311813,315.719923713168
"1796","ENSG00000204406","chr2","Near_Lm2",149257570,149357569,"MBD5",1051.9585311813,315.719923713168
"1797","ENSG00000204442","chr13","Lamina",107752349,107852348,"FAM155A",1.8808648821274,0
"1798","ENSG00000204442","chr13","Lamina",107852349,107952348,"FAM155A",1.8808648821274,0
"1799","ENSG00000204442","chr13","Lamina",107952349,108052348,"FAM155A",1.8808648821274,0
"1800","ENSG00000204442","chr13","Lamina",108052349,108152348,"FAM155A",1.8808648821274,0
"1801","ENSG00000204442","chr13","Lamina",108152349,108252348,"FAM155A",1.8808648821274,0
"1802","ENSG00000204442","chr13","Lamina",108252349,108352348,"FAM155A",1.8808648821274,0
"1803","ENSG00000204442","chr13","Near_Lm2",108352349,108452348,"FAM155A",1.8808648821274,0
"1804","ENSG00000204442","chr13","Near_Lm2",108452349,108552348,"FAM155A",1.8808648821274,0
"1805","ENSG00000204711","chr9","Near_Lm1",72414917,72514916,"C9orf135",0,54.9146326047894
"1806","ENSG00000204711","chr9","Near_Lm1",72514917,72614916,"C9orf135",0,54.9146326047894
"1807","ENSG00000204764","chr5","Near_Lm2",170227005,170327004,"RANBP17",9.30762612806365,1.04116953489386
"1808","ENSG00000204764","chr5","Near_Lm2",170327005,170427004,"RANBP17",9.30762612806365,1.04116953489386
"1809","ENSG00000204764","chr5","Lamina",170427005,170527004,"RANBP17",9.30762612806365,1.04116953489386
"1810","ENSG00000204764","chr5","Interior_Repr1",170485825,170485994,"RANBP17",9.30762612806365,1.04116953489386
"1811","ENSG00000204764","chr5","Near_Lm2",170527005,170627004,"RANBP17",9.30762612806365,1.04116953489386
"1812","ENSG00000204764","chr5","Near_Lm2",170627005,170727004,"RANBP17",9.30762612806365,1.04116953489386
"1813","ENSG00000204764","chr5","Near_Lm2",170727005,170827004,"RANBP17",9.30762612806365,1.04116953489386
"1814","ENSG00000204956","chr5","Interior_Repr1",140681653,140779567,"PCDHGA1",55.2397892515735,2.04546534932592
"1815","ENSG00000204956","chr5","Interior_Act1",140779568,140879567,"PCDHGA1",55.2397892515735,2.04546534932592
"1816","ENSG00000204956","chr5","Interior_Act2",140879568,140979567,"PCDHGA1",55.2397892515735,2.04546534932592
"1817","ENSG00000205060","chr7","Near_Lm1",133884753,133984752,"SLC35B4",2677.69003344443,5785.42625189668
"1818","ENSG00000205060","chr7","Near_Lm1",133984753,134084752,"SLC35B4",2677.69003344443,5785.42625189668
"1819","ENSG00000205649","chr4","Lamina",70865718,70965717,"HTN3",0,0
"1820","ENSG00000205838","chr5","Near_Lm1",34800106,34900105,"TTC23L",90.6720691786514,50.2926824072021
"1821","ENSG00000206120","chr3","Near_Lm2",167917789,168017788,"EGFEM1P",2.80877975957024,0
"1822","ENSG00000206120","chr3","Lamina",168017789,168117788,"EGFEM1P",2.80877975957024,0
"1823","ENSG00000206120","chr3","Near_Lm2",168070408,168070677,"EGFEM1P",2.80877975957024,0
"1824","ENSG00000206120","chr3","Lamina",168117789,168217788,"EGFEM1P",2.80877975957024,0
"1825","ENSG00000206120","chr3","Lamina",168217789,168317788,"EGFEM1P",2.80877975957024,0
"1826","ENSG00000206120","chr3","Lamina",168317789,168417788,"EGFEM1P",2.80877975957024,0
"1827","ENSG00000206120","chr3","Lamina",168417789,168517788,"EGFEM1P",2.80877975957024,0
"1828","ENSG00000206120","chr3","Lamina",168517789,168617788,"EGFEM1P",2.80877975957024,0
"1829","ENSG00000206579","chr8","Near_Lm2",56012561,56112560,"XKR4",0.767294081906257,0
"1830","ENSG00000206579","chr8","Near_Lm2",56112561,56212560,"XKR4",0.767294081906257,0
"1831","ENSG00000206579","chr8","Near_Lm2",56212561,56312560,"XKR4",0.767294081906257,0
"1832","ENSG00000206579","chr8","Near_Lm2",56312561,56405914,"XKR4",0.767294081906257,0
"1833","ENSG00000206579","chr8","Near_Lm1",56412560,56512559,"XKR4",0.767294081906257,0
"1834","ENSG00000213096","chr19","Near_Lm1",24182803,24282802,"ZNF254",3086.04300194979,2173.60235843913
"1835","ENSG00000213096","chr19","Near_Lm2",24282803,24382802,"ZNF254",3086.04300194979,2173.60235843913
"1836","ENSG00000214216","chr3","Near_Lm2",158617790,158717789,"IQCJ",0,0
"1837","ENSG00000214216","chr3","Lamina",158717790,158817789,"IQCJ",0,0
"1838","ENSG00000214216","chr3","Lamina",158817790,158917789,"IQCJ",0,0
"1839","ENSG00000214216","chr3","Lamina",158917790,159017789,"IQCJ",0,0
"1840","ENSG00000214960","chr7","Near_Lm2",16039626,16139625,"ISPD",247.081274151464,208.3088363862
"1841","ENSG00000214960","chr7","Near_Lm2",16139626,16239625,"ISPD",247.081274151464,208.3088363862
"1842","ENSG00000214960","chr7","Near_Lm2",16239626,16339625,"ISPD",247.081274151464,208.3088363862
"1843","ENSG00000214960","chr7","Interior_Act3",16339626,16439625,"ISPD",247.081274151464,208.3088363862
"1844","ENSG00000214960","chr7","Interior_Act3",16439626,16539625,"ISPD",247.081274151464,208.3088363862
"1845","ENSG00000215252","chr15","Interior_Repr2",34792202,34892201,"GOLGA8B",24482.4414710299,5937.72301940694
"1846","ENSG00000215262","chr8","Lamina",36557519,36657518,"KCNU1",0,0
"1847","ENSG00000215262","chr8","Lamina",36657519,36757518,"KCNU1",0,0
"1848","ENSG00000215262","chr8","Near_Lm2",36757519,36857518,"KCNU1",0,0
"1849","ENSG00000215421","chr18","Interior_Act3",72335295,72411956,"ZNF407",4965.42279072077,2810.76619046288
"1850","ENSG00000215421","chr18","Interior_Act3",72411957,72511956,"ZNF407",4965.42279072077,2810.76619046288
"1851","ENSG00000215421","chr18","Interior_Act3",72511957,72611956,"ZNF407",4965.42279072077,2810.76619046288
"1852","ENSG00000215421","chr18","Near_Lm1",72611957,72711956,"ZNF407",4965.42279072077,2810.76619046288
"1853","ENSG00000215421","chr18","Near_Lm1",72711957,72811956,"ZNF407",4965.42279072077,2810.76619046288
"1854","ENSG00000217128","chr5","Interior_Act3",130935694,131035693,"FNIP1",7712.89872991622,5646.70606979032
"1855","ENSG00000217128","chr5","Interior_Act3",131035694,131135693,"FNIP1",7712.89872991622,5646.70606979032
"1856","ENSG00000218336","chr4","Near_Lm2",183021154,183121153,"TENM3",0.545910711845039,0
"1857","ENSG00000218336","chr4","Near_Lm2",183121154,183221153,"TENM3",0.545910711845039,0
"1858","ENSG00000218336","chr4","Near_Lm2",183221154,183321153,"TENM3",0.545910711845039,0
"1859","ENSG00000218336","chr4","Near_Lm2",183321154,183421153,"TENM3",0.545910711845039,0
"1860","ENSG00000218336","chr4","Lamina",183421154,183521153,"TENM3",0.545910711845039,0
"1861","ENSG00000218336","chr4","Near_Lm2",183521154,183621153,"TENM3",0.545910711845039,0
"1862","ENSG00000218336","chr4","Near_Lm2",183621154,183721153,"TENM3",0.545910711845039,0
"1863","ENSG00000218336","chr4","Near_Lm2",183721154,183821153,"TENM3",0.545910711845039,0
"1864","ENSG00000219545","chr7","Interior_Act3",7639632,7739631,"RPA3-AS1",3870.41045896496,2317.2999422364
"1865","ENSG00000219545","chr7","Interior_Act3",7739632,7839631,"RPA3-AS1",3870.41045896496,2317.2999422364
"1866","ENSG00000219545","chr7","Interior_Act3",7839632,7939631,"RPA3-AS1",3870.41045896496,2317.2999422364
"1867","ENSG00000219545","chr7","Interior_Act3",7939632,8039631,"RPA3-AS1",3870.41045896496,2317.2999422364
"1868","ENSG00000219545","chr7","Interior_Act3",8042953,8139630,"RPA3-AS1",3870.41045896496,2317.2999422364
"1869","ENSG00000225025","chrX","Lamina",78555498,78655497,"KIF4CP",64.3621168753902,68.2946521428692
"1870","ENSG00000225937","chr9","Near_Lm1",79314917,79414916,"PCA3",0,0
"1871","ENSG00000226124","chr2","Near_Lm2",200564724,200664723,"FTCDNL1",559.548223620384,518.40374270407
"1872","ENSG00000226124","chr2","Near_Lm2",200664724,200764723,"FTCDNL1",559.548223620384,518.40374270407
"1873","ENSG00000226278","chr7","Near_Lm1",55767694,55867693,"PSPHP1",25.0637856706479,36.4657098483277
"1874","ENSG00000226722","chr13","Near_Lm1",22374140,22474139,"LINC00424",0,0
"1875","ENSG00000227028","chr2","Near_Lm2",39927141,40027140,"SLC8A1-AS1",1.97756671706374,133.108022672941
"1876","ENSG00000227028","chr2","Near_Lm2",40027141,40127140,"SLC8A1-AS1",1.97756671706374,133.108022672941
"1877","ENSG00000227028","chr2","Lamina",40127141,40227140,"SLC8A1-AS1",1.97756671706374,133.108022672941
"1878","ENSG00000227028","chr2","Lamina",40227141,40327140,"SLC8A1-AS1",1.97756671706374,133.108022672941
"1879","ENSG00000227028","chr2","Lamina",40327141,40427140,"SLC8A1-AS1",1.97756671706374,133.108022672941
"1880","ENSG00000227028","chr2","Lamina",40427141,40527140,"SLC8A1-AS1",1.97756671706374,133.108022672941
"1881","ENSG00000227110","chr3","Lamina",7941688,8041687,"LMCD1-AS1",3.97103477034297,10.0187049150312
"1882","ENSG00000227110","chr3","Lamina",8041688,8141687,"LMCD1-AS1",3.97103477034297,10.0187049150312
"1883","ENSG00000227110","chr3","Lamina",8141688,8241687,"LMCD1-AS1",3.97103477034297,10.0187049150312
"1884","ENSG00000227110","chr3","Lamina",8241688,8335813,"LMCD1-AS1",3.97103477034297,10.0187049150312
"1885","ENSG00000227110","chr3","Near_Lm2",8381302,8441686,"LMCD1-AS1",3.97103477034297,10.0187049150312
"1886","ENSG00000227110","chr3","Near_Lm2",8441687,8541686,"LMCD1-AS1",3.97103477034297,10.0187049150312
"1887","ENSG00000227110","chr3","Near_Lm2",8541687,8641686,"LMCD1-AS1",3.97103477034297,10.0187049150312
"1888","ENSG00000227110","chr3","Near_Lm1",8641687,8741686,"LMCD1-AS1",3.97103477034297,10.0187049150312
"1889","ENSG00000227646","chr7","Lamina",89429315,89529314,"STEAP2-AS1",0,0
"1890","ENSG00000227646","chr7","Lamina",89529315,89629314,"STEAP2-AS1",0,0
"1891","ENSG00000227646","chr7","Lamina",89629315,89729314,"STEAP2-AS1",0,0
"1892","ENSG00000227646","chr7","Lamina",89729315,89829314,"STEAP2-AS1",0,0
"1893","ENSG00000227646","chr7","Near_Lm2",89829315,89929314,"STEAP2-AS1",0,0
"1894","ENSG00000228221","chr3","Interior_Act3",177117789,177217788,"LINC00578",18.3427417856532,0
"1895","ENSG00000228221","chr3","Interior_Act3",177217789,177317788,"LINC00578",18.3427417856532,0
"1896","ENSG00000228221","chr3","Interior_Act3",177317789,177417788,"LINC00578",18.3427417856532,0
"1897","ENSG00000228221","chr3","Near_Lm2",177417789,177517788,"LINC00578",18.3427417856532,0
"1898","ENSG00000229240","chr10","Near_Lm2",10941964,11041963,"LINC00710",0,0
"1899","ENSG00000230448","chr2","Lamina",13840126,13940125,"LINC00276",0,0
"1900","ENSG00000230448","chr2","Lamina",13940126,14040125,"LINC00276",0,0
"1901","ENSG00000230448","chr2","Lamina",14040126,14140125,"LINC00276",0,0
"1902","ENSG00000230448","chr2","Lamina",14140126,14240125,"LINC00276",0,0
"1903","ENSG00000230448","chr2","Lamina",14240126,14333879,"LINC00276",0,0
"1904","ENSG00000230448","chr2","Lamina",14340125,14440124,"LINC00276",0,0
"1905","ENSG00000230448","chr2","Lamina",14440125,14540124,"LINC00276",0,0
"1906","ENSG00000230448","chr2","Lamina",14540125,14640124,"LINC00276",0,0
"1907","ENSG00000231757","chr9",NA,NA,NA,"FAM74A2",0,0
"1908","ENSG00000232270","chr7",NA,NA,NA,"INTS4L2",889.037285695653,986.596205805602
"1909","ENSG00000232284","chr1","Near_Lm2",68265684,68365683,"GNG12-AS1",0,0
"1910","ENSG00000232284","chr1","Near_Lm2",68365684,68465683,"GNG12-AS1",0,0
"1911","ENSG00000232284","chr1","Near_Lm2",68465684,68565683,"GNG12-AS1",0,0
"1912","ENSG00000232284","chr1","Near_Lm2",68565684,68665683,"GNG12-AS1",0,0
"1913","ENSG00000232284","chr1","Near_Lm2",68665684,68765683,"GNG12-AS1",0,0
"1914","ENSG00000232745","chr1",NA,NA,NA,"ANKRD20A14P",68.0852668512938,34.4439715716834
"1915","ENSG00000233844","chr6","Near_Lm2",73311108,73374388,"KCNQ5-IT1",2306.68179387922,419.17420156221
"1916","ENSG00000234871","chr1","Near_Lm2",192869131,192969130,"LINC01032",291.545204772771,34.4838777913534
"1917","ENSG00000235770","chr2","Interior_Act3",216464724,216539644,"LINC00607",0,0
"1918","ENSG00000235770","chr2","Interior_Act3",216564724,216664723,"LINC00607",0,0
"1919","ENSG00000235770","chr2","Interior_Act3",216664724,216764723,"LINC00607",0,0
"1920","ENSG00000236088","chr17","Interior_Repr1",13603318,13703317,"COX10-AS1",2200.68651175115,1372.87932710451
"1921","ENSG00000236088","chr17","Interior_Repr2",13703318,13803317,"COX10-AS1",2200.68651175115,1372.87932710451
"1922","ENSG00000236088","chr17","Interior_Repr2",13803318,13903317,"COX10-AS1",2200.68651175115,1372.87932710451
"1923","ENSG00000236088","chr17","Interior_Repr2",13903318,14003317,"COX10-AS1",2200.68651175115,1372.87932710451
"1924","ENSG00000236671","chr10","Lamina",53959761,54059760,"PRKG1-AS1",0,0
"1925","ENSG00000236671","chr10","Lamina",54059761,54159760,"PRKG1-AS1",0,0
"1926","ENSG00000236699","chr4","Near_Lm2",106421158,106521157,"ARHGEF38",85.1956645216872,21.9990897240277
"1927","ENSG00000236699","chr4","Near_Lm2",106521158,106621157,"ARHGEF38",85.1956645216872,21.9990897240277
"1928","ENSG00000236699","chr4","Near_Lm2",106621158,106721157,"ARHGEF38",85.1956645216872,21.9990897240277
"1929","ENSG00000240254","chr3","Near_Lm2",118918848,119018847,"B4GALT4-AS1",1082.98462398792,222.504087033154
"1930","ENSG00000240423","chr3","Interior_Act3",107518848,107618847,"LINC00636",0,7.52970749241576
"1931","ENSG00000240423","chr3","Interior_Act3",107618848,107718847,"LINC00636",0,7.52970749241576
"1932","ENSG00000240891","chr3","Near_Lm2",111318848,111418847,"PLCXD2",2095.09708812593,1207.12909022914
"1933","ENSG00000240891","chr3","Near_Lm2",111418848,111518847,"PLCXD2",2095.09708812593,1207.12909022914
"1934","ENSG00000240891","chr3","Near_Lm2",111518848,111618847,"PLCXD2",2095.09708812593,1207.12909022914
"1935","ENSG00000241353","chr13","Interior_Act3",46874136,46974135,"PPP1R2P4",0,0
"1936","ENSG00000241353","chr13","Interior_Act3",46974136,47074135,"PPP1R2P4",0,0
"1937","ENSG00000241684","chr3","Near_Lm1",64585677,64685676,"ADAMTS9-AS2",0,0
"1938","ENSG00000241684","chr3","Near_Lm1",64685677,64785676,"ADAMTS9-AS2",0,0
"1939","ENSG00000241684","chr3","Near_Lm1",64793400,64885675,"ADAMTS9-AS2",0,0
"1940","ENSG00000241684","chr3","Near_Lm1",64885676,64985675,"ADAMTS9-AS2",0,0
"1941","ENSG00000241684","chr3","Near_Lm1",64985676,65085675,"ADAMTS9-AS2",0,0
"1942","ENSG00000241749","chr12","Near_Lm1",66093781,66193780,"RPSAP52",0,0
"1943","ENSG00000241749","chr12","Near_Lm1",66193781,66293780,"RPSAP52",0,0
"1944","ENSG00000241962","chr2","Near_Lm1",99716464,99816463,"C2orf15",134.754135415344,73.6938785236218
"1945","ENSG00000241962","chr2","Interior_Repr2",99816464,99916463,"C2orf15",134.754135415344,73.6938785236218
"1946","ENSG00000241962","chr2","Interior_Repr2",99916464,100016463,"C2orf15",134.754135415344,73.6938785236218
"1947","ENSG00000242759","chr3","Lamina",106518848,106618847,"LINC00882",7.51586589993178,4.90342620835318
"1948","ENSG00000242759","chr3","Lamina",106618848,106718847,"LINC00882",7.51586589993178,4.90342620835318
"1949","ENSG00000242759","chr3","Near_Lm2",106718848,106818847,"LINC00882",7.51586589993178,4.90342620835318
"1950","ENSG00000242759","chr3","Near_Lm2",106818848,106918847,"LINC00882",7.51586589993178,4.90342620835318
"1951","ENSG00000242759","chr3","Near_Lm2",106918848,107018847,"LINC00882",7.51586589993178,4.90342620835318
"1952","ENSG00000243566","chr7","Interior_Act3",76129318,76229317,"UPK3B",311.234596288174,76.4231555779683
"1953","ENSG00000243566","chr7","Near_Lm2",76229318,76329317,"UPK3B",311.234596288174,76.4231555779683
"1954","ENSG00000243566","chr7","Near_Lm2",76329318,76429317,"UPK3B",311.234596288174,76.4231555779683
"1955","ENSG00000243566","chr7","Near_Lm2",76429318,76529317,"UPK3B",311.234596288174,76.4231555779683
"1956","ENSG00000243566","chr7","Near_Lm2",76529318,76629317,"UPK3B",311.234596288174,76.4231555779683
"1957","ENSG00000243566","chr7","Near_Lm1",76629318,76729317,"UPK3B",311.234596288174,76.4231555779683
"1958","ENSG00000243660","chr10","Near_Lm1",43895449,43995448,"ZNF487",707.241743546366,411.77583623996
"1959","ENSG00000244968","chr5","Near_Lm1",38500103,38600102,"LIFR-AS1",11.8720465035874,0
"1960","ENSG00000244968","chr5","Near_Lm1",38600103,38700102,"LIFR-AS1",11.8720465035874,0
"1961","ENSG00000245680","chr19","Interior_Repr1",37590903,37690902,"ZNF585B",2745.45938607504,972.409004952426
"1962","ENSG00000245680","chr19","Interior_Repr1",37690903,37790902,"ZNF585B",2745.45938607504,972.409004952426
"1963","ENSG00000248550","chr14","Near_Lm1",57266719,57366718,"OTX2-AS1",0,0
"1964","ENSG00000248550","chr14","Near_Lm1",57366719,57466718,"OTX2-AS1",0,0
"1965","ENSG00000248550","chr14","Near_Lm1",57466719,57566718,"OTX2-AS1",0,0
"1966","ENSG00000248550","chr14","Near_Lm1",57566719,57666718,"OTX2-AS1",0,0
"1967","ENSG00000248724","chr3","Near_Lm1",132418845,132518844,"NPHP3-AS1",18.449053726458,8.02836978735366
"1968","ENSG00000248724","chr3","Interior_Repr1",132517929,132518154,"NPHP3-AS1",18.449053726458,8.02836978735366
"1969","ENSG00000248724","chr3","Near_Lm1",132518845,132618844,"NPHP3-AS1",18.449053726458,8.02836978735366
"1970","ENSG00000249834","chr5","Near_Lm2",147679564,147779563,"PGBD4P3",33.7778729434033,19.6496109296233
"1971","ENSG00000250588","chr3","Near_Lm2",158617790,158717789,"IQCJ-SCHIP1",0,7.89937906946844
"1972","ENSG00000250588","chr3","Lamina",158717790,158817789,"IQCJ-SCHIP1",0,7.89937906946844
"1973","ENSG00000250588","chr3","Lamina",158817790,158917789,"IQCJ-SCHIP1",0,7.89937906946844
"1974","ENSG00000250588","chr3","Lamina",158917790,159017789,"IQCJ-SCHIP1",0,7.89937906946844
"1975","ENSG00000250588","chr3","Lamina",159017790,159117789,"IQCJ-SCHIP1",0,7.89937906946844
"1976","ENSG00000250588","chr3","Lamina",159117790,159217789,"IQCJ-SCHIP1",0,7.89937906946844
"1977","ENSG00000250588","chr3","Lamina",159217790,159317789,"IQCJ-SCHIP1",0,7.89937906946844
"1978","ENSG00000250588","chr3","Near_Lm2",159317790,159417789,"IQCJ-SCHIP1",0,7.89937906946844
"1979","ENSG00000250588","chr3","Near_Lm2",159417790,159517789,"IQCJ-SCHIP1",0,7.89937906946844
"1980","ENSG00000250588","chr3","Near_Lm2",159517790,159617789,"IQCJ-SCHIP1",0,7.89937906946844
"1981","ENSG00000251655","chr12","Interior_Repr1",11452935,11552934,"PRB1",58.4416387328341,10.5983128121752
"1982","ENSG00000253485","chr5","Interior_Repr1",140681653,140779567,"PCDHGA5",47.3478661142576,12.2428133430604
"1983","ENSG00000253485","chr5","Interior_Act1",140779568,140879567,"PCDHGA5",47.3478661142576,12.2428133430604
"1984","ENSG00000253485","chr5","Interior_Act2",140879568,140979567,"PCDHGA5",47.3478661142576,12.2428133430604
"1985","ENSG00000253537","chr5","Interior_Repr1",140681653,140779567,"PCDHGA7",49.5735105442762,2.0667861607847
"1986","ENSG00000253537","chr5","Interior_Act1",140779568,140879567,"PCDHGA7",49.5735105442762,2.0667861607847
"1987","ENSG00000253537","chr5","Interior_Act2",140879568,140979567,"PCDHGA7",49.5735105442762,2.0667861607847
"1988","ENSG00000253731","chr5","Interior_Repr1",140681653,140779567,"PCDHGA6",101.956825630185,8.67949506218278
"1989","ENSG00000253731","chr5","Interior_Act1",140779568,140879567,"PCDHGA6",101.956825630185,8.67949506218278
"1990","ENSG00000253731","chr5","Interior_Act2",140879568,140979567,"PCDHGA6",101.956825630185,8.67949506218278
"1991","ENSG00000253767","chr5","Interior_Repr1",140681653,140779567,"PCDHGA8",32.9044259439273,0
"1992","ENSG00000253767","chr5","Interior_Act1",140779568,140879567,"PCDHGA8",32.9044259439273,0
"1993","ENSG00000253767","chr5","Interior_Act2",140879568,140979567,"PCDHGA8",32.9044259439273,0
"1994","ENSG00000253910","chr5","Interior_Repr1",140681653,140779567,"PCDHGB2",80.4940273502836,28.0834398965025
"1995","ENSG00000253910","chr5","Interior_Act1",140779568,140879567,"PCDHGB2",80.4940273502836,28.0834398965025
"1996","ENSG00000253910","chr5","Interior_Act2",140879568,140979567,"PCDHGB2",80.4940273502836,28.0834398965025
"1997","ENSG00000253953","chr5","Interior_Repr1",140681653,140779567,"PCDHGB4",91.7592765180407,33.5926010993578
"1998","ENSG00000253953","chr5","Interior_Act1",140779568,140879567,"PCDHGB4",91.7592765180407,33.5926010993578
"1999","ENSG00000253953","chr5","Interior_Act2",140879568,140979567,"PCDHGB4",91.7592765180407,33.5926010993578
"2000","ENSG00000254221","chr5","Interior_Repr1",140681653,140779567,"PCDHGB1",17.234278402798,7.17418053106509
"2001","ENSG00000254221","chr5","Interior_Act1",140779568,140879567,"PCDHGB1",17.234278402798,7.17418053106509
"2002","ENSG00000254221","chr5","Interior_Act2",140879568,140979567,"PCDHGB1",17.234278402798,7.17418053106509
"2003","ENSG00000254245","chr5","Interior_Repr1",140681653,140779567,"PCDHGA3",16.2731835979206,0
"2004","ENSG00000254245","chr5","Interior_Act1",140779568,140879567,"PCDHGA3",16.2731835979206,0
"2005","ENSG00000254245","chr5","Interior_Act2",140879568,140979567,"PCDHGA3",16.2731835979206,0
"2006","ENSG00000256771","chr19","Interior_Repr1",19910810,20010809,"ZNF253",5863.35262767323,3898.78474745274
"2007","ENSG00000257242","chr12","Interior_Act3",92293777,92393776,"C12orf79",4890.78697850748,599.686679766798
"2008","ENSG00000257242","chr12","Interior_Act3",92393777,92493776,"C12orf79",4890.78697850748,599.686679766798
"2009","ENSG00000257242","chr12","Interior_Act3",92493777,92593776,"C12orf79",4890.78697850748,599.686679766798
"2010","ENSG00000259070","chr14","Near_Lm2",39169205,39269204,"LINC00639",10.2122081480915,0
"2011","ENSG00000259070","chr14","Near_Lm2",39269205,39369204,"LINC00639",10.2122081480915,0
"2012","ENSG00000259070","chr14","Near_Lm2",39369205,39469204,"LINC00639",10.2122081480915,0
"2013","ENSG00000262209","chr5","Interior_Repr1",140681653,140779567,"PCDHGB3",103.825890996838,13.28578858929
"2014","ENSG00000262209","chr5","Interior_Act1",140779568,140879567,"PCDHGB3",103.825890996838,13.28578858929
"2015","ENSG00000262209","chr5","Interior_Act2",140879568,140979567,"PCDHGB3",103.825890996838,13.28578858929
"2016","ENSG00000262576","chr5","Interior_Repr1",140681653,140779567,"PCDHGA4",36.8190571254725,7.15547341103623
"2017","ENSG00000262576","chr5","Interior_Act1",140779568,140879567,"PCDHGA4",36.8190571254725,7.15547341103623
"2018","ENSG00000262576","chr5","Interior_Act2",140879568,140979567,"PCDHGA4",36.8190571254725,7.15547341103623
"2019","ENSG00000263753","chr18","Near_Lm2",5200000,5299999,"LINC00667",6671.79539506786,2651.80515303844
"2020","ENSG00000267374","chr18","Lamina",36779965,36879964,"LINC00669",10.9660721411189,15.9402992766714
"2021","ENSG00000267374","chr18","Lamina",36879965,36979964,"LINC00669",10.9660721411189,15.9402992766714
"2022","ENSG00000267374","chr18","Lamina",36979965,37079964,"LINC00669",10.9660721411189,15.9402992766714
"2023","ENSG00000267374","chr18","Lamina",37079965,37179964,"LINC00669",10.9660721411189,15.9402992766714
"2024","ENSG00000267374","chr18","Lamina",37179965,37279964,"LINC00669",10.9660721411189,15.9402992766714
"2025","ENSG00000267374","chr18","Lamina",37279965,37379964,"LINC00669",10.9660721411189,15.9402992766714
"2026","ENSG00000267374","chr18","Lamina",37379965,37479964,"LINC00669",10.9660721411189,15.9402992766714
