"","chromosome_name","spin","spin_start","spin_end","ensembl_gene_id","hgnc_symbol"
"1","chr1","Interior_Act1",25726492,25826491,"ENSG00000204178","TMEM57"
"2","chr1","Interior_Act1",25826492,25926491,"ENSG00000204178","TMEM57"
"3","chr1","Interior_Repr1",33965601,34065600,"ENSG00000121904","CSMD2"
"4","chr1","Interior_Repr1",34065601,34165600,"ENSG00000121904","CSMD2"
"5","chr1","Interior_Repr1",34189959,34265601,"ENSG00000121904","CSMD2"
"6","chr1","Interior_Repr1",34265602,34365601,"ENSG00000121904","CSMD2"
"7","chr1","Interior_Repr1",34365602,34465601,"ENSG00000121904","CSMD2"
"8","chr1","Interior_Repr1",34465602,34565601,"ENSG00000121904","CSMD2"
"9","chr1","Interior_Repr1",34565602,34665601,"ENSG00000121904","CSMD2"
"10","chr1","Interior_Repr1",34565602,34665601,"ENSG00000142698","C1orf94"
"11","chr1","Interior_Repr1",34665602,34765601,"ENSG00000142698","C1orf94"
"12","chr1","Near_Lm2",50465673,50565672,"ENSG00000162374","ELAVL4"
"13","chr1","Near_Lm2",50565673,50665672,"ENSG00000162374","ELAVL4"
"14","chr1","Near_Lm2",50665673,50765672,"ENSG00000162374","ELAVL4"
"15","chr1","Near_Lm2",56865673,56965672,"ENSG00000162407","PPAP2B"
"16","chr1","Near_Lm2",56965673,57016384,"ENSG00000162407","PPAP2B"
"17","chr1","Near_Lm2",57065674,57165673,"ENSG00000162407","PPAP2B"
"18","chr1","Near_Lm1",62865672,62965671,"ENSG00000116641","DOCK7"
"19","chr1","Near_Lm1",62965672,63065671,"ENSG00000116641","DOCK7"
"20","chr1","Near_Lm1",63065672,63165671,"ENSG00000116641","DOCK7"
"21","chr1","Interior_Act3",65565684,65665683,"ENSG00000162433","AK4"
"22","chr1","Interior_Act3",65665684,65765683,"ENSG00000162433","AK4"
"23","chr1","Near_Lm2",66965684,67065683,"ENSG00000118473","SGIP1"
"24","chr1","Near_Lm2",67065684,67165683,"ENSG00000118473","SGIP1"
"25","chr1","Near_Lm2",67165684,67265683,"ENSG00000118473","SGIP1"
"26","chr1","Near_Lm2",68265684,68365683,"ENSG00000232284","GNG12-AS1"
"27","chr1","Near_Lm2",68365684,68465683,"ENSG00000232284","GNG12-AS1"
"28","chr1","Near_Lm2",68465684,68565683,"ENSG00000232284","GNG12-AS1"
"29","chr1","Near_Lm2",68565684,68665683,"ENSG00000232284","GNG12-AS1"
"30","chr1","Near_Lm2",68665684,68765683,"ENSG00000232284","GNG12-AS1"
"31","chr1","Near_Lm2",68465684,68565683,"ENSG00000116729","WLS"
"32","chr1","Near_Lm2",68565684,68665683,"ENSG00000116729","WLS"
"33","chr1","Near_Lm2",68665684,68765683,"ENSG00000116729","WLS"
"34","chr1","Near_Lm2",70665684,70765683,"ENSG00000116754","SRSF11"
"35","chr1","Near_Lm2",77665686,77765685,"ENSG00000154027","AK5"
"36","chr1","Near_Lm2",77765686,77865685,"ENSG00000154027","AK5"
"37","chr1","Near_Lm2",77865686,77965685,"ENSG00000154027","AK5"
"38","chr1","Near_Lm2",77965686,78065685,"ENSG00000154027","AK5"
"39","chr1","Lamina",81765686,81865685,"ENSG00000117114","LPHN2"
"40","chr1","Lamina",81865686,81965685,"ENSG00000117114","LPHN2"
"41","chr1","Lamina",81965686,82065685,"ENSG00000117114","LPHN2"
"42","chr1","Lamina",82065686,82165685,"ENSG00000117114","LPHN2"
"43","chr1","Lamina",82165686,82265685,"ENSG00000117114","LPHN2"
"44","chr1","Lamina",82265686,82365685,"ENSG00000117114","LPHN2"
"45","chr1","Lamina",82373115,82465684,"ENSG00000117114","LPHN2"
"46","chr1","Near_Lm2",84465684,84565683,"ENSG00000142875","PRKACB"
"47","chr1","Near_Lm2",84565684,84665683,"ENSG00000142875","PRKACB"
"48","chr1","Near_Lm2",84665684,84765683,"ENSG00000142875","PRKACB"
"49","chr1","Interior_Act3",85065684,85165683,"ENSG00000180869","C1orf180"
"50","chr1","Near_Lm2",85765684,85865683,"ENSG00000153904","DDAH1"
"51","chr1","Near_Lm2",85865684,85965683,"ENSG00000153904","DDAH1"
"52","chr1","Near_Lm2",85965684,86065683,"ENSG00000153904","DDAH1"
"53","chr1","Near_Lm2",89365684,89465683,"ENSG00000137944","CCBL2"
"54","chr1","Near_Lm1",92665558,92765557,"ENSG00000203910","C1orf146"
"55","chr1","Lamina",99065557,99165556,"ENSG00000162627","SNX7"
"56","chr1","Lamina",99165557,99265556,"ENSG00000162627","SNX7"
"57","chr1","Interior_Act3",100265557,100365556,"ENSG00000162688","AGL"
"58","chr1","Interior_Act3",100365557,100465556,"ENSG00000162688","AGL"
"59","chr1","Near_Lm2",101265557,101365556,"ENSG00000162694","EXTL2"
"60","chr1","Interior_Repr2",111642623,111742622,"ENSG00000162777","DENND2D"
"61","chr1","Interior_Repr2",111742623,111842622,"ENSG00000162777","DENND2D"
"62","chr1","Near_Lm1",116442622,116542621,"ENSG00000163393","SLC22A15"
"63","chr1","Near_Lm1",116542622,116642621,"ENSG00000163393","SLC22A15"
"64","chr1",NA,NA,NA,"ENSG00000232745","ANKRD20A14P"
"65","chr1","Near_Lm2",164469238,164569237,"ENSG00000185630","PBX1"
"66","chr1","Near_Lm2",164569238,164669237,"ENSG00000185630","PBX1"
"67","chr1","Near_Lm2",164669238,164769237,"ENSG00000185630","PBX1"
"68","chr1","Near_Lm2",164769238,164869237,"ENSG00000185630","PBX1"
"69","chr1","Near_Lm2",171097443,171169139,"ENSG00000094963","FMO2"
"70","chr1","Near_Lm2",171169140,171269139,"ENSG00000094963","FMO2"
"71","chr1","Near_Lm1",174069139,174169138,"ENSG00000152061","RABGAP1L"
"72","chr1","Near_Lm1",174169139,174269138,"ENSG00000152061","RABGAP1L"
"73","chr1","Near_Lm1",174269139,174369138,"ENSG00000152061","RABGAP1L"
"74","chr1","Near_Lm1",174369139,174469138,"ENSG00000152061","RABGAP1L"
"75","chr1","Near_Lm1",174469139,174569138,"ENSG00000152061","RABGAP1L"
"76","chr1","Near_Lm1",174569139,174669138,"ENSG00000152061","RABGAP1L"
"77","chr1","Near_Lm1",174669139,174769138,"ENSG00000152061","RABGAP1L"
"78","chr1","Near_Lm1",174769139,174853058,"ENSG00000152061","RABGAP1L"
"79","chr1","Interior_Act3",174869138,174968530,"ENSG00000152061","RABGAP1L"
"80","chr1","Near_Lm1",175269137,175369136,"ENSG00000116147","TNR"
"81","chr1","Near_Lm1",175369137,175469136,"ENSG00000116147","TNR"
"82","chr1","Near_Lm1",175469137,175569136,"ENSG00000116147","TNR"
"83","chr1","Near_Lm1",175569137,175669136,"ENSG00000116147","TNR"
"84","chr1","Near_Lm1",175669137,175769136,"ENSG00000116147","TNR"
"85","chr1","Near_Lm2",177969136,178069135,"ENSG00000075391","RASAL2"
"86","chr1","Near_Lm2",178069136,178169135,"ENSG00000075391","RASAL2"
"87","chr1","Lamina",178169136,178269135,"ENSG00000075391","RASAL2"
"88","chr1","Near_Lm2",178269136,178369135,"ENSG00000075391","RASAL2"
"89","chr1","Near_Lm2",178369136,178469135,"ENSG00000075391","RASAL2"
"90","chr1","Near_Lm2",192869131,192969130,"ENSG00000234871","LINC01032"
"91","chr1","Near_Lm2",193069131,193169130,"ENSG00000134371","CDC73"
"92","chr1","Near_Lm2",193169131,193269130,"ENSG00000134371","CDC73"
"93","chr1","Lamina",196169131,196269130,"ENSG00000162687","KCNT2"
"94","chr1","Lamina",196269131,196369130,"ENSG00000162687","KCNT2"
"95","chr1","Lamina",196369131,196469130,"ENSG00000162687","KCNT2"
"96","chr1","Lamina",196469131,196569130,"ENSG00000162687","KCNT2"
"97","chr1","Lamina",196569131,196669130,"ENSG00000162687","KCNT2"
"98","chr1","Near_Lm2",210873343,210973342,"ENSG00000143473","KCNH1"
"99","chr1","Near_Lm2",210973343,211073342,"ENSG00000143473","KCNH1"
"100","chr1","Near_Lm2",211073343,211173342,"ENSG00000143473","KCNH1"
"101","chr1","Near_Lm2",211173343,211273342,"ENSG00000143473","KCNH1"
"102","chr1","Near_Lm2",211273343,211373342,"ENSG00000143473","KCNH1"
"103","chr1","Lamina",216673343,216773342,"ENSG00000196482","ESRRG"
"104","chr1","Lamina",216773343,216873342,"ENSG00000196482","ESRRG"
"105","chr1","Lamina",216873343,216973342,"ENSG00000196482","ESRRG"
"106","chr1","Lamina",216973343,217073342,"ENSG00000196482","ESRRG"
"107","chr1","Lamina",217073343,217173342,"ENSG00000196482","ESRRG"
"108","chr1","Lamina",217173343,217273342,"ENSG00000196482","ESRRG"
"109","chr1","Lamina",217273343,217373342,"ENSG00000196482","ESRRG"
"110","chr1","Lamina",217573343,217673342,"ENSG00000092978","GPATCH2"
"111","chr1","Lamina",217673343,217773342,"ENSG00000092978","GPATCH2"
"112","chr1","Lamina",217773343,217873342,"ENSG00000092978","GPATCH2"
"113","chr1","Lamina",219773343,219873342,"ENSG00000196660","SLC30A10"
"114","chr1","Near_Lm2",219873343,219973342,"ENSG00000196660","SLC30A10"
"115","chr1","Near_Lm2",219973343,220073342,"ENSG00000196660","SLC30A10"
"116","chr1","Near_Lm2",220073343,220173342,"ENSG00000196660","SLC30A10"
"117","chr1","Near_Lm2",220673343,220773342,"ENSG00000116141","MARK1"
"118","chr1","Near_Lm2",220773343,220873342,"ENSG00000116141","MARK1"
"119","chr1","Near_Lm2",221873343,221973342,"ENSG00000143507","DUSP10"
"120","chr1","Lamina",239463301,239563300,"ENSG00000133019","CHRM3"
"121","chr1","Lamina",239563301,239663300,"ENSG00000133019","CHRM3"
"122","chr1","Lamina",239663301,239763300,"ENSG00000133019","CHRM3"
"123","chr1","Lamina",239763301,239863300,"ENSG00000133019","CHRM3"
"124","chr1","Lamina",239863301,239963300,"ENSG00000133019","CHRM3"
"125","chr1","Lamina",239963301,240063300,"ENSG00000133019","CHRM3"
"126","chr1","Lamina",240063301,240163300,"ENSG00000133019","CHRM3"
"127","chr1","Lamina",240163301,240263300,"ENSG00000155816","FMN2"
"128","chr1","Lamina",240263301,240363300,"ENSG00000155816","FMN2"
"129","chr1","Lamina",240363301,240463300,"ENSG00000155816","FMN2"
"130","chr1","Lamina",240463301,240563300,"ENSG00000155816","FMN2"
"131","chr1","Lamina",240563301,240663300,"ENSG00000155816","FMN2"
"132","chr1","Near_Lm2",243363303,243463302,"ENSG00000054282","SDCCAG8"
"133","chr1","Near_Lm2",243463303,243563302,"ENSG00000054282","SDCCAG8"
"134","chr1","Near_Lm2",243563303,243663302,"ENSG00000054282","SDCCAG8"
"135","chr1","Near_Lm2",243663303,243763302,"ENSG00000054282","SDCCAG8"
"136","chr1","Near_Lm2",247563303,247663302,"ENSG00000162711","NLRP3"
"137","chr1","Near_Lm2",247663303,247763302,"ENSG00000169224","GCSAML"
"138","chr10","Interior_Repr1",4842193,4942192,"ENSG00000151631","AKR1C6P"
"139","chr10","Near_Lm2",10941964,11041963,"ENSG00000229240","LINC00710"
"140","chr10","Interior_Repr2",15542000,15641999,"ENSG00000077943","ITGA8"
"141","chr10","Interior_Repr2",15642000,15741999,"ENSG00000077943","ITGA8"
"142","chr10","Near_Lm1",15742000,15841999,"ENSG00000077943","ITGA8"
"143","chr10","Near_Lm1",15742000,15841999,"ENSG00000148481","FAM188A"
"144","chr10","Near_Lm1",15842000,15941999,"ENSG00000148481","FAM188A"
"145","chr10","Near_Lm1",16542000,16641999,"ENSG00000148484","RSU1"
"146","chr10","Near_Lm1",16642000,16741999,"ENSG00000148484","RSU1"
"147","chr10","Near_Lm1",16742000,16841999,"ENSG00000148484","RSU1"
"148","chr10","Near_Lm1",16842000,16941999,"ENSG00000148484","RSU1"
"149","chr10","Near_Lm1",18188930,18288929,"ENSG00000148482","SLC39A12"
"150","chr10","Near_Lm1",18288930,18388929,"ENSG00000148482","SLC39A12"
"151","chr10","Near_Lm1",18388930,18488929,"ENSG00000165995","CACNB2"
"152","chr10","Near_Lm1",18488930,18588929,"ENSG00000165995","CACNB2"
"153","chr10","Near_Lm1",18588930,18688929,"ENSG00000165995","CACNB2"
"154","chr10","Near_Lm1",18688930,18788929,"ENSG00000165995","CACNB2"
"155","chr10","Near_Lm1",18788930,18888929,"ENSG00000165995","CACNB2"
"156","chr10","Interior_Act3",21988930,22088929,"ENSG00000136770","DNAJC1"
"157","chr10","Interior_Act3",22088930,22188929,"ENSG00000136770","DNAJC1"
"158","chr10","Interior_Act3",22188930,22288929,"ENSG00000136770","DNAJC1"
"159","chr10","Interior_Act3",22288930,22388929,"ENSG00000136770","DNAJC1"
"160","chr10","Interior_Act3",25088930,25188929,"ENSG00000099256","PRTFDC1"
"161","chr10","Interior_Act3",25188930,25288929,"ENSG00000099256","PRTFDC1"
"162","chr10","Near_Lm1",27988930,28088929,"ENSG00000169126","ARMC4"
"163","chr10","Near_Lm1",28088930,28188929,"ENSG00000169126","ARMC4"
"164","chr10","Near_Lm1",28188930,28288929,"ENSG00000169126","ARMC4"
"165","chr10","Near_Lm1",28288930,28388929,"ENSG00000150054","MPP7"
"166","chr10","Near_Lm1",28388930,28488929,"ENSG00000150054","MPP7"
"167","chr10","Near_Lm1",28488930,28588929,"ENSG00000150054","MPP7"
"168","chr10","Near_Lm1",28588930,28688929,"ENSG00000150054","MPP7"
"169","chr10","Interior_Act3",32488929,32588928,"ENSG00000120616","EPC1"
"170","chr10","Near_Lm1",32588929,32688928,"ENSG00000120616","EPC1"
"171","chr10","Near_Lm1",43895449,43995448,"ENSG00000243660","ZNF487"
"172","chr10","Interior_Act3",52059761,52159760,"ENSG00000198964","SGMS1"
"173","chr10","Interior_Act3",52159761,52259760,"ENSG00000198964","SGMS1"
"174","chr10","Interior_Act3",52259761,52359760,"ENSG00000198964","SGMS1"
"175","chr10","Near_Lm2",52359761,52459760,"ENSG00000198964","SGMS1"
"176","chr10","Near_Lm2",52659761,52759760,"ENSG00000185532","PRKG1"
"177","chr10","Near_Lm2",52759761,52859760,"ENSG00000185532","PRKG1"
"178","chr10","Lamina",52859761,52959760,"ENSG00000185532","PRKG1"
"179","chr10","Lamina",52959761,53059760,"ENSG00000185532","PRKG1"
"180","chr10","Lamina",53059761,53159760,"ENSG00000185532","PRKG1"
"181","chr10","Lamina",53159761,53259760,"ENSG00000185532","PRKG1"
"182","chr10","Lamina",53259761,53359760,"ENSG00000185532","PRKG1"
"183","chr10","Lamina",53359761,53459760,"ENSG00000185532","PRKG1"
"184","chr10","Lamina",53459761,53559760,"ENSG00000185532","PRKG1"
"185","chr10","Lamina",53559761,53659760,"ENSG00000185532","PRKG1"
"186","chr10","Lamina",53659761,53759760,"ENSG00000185532","PRKG1"
"187","chr10","Lamina",53759761,53859760,"ENSG00000185532","PRKG1"
"188","chr10","Lamina",53859761,53959760,"ENSG00000185532","PRKG1"
"189","chr10","Lamina",53959761,54059760,"ENSG00000185532","PRKG1"
"190","chr10","Lamina",53959761,54059760,"ENSG00000236671","PRKG1-AS1"
"191","chr10","Lamina",54059761,54159760,"ENSG00000236671","PRKG1-AS1"
"192","chr10","Lamina",55559761,55659760,"ENSG00000150275","PCDH15"
"193","chr10","Lamina",55659761,55759760,"ENSG00000150275","PCDH15"
"194","chr10","Lamina",55759761,55859760,"ENSG00000150275","PCDH15"
"195","chr10","Lamina",55859761,55959760,"ENSG00000150275","PCDH15"
"196","chr10","Lamina",55959761,56059760,"ENSG00000150275","PCDH15"
"197","chr10","Lamina",56059761,56159760,"ENSG00000150275","PCDH15"
"198","chr10","Lamina",56159761,56259760,"ENSG00000150275","PCDH15"
"199","chr10","Lamina",56259761,56359760,"ENSG00000150275","PCDH15"
"200","chr10","Lamina",56359761,56459760,"ENSG00000150275","PCDH15"
"201","chr10","Lamina",56459761,56559760,"ENSG00000150275","PCDH15"
"202","chr10","Lamina",56559761,56659760,"ENSG00000150275","PCDH15"
"203","chr10","Lamina",56659761,56759760,"ENSG00000150275","PCDH15"
"204","chr10","Lamina",56759761,56859760,"ENSG00000150275","PCDH15"
"205","chr10","Lamina",56859761,56959760,"ENSG00000150275","PCDH15"
"206","chr10","Lamina",56959761,57059760,"ENSG00000150275","PCDH15"
"207","chr10","Lamina",57059761,57159760,"ENSG00000150275","PCDH15"
"208","chr10","Lamina",57159761,57259760,"ENSG00000150275","PCDH15"
"209","chr10","Lamina",57259761,57359760,"ENSG00000150275","PCDH15"
"210","chr10","Lamina",57359761,57459760,"ENSG00000150275","PCDH15"
"211","chr10",NA,NA,NA,"ENSG00000122873","CISD1"
"212","chr10","Interior_Act3",61759759,61859758,"ENSG00000151150","ANK3"
"213","chr10","Interior_Act3",61859759,61959758,"ENSG00000151150","ANK3"
"214","chr10","Interior_Act3",61959759,62059758,"ENSG00000151150","ANK3"
"215","chr10","Near_Lm2",62059759,62159758,"ENSG00000151150","ANK3"
"216","chr10","Near_Lm2",62159759,62259758,"ENSG00000151150","ANK3"
"217","chr10","Near_Lm2",62259759,62359758,"ENSG00000151150","ANK3"
"218","chr10","Near_Lm2",62359759,62459758,"ENSG00000151150","ANK3"
"219","chr10","Near_Lm2",62459759,62559758,"ENSG00000151150","ANK3"
"220","chr10","Lamina",83559757,83659756,"ENSG00000185737","NRG3"
"221","chr10","Lamina",83659757,83759756,"ENSG00000185737","NRG3"
"222","chr10","Lamina",83759757,83859756,"ENSG00000185737","NRG3"
"223","chr10","Lamina",83859757,83959756,"ENSG00000185737","NRG3"
"224","chr10","Lamina",83959757,84059756,"ENSG00000185737","NRG3"
"225","chr10","Lamina",84059757,84159756,"ENSG00000185737","NRG3"
"226","chr10","Lamina",84159757,84259756,"ENSG00000185737","NRG3"
"227","chr10","Lamina",84259757,84359756,"ENSG00000185737","NRG3"
"228","chr10","Lamina",84359757,84459756,"ENSG00000185737","NRG3"
"229","chr10","Lamina",84459757,84559756,"ENSG00000185737","NRG3"
"230","chr10","Lamina",84559757,84659756,"ENSG00000185737","NRG3"
"231","chr10","Lamina",84659757,84759756,"ENSG00000185737","NRG3"
"232","chr10","Interior_Repr1",96659758,96759757,"ENSG00000138109","CYP2C9"
"233","chr10","Lamina",108259759,108359758,"ENSG00000108018","SORCS1"
"234","chr10","Near_Lm2",108359759,108459758,"ENSG00000108018","SORCS1"
"235","chr10","Near_Lm2",108459759,108559758,"ENSG00000108018","SORCS1"
"236","chr10","Near_Lm2",108559759,108659758,"ENSG00000108018","SORCS1"
"237","chr10","Near_Lm2",108659759,108759758,"ENSG00000108018","SORCS1"
"238","chr10","Near_Lm2",108759759,108859758,"ENSG00000108018","SORCS1"
"239","chr10","Near_Lm2",108859759,108959758,"ENSG00000108018","SORCS1"
"240","chr10","Near_Lm2",116759760,116855119,"ENSG00000107518","ATRNL1"
"241","chr10","Near_Lm2",116874536,116888590,"ENSG00000107518","ATRNL1"
"242","chr10","Lamina",117030676,117059510,"ENSG00000107518","ATRNL1"
"243","chr10","Lamina",117059511,117159510,"ENSG00000107518","ATRNL1"
"244","chr10","Lamina",117159511,117259510,"ENSG00000107518","ATRNL1"
"245","chr10","Lamina",117259511,117359510,"ENSG00000107518","ATRNL1"
"246","chr10","Interior_Repr1",117290184,117290379,"ENSG00000107518","ATRNL1"
"247","chr10","Lamina",117359511,117459510,"ENSG00000107518","ATRNL1"
"248","chr10","Lamina",117494745,117559511,"ENSG00000107518","ATRNL1"
"249","chr10","Lamina",117559512,117659511,"ENSG00000107518","ATRNL1"
"250","chr10","Near_Lm2",117659512,117759511,"ENSG00000107518","ATRNL1"
"251","chr10","Near_Lm1",118559512,118659511,"ENSG00000187164","KIAA1598"
"252","chr10","Near_Lm1",118659512,118759511,"ENSG00000187164","KIAA1598"
"253","chr10","Near_Lm1",118759512,118859511,"ENSG00000187164","KIAA1598"
"254","chr10","Near_Lm1",118859512,118959511,"ENSG00000187164","KIAA1598"
"255","chr10","Near_Lm1",119759512,119859511,"ENSG00000177640","CASC2"
"256","chr10","Near_Lm1",119859512,119936995,"ENSG00000177640","CASC2"
"257","chr10","Near_Lm1",119959513,120059512,"ENSG00000177640","CASC2"
"258","chr11","Near_Lm1",4721231,4821230,"ENSG00000167346","MMP26"
"259","chr11","Near_Lm1",4821231,4921230,"ENSG00000167346","MMP26"
"260","chr11","Near_Lm1",4921231,5021230,"ENSG00000167346","MMP26"
"261","chr11","Interior_Repr1",5621231,5721230,"ENSG00000132256","TRIM5"
"262","chr11","Interior_Repr1",5721231,5821230,"ENSG00000132256","TRIM5"
"263","chr11","Interior_Repr1",5821231,5921230,"ENSG00000132256","TRIM5"
"264","chr11","Interior_Repr1",5921231,6021230,"ENSG00000132256","TRIM5"
"265","chr11","Near_Lm1",8321548,8421547,"ENSG00000130413","STK33"
"266","chr11","Near_Lm1",8421548,8521547,"ENSG00000130413","STK33"
"267","chr11","Near_Lm1",8521548,8621547,"ENSG00000130413","STK33"
"268","chr11","Near_Lm2",20521547,20621546,"ENSG00000165970","SLC6A5"
"269","chr11","Near_Lm2",20621547,20721546,"ENSG00000165970","SLC6A5"
"270","chr11","Near_Lm2",20621547,20721546,"ENSG00000165973","NELL1"
"271","chr11","Near_Lm2",20721547,20821546,"ENSG00000165973","NELL1"
"272","chr11","Lamina",20821547,20921546,"ENSG00000165973","NELL1"
"273","chr11","Lamina",20921547,21021546,"ENSG00000165973","NELL1"
"274","chr11","Lamina",21021547,21121546,"ENSG00000165973","NELL1"
"275","chr11","Lamina",21121547,21221546,"ENSG00000165973","NELL1"
"276","chr11","Lamina",21221547,21321546,"ENSG00000165973","NELL1"
"277","chr11","Lamina",21321547,21421546,"ENSG00000165973","NELL1"
"278","chr11","Lamina",21421547,21521546,"ENSG00000165973","NELL1"
"279","chr11","Lamina",21521547,21621546,"ENSG00000165973","NELL1"
"280","chr11","Lamina",30021548,30121547,"ENSG00000182255","KCNA4"
"281","chr11","Interior_Act3",32621547,32721546,"ENSG00000186714","CCDC73"
"282","chr11","Interior_Act3",32721547,32821546,"ENSG00000186714","CCDC73"
"283","chr11","Interior_Act1",59467474,59567473,"ENSG00000166900","STX3"
"284","chr11","Interior_Act1",59567474,59667473,"ENSG00000166900","STX3"
"285","chr11","Near_Lm2",83111044,83211043,"ENSG00000150672","DLG2"
"286","chr11","Near_Lm2",83211044,83311043,"ENSG00000150672","DLG2"
"287","chr11","Lamina",83311044,83411043,"ENSG00000150672","DLG2"
"288","chr11","Lamina",83411044,83511043,"ENSG00000150672","DLG2"
"289","chr11","Lamina",83511044,83611043,"ENSG00000150672","DLG2"
"290","chr11","Lamina",83611044,83711043,"ENSG00000150672","DLG2"
"291","chr11","Lamina",83711044,83811043,"ENSG00000150672","DLG2"
"292","chr11","Lamina",83811044,83911043,"ENSG00000150672","DLG2"
"293","chr11","Lamina",83911044,84011043,"ENSG00000150672","DLG2"
"294","chr11","Lamina",84011044,84111043,"ENSG00000150672","DLG2"
"295","chr11","Lamina",84111044,84211043,"ENSG00000150672","DLG2"
"296","chr11","Lamina",84211044,84311043,"ENSG00000150672","DLG2"
"297","chr11","Lamina",84311044,84411043,"ENSG00000150672","DLG2"
"298","chr11","Lamina",84411044,84511043,"ENSG00000150672","DLG2"
"299","chr11","Lamina",84555376,84611044,"ENSG00000150672","DLG2"
"300","chr11","Lamina",84611045,84711044,"ENSG00000150672","DLG2"
"301","chr11","Lamina",84711045,84811044,"ENSG00000150672","DLG2"
"302","chr11","Lamina",84811045,84911044,"ENSG00000150672","DLG2"
"303","chr11","Lamina",84911045,85011044,"ENSG00000150672","DLG2"
"304","chr11","Lamina",85011045,85111044,"ENSG00000150672","DLG2"
"305","chr11","Lamina",85111045,85211044,"ENSG00000150672","DLG2"
"306","chr11","Near_Lm2",85211045,85311044,"ENSG00000150672","DLG2"
"307","chr11","Near_Lm2",85311045,85393700,"ENSG00000150672","DLG2"
"308","chr11","Interior_Act3",86111043,86211042,"ENSG00000151376","ME3"
"309","chr11","Interior_Act3",86211043,86311042,"ENSG00000151376","ME3"
"310","chr11","Interior_Act3",86311043,86411042,"ENSG00000151376","ME3"
"311","chr11","Interior_Act3",86411043,86511042,"ENSG00000150687","PRSS23"
"312","chr11","Interior_Act3",86511043,86611042,"ENSG00000150687","PRSS23"
"313","chr11","Interior_Act3",86611043,86711042,"ENSG00000150687","PRSS23"
"314","chr11","Near_Lm2",87933169,88033168,"ENSG00000109861","CTSC"
"315","chr11","Near_Lm2",88033169,88133168,"ENSG00000109861","CTSC"
"316","chr11","Interior_Act3",95468318,95533164,"ENSG00000166037","CEP57"
"317","chr11","Interior_Act3",95533165,95633164,"ENSG00000166037","CEP57"
"318","chr11","Interior_Act3",95533165,95633164,"ENSG00000087053","MTMR2"
"319","chr11","Interior_Act3",95633165,95733164,"ENSG00000087053","MTMR2"
"320","chr11","Interior_Act3",95633165,95733164,"ENSG00000184384","MAML2"
"321","chr11","Interior_Act3",95751762,95833164,"ENSG00000184384","MAML2"
"322","chr11","Interior_Act3",95833165,95933164,"ENSG00000184384","MAML2"
"323","chr11","Interior_Act3",95933165,96033164,"ENSG00000184384","MAML2"
"324","chr11","Near_Lm2",96033165,96133164,"ENSG00000184384","MAML2"
"325","chr11","Near_Lm2",102370732,102470731,"ENSG00000137673","MMP7"
"326","chr11","Near_Lm2",114370723,114470722,"ENSG00000137634","NXPE4"
"327","chr11","Near_Lm2",124469897,124569896,"ENSG00000154143","PANX3"
"328","chr11","Near_Lm2",129169896,129269895,"ENSG00000043039","BARX2"
"329","chr11","Near_Lm2",129269896,129369895,"ENSG00000043039","BARX2"
"330","chr12","Near_Lm1",10952600,11052599,"ENSG00000111215","PRR4"
"331","chr12","Near_Lm1",11052600,11152599,"ENSG00000111215","PRR4"
"332","chr12","Near_Lm1",11152600,11252599,"ENSG00000111215","PRR4"
"333","chr12","Near_Lm1",11252600,11331782,"ENSG00000111215","PRR4"
"334","chr12","Interior_Repr1",11452935,11552934,"ENSG00000251655","PRB1"
"335","chr12","Interior_Repr1",11452935,11552934,"ENSG00000121335","PRB2"
"336","chr12","Interior_Repr2",11552935,11652934,"ENSG00000121335","PRB2"
"337","chr12","Interior_Repr2",11652935,11752934,"ENSG00000121335","PRB2"
"338","chr12","Interior_Act3",14752935,14852934,"ENSG00000070019","GUCY2C"
"339","chr12","Lamina",16252935,16352934,"ENSG00000188991","SLC15A5"
"340","chr12","Lamina",16352935,16452934,"ENSG00000188991","SLC15A5"
"341","chr12","Lamina",18352935,18452934,"ENSG00000139144","PIK3C2G"
"342","chr12","Near_Lm2",18452935,18552934,"ENSG00000139144","PIK3C2G"
"343","chr12","Near_Lm2",18552935,18652934,"ENSG00000139144","PIK3C2G"
"344","chr12","Near_Lm2",18652935,18752934,"ENSG00000139144","PIK3C2G"
"345","chr12","Near_Lm2",18752935,18852934,"ENSG00000139144","PIK3C2G"
"346","chr12","Near_Lm2",19552935,19652934,"ENSG00000139154","AEBP2"
"347","chr12","Near_Lm2",19652935,19752934,"ENSG00000139154","AEBP2"
"348","chr12","Near_Lm2",19752935,19852934,"ENSG00000139154","AEBP2"
"349","chr12","Near_Lm2",19852935,19952934,"ENSG00000139154","AEBP2"
"350","chr12","Near_Lm1",25252935,25352934,"ENSG00000118307","CASC1"
"351","chr12","Interior_Act3",42793803,42893802,"ENSG00000139174","PRICKLE1"
"352","chr12","Near_Lm2",42893803,42993802,"ENSG00000139174","PRICKLE1"
"353","chr12","Near_Lm2",62593782,62693781,"ENSG00000135655","USP15"
"354","chr12","Interior_Act3",62693782,62779877,"ENSG00000135655","USP15"
"355","chr12","Interior_Act3",62793781,62893780,"ENSG00000135655","USP15"
"356","chr12","Interior_Act3",62993781,63093780,"ENSG00000111110","PPM1H"
"357","chr12","Interior_Act3",63093781,63193780,"ENSG00000111110","PPM1H"
"358","chr12","Interior_Act3",63193781,63293780,"ENSG00000111110","PPM1H"
"359","chr12","Near_Lm2",63293781,63393780,"ENSG00000111110","PPM1H"
"360","chr12","Near_Lm1",66093781,66193780,"ENSG00000241749","RPSAP52"
"361","chr12","Near_Lm1",66193781,66293780,"ENSG00000241749","RPSAP52"
"362","chr12","Interior_Act3",70993781,71093780,"ENSG00000153233","PTPRR"
"363","chr12","Near_Lm2",71093781,71193780,"ENSG00000153233","PTPRR"
"364","chr12","Near_Lm2",71193781,71293780,"ENSG00000153233","PTPRR"
"365","chr12","Near_Lm2",71293781,71393780,"ENSG00000153233","PTPRR"
"366","chr12","Lamina",75393781,75493780,"ENSG00000166006","KCNC2"
"367","chr12","Lamina",75493781,75593780,"ENSG00000166006","KCNC2"
"368","chr12","Lamina",75593781,75693780,"ENSG00000166006","KCNC2"
"369","chr12","Near_Lm2",77393781,77493780,"ENSG00000165891","E2F7"
"370","chr12","Lamina",81293780,81393779,"ENSG00000111058","ACSS3"
"371","chr12","Lamina",81393780,81493779,"ENSG00000111058","ACSS3"
"372","chr12","Lamina",81493780,81593779,"ENSG00000111058","ACSS3"
"373","chr12","Lamina",81593780,81693779,"ENSG00000111058","ACSS3"
"374","chr12","Lamina",81593780,81693779,"ENSG00000139220","PPFIA2"
"375","chr12","Lamina",81693780,81793779,"ENSG00000139220","PPFIA2"
"376","chr12","Lamina",81793780,81893779,"ENSG00000139220","PPFIA2"
"377","chr12","Lamina",81893780,81993779,"ENSG00000139220","PPFIA2"
"378","chr12","Lamina",81993780,82093779,"ENSG00000139220","PPFIA2"
"379","chr12","Lamina",82093780,82193779,"ENSG00000139220","PPFIA2"
"380","chr12","Lamina",82593780,82693779,"ENSG00000133773","CCDC59"
"381","chr12","Lamina",82693780,82793779,"ENSG00000133773","CCDC59"
"382","chr12","Interior_Act3",92293777,92393776,"ENSG00000257242","C12orf79"
"383","chr12","Interior_Act3",92393777,92493776,"ENSG00000257242","C12orf79"
"384","chr12","Interior_Act3",92493777,92593776,"ENSG00000257242","C12orf79"
"385","chr12","Near_Lm2",96793779,96893778,"ENSG00000188596","C12orf55"
"386","chr12","Near_Lm2",96893779,96993778,"ENSG00000188596","C12orf55"
"387","chr12","Near_Lm2",96993779,97093778,"ENSG00000188596","C12orf55"
"388","chr12","Lamina",97093779,97193778,"ENSG00000188596","C12orf55"
"389","chr12","Lamina",97193779,97293778,"ENSG00000188596","C12orf55"
"390","chr12","Near_Lm2",99093779,99193778,"ENSG00000185046","ANKS1B"
"391","chr12","Near_Lm2",99193779,99293778,"ENSG00000185046","ANKS1B"
"392","chr12","Near_Lm2",99293779,99393778,"ENSG00000185046","ANKS1B"
"393","chr12","Near_Lm2",99393779,99493778,"ENSG00000185046","ANKS1B"
"394","chr12","Lamina",99493779,99593778,"ENSG00000185046","ANKS1B"
"395","chr12","Lamina",99593779,99693778,"ENSG00000185046","ANKS1B"
"396","chr12","Lamina",99693779,99793778,"ENSG00000185046","ANKS1B"
"397","chr12","Lamina",99793779,99893778,"ENSG00000185046","ANKS1B"
"398","chr12","Lamina",99893779,99993778,"ENSG00000185046","ANKS1B"
"399","chr12","Lamina",99993779,100093778,"ENSG00000185046","ANKS1B"
"400","chr12","Lamina",100093779,100193778,"ENSG00000185046","ANKS1B"
"401","chr12","Lamina",100193779,100293778,"ENSG00000185046","ANKS1B"
"402","chr12","Near_Lm2",100293779,100393778,"ENSG00000185046","ANKS1B"
"403","chr12","Speckle",133276587,133376586,"ENSG00000090615","GOLGA3"
"404","chr12","Speckle",133376587,133476586,"ENSG00000090615","GOLGA3"
"405","chr13","Near_Lm1",22374140,22474139,"ENSG00000226722","LINC00424"
"406","chr13","Near_Lm1",33604909,33674137,"ENSG00000133116","KL"
"407","chr13","Lamina",35474138,35574137,"ENSG00000172915","NBEA"
"408","chr13","Lamina",35574138,35674137,"ENSG00000172915","NBEA"
"409","chr13","Lamina",35674138,35774137,"ENSG00000172915","NBEA"
"410","chr13","Lamina",35774138,35874137,"ENSG00000172915","NBEA"
"411","chr13","Lamina",35874138,35974137,"ENSG00000172915","NBEA"
"412","chr13","Lamina",35974138,36074137,"ENSG00000172915","NBEA"
"413","chr13","Near_Lm2",36074138,36174137,"ENSG00000172915","NBEA"
"414","chr13","Near_Lm2",36174138,36274137,"ENSG00000172915","NBEA"
"415","chr13","Near_Lm2",36274138,36374137,"ENSG00000133083","DCLK1"
"416","chr13","Near_Lm2",36374138,36474137,"ENSG00000133083","DCLK1"
"417","chr13","Near_Lm2",36474138,36574137,"ENSG00000133083","DCLK1"
"418","chr13","Near_Lm2",36574138,36674137,"ENSG00000133083","DCLK1"
"419","chr13","Near_Lm2",36674138,36774137,"ENSG00000133083","DCLK1"
"420","chr13","Near_Lm1",40174138,40274137,"ENSG00000133103","COG6"
"421","chr13","Near_Lm1",40274138,40374137,"ENSG00000133103","COG6"
"422","chr13","Interior_Act3",46874136,46974135,"ENSG00000102445","KIAA0226L"
"423","chr13","Interior_Act3",46974136,47074135,"ENSG00000102445","KIAA0226L"
"424","chr13","Interior_Act3",46874136,46974135,"ENSG00000241353","PPP1R2P4"
"425","chr13","Interior_Act3",46974136,47074135,"ENSG00000241353","PPP1R2P4"
"426","chr13","Near_Lm2",60174135,60274134,"ENSG00000139734","DIAPH3"
"427","chr13","Near_Lm2",60274135,60374134,"ENSG00000139734","DIAPH3"
"428","chr13","Near_Lm2",60374135,60474134,"ENSG00000139734","DIAPH3"
"429","chr13","Near_Lm2",60474135,60574134,"ENSG00000139734","DIAPH3"
"430","chr13","Near_Lm2",60574135,60674134,"ENSG00000139734","DIAPH3"
"431","chr13","Interior_Act3",60674135,60774134,"ENSG00000139734","DIAPH3"
"432","chr13","Lamina",71974133,72074132,"ENSG00000165659","DACH1"
"433","chr13","Lamina",72074133,72174132,"ENSG00000165659","DACH1"
"434","chr13","Lamina",72174133,72274132,"ENSG00000165659","DACH1"
"435","chr13","Lamina",72274133,72374132,"ENSG00000165659","DACH1"
"436","chr13","Lamina",72374133,72440658,"ENSG00000165659","DACH1"
"437","chr13","Near_Lm2",73274139,73374138,"ENSG00000083535","PIBF1"
"438","chr13","Interior_Act3",73374139,73474138,"ENSG00000083535","PIBF1"
"439","chr13","Interior_Act3",73474139,73574138,"ENSG00000083535","PIBF1"
"440","chr13","Interior_Act3",73574139,73674138,"ENSG00000083535","PIBF1"
"441","chr13","Near_Lm2",93852254,93952253,"ENSG00000183098","GPC6"
"442","chr13","Near_Lm2",93952254,94052253,"ENSG00000183098","GPC6"
"443","chr13","Near_Lm2",94052254,94152253,"ENSG00000183098","GPC6"
"444","chr13","Lamina",94152254,94252253,"ENSG00000183098","GPC6"
"445","chr13","Lamina",94252254,94352253,"ENSG00000183098","GPC6"
"446","chr13","Lamina",94352254,94452253,"ENSG00000183098","GPC6"
"447","chr13","Lamina",94452254,94552253,"ENSG00000183098","GPC6"
"448","chr13","Lamina",94552254,94638326,"ENSG00000183098","GPC6"
"449","chr13","Lamina",94652255,94752254,"ENSG00000183098","GPC6"
"450","chr13","Lamina",94752255,94852254,"ENSG00000183098","GPC6"
"451","chr13","Near_Lm2",94852255,94952254,"ENSG00000183098","GPC6"
"452","chr13","Near_Lm2",94952255,95052254,"ENSG00000183098","GPC6"
"453","chr13","Near_Lm2",95052255,95152254,"ENSG00000183098","GPC6"
"454","chr13","Interior_Act3",96252255,96352254,"ENSG00000102580","DNAJC3"
"455","chr13","Interior_Act3",96352255,96452254,"ENSG00000102580","DNAJC3"
"456","chr13","Lamina",107752349,107852348,"ENSG00000204442","FAM155A"
"457","chr13","Lamina",107852349,107952348,"ENSG00000204442","FAM155A"
"458","chr13","Lamina",107952349,108052348,"ENSG00000204442","FAM155A"
"459","chr13","Lamina",108052349,108152348,"ENSG00000204442","FAM155A"
"460","chr13","Lamina",108152349,108252348,"ENSG00000204442","FAM155A"
"461","chr13","Lamina",108252349,108352348,"ENSG00000204442","FAM155A"
"462","chr13","Near_Lm2",108352349,108452348,"ENSG00000204442","FAM155A"
"463","chr13","Near_Lm2",108452349,108552348,"ENSG00000204442","FAM155A"
"464","chr14","Interior_Act3",31075875,31169206,"ENSG00000092108","SCFD1"
"465","chr14","Interior_Act3",31169207,31269206,"ENSG00000092108","SCFD1"
"466","chr14","Interior_Act3",34369207,34469206,"ENSG00000129521","EGLN3"
"467","chr14","Near_Lm1",34469207,34569206,"ENSG00000129521","EGLN3"
"468","chr14","Near_Lm1",34569207,34669206,"ENSG00000129521","EGLN3"
"469","chr14","Near_Lm1",34669207,34769206,"ENSG00000129521","EGLN3"
"470","chr14","Near_Lm1",34769207,34869206,"ENSG00000129521","EGLN3"
"471","chr14","Interior_Repr2",34869207,34969206,"ENSG00000129521","EGLN3"
"472","chr14","Near_Lm2",37969206,38069205,"ENSG00000139865","TTC6"
"473","chr14","Near_Lm2",38069206,38169205,"ENSG00000139865","TTC6"
"474","chr14","Near_Lm2",38169206,38269205,"ENSG00000139865","TTC6"
"475","chr14","Near_Lm2",38269206,38369205,"ENSG00000139865","TTC6"
"476","chr14","Lamina",38369206,38469205,"ENSG00000139865","TTC6"
"477","chr14","Lamina",38469206,38569205,"ENSG00000139865","TTC6"
"478","chr14","Near_Lm2",39169205,39269204,"ENSG00000259070","LINC00639"
"479","chr14","Near_Lm2",39269205,39369204,"ENSG00000259070","LINC00639"
"480","chr14","Near_Lm2",39369205,39469204,"ENSG00000259070","LINC00639"
"481","chr14","Near_Lm2",45369204,45469203,"ENSG00000198718","FAM179B"
"482","chr14","Interior_Act3",45469204,45569203,"ENSG00000198718","FAM179B"
"483","chr14","Interior_Act3",51366719,51466718,"ENSG00000100505","TRIM9"
"484","chr14","Interior_Act3",51466719,51566718,"ENSG00000100505","TRIM9"
"485","chr14","Near_Lm1",57266719,57366718,"ENSG00000248550","OTX2-AS1"
"486","chr14","Near_Lm1",57366719,57466718,"ENSG00000248550","OTX2-AS1"
"487","chr14","Near_Lm1",57466719,57566718,"ENSG00000248550","OTX2-AS1"
"488","chr14","Near_Lm1",57566719,57666718,"ENSG00000248550","OTX2-AS1"
"489","chr14","Near_Lm2",59966719,60066718,"ENSG00000139970","RTN1"
"490","chr14","Near_Lm2",60066719,60166718,"ENSG00000139970","RTN1"
"491","chr14","Near_Lm2",60166719,60266718,"ENSG00000139970","RTN1"
"492","chr14","Near_Lm2",60266719,60366718,"ENSG00000139970","RTN1"
"493","chr14","Near_Lm2",60366719,60466718,"ENSG00000131951","LRRC9"
"494","chr14","Near_Lm2",60466719,60566718,"ENSG00000131951","LRRC9"
"495","chr14","Lamina",63166719,63266718,"ENSG00000140015","KCNH5"
"496","chr14","Lamina",63266719,63366718,"ENSG00000140015","KCNH5"
"497","chr14","Lamina",63366719,63466718,"ENSG00000140015","KCNH5"
"498","chr14","Near_Lm2",63466719,63566718,"ENSG00000140015","KCNH5"
"499","chr14","Near_Lm2",63566719,63666718,"ENSG00000140015","KCNH5"
"500","chr14","Near_Lm2",88266345,88366344,"ENSG00000054983","GALC"
"501","chr14","Near_Lm2",88366345,88466344,"ENSG00000054983","GALC"
"502","chr14","Near_Lm2",89066345,89166344,"ENSG00000165521","EML5"
"503","chr14","Near_Lm2",89166345,89266344,"ENSG00000165521","EML5"
"504","chr14","Near_Lm1",93674233,93766346,"ENSG00000011114","BTBD7"
"505","chr14","Near_Lm1",93766347,93866346,"ENSG00000011114","BTBD7"
"506","chr14","Near_Lm1",93766347,93866346,"ENSG00000133958","UNC79"
"507","chr14","Near_Lm1",93866347,93966346,"ENSG00000133958","UNC79"
"508","chr14","Near_Lm1",93966347,94066346,"ENSG00000133958","UNC79"
"509","chr14","Near_Lm1",94066347,94166346,"ENSG00000133958","UNC79"
"510","chr14","Near_Lm1",94166347,94266346,"ENSG00000133958","UNC79"
"511","chr15","Near_Lm1",23745148,23845147,"ENSG00000179455","MKRN3"
"512","chr15","Near_Lm1",23845148,23945147,"ENSG00000179455","MKRN3"
"513","chr15","Near_Lm1",32892202,32992201,"ENSG00000166922","SCG5"
"514","chr15","Interior_Repr2",34592202,34692201,"ENSG00000175265","GOLGA8A"
"515","chr15","Interior_Repr2",34692202,34792201,"ENSG00000175265","GOLGA8A"
"516","chr15","Interior_Repr2",34792202,34892201,"ENSG00000175265","GOLGA8A"
"517","chr15","Interior_Repr2",34792202,34892201,"ENSG00000215252","GOLGA8B"
"518","chr15","Near_Lm2",45892199,45992198,"ENSG00000137767","SQRDL"
"519","chr15","Near_Lm2",47436725,47492197,"ENSG00000137872","SEMA6D"
"520","chr15","Near_Lm2",47492198,47592197,"ENSG00000137872","SEMA6D"
"521","chr15","Near_Lm2",47592198,47692197,"ENSG00000137872","SEMA6D"
"522","chr15","Near_Lm2",47692198,47792197,"ENSG00000137872","SEMA6D"
"523","chr15","Near_Lm2",47792198,47892197,"ENSG00000137872","SEMA6D"
"524","chr15","Near_Lm2",47892198,47992197,"ENSG00000137872","SEMA6D"
"525","chr15","Near_Lm2",47992198,48092197,"ENSG00000137872","SEMA6D"
"526","chr15","Near_Lm1",49392198,49492197,"ENSG00000156958","GALK2"
"527","chr15","Near_Lm1",49492198,49592197,"ENSG00000156958","GALK2"
"528","chr15","Near_Lm2",49592198,49692197,"ENSG00000156958","GALK2"
"529","chr15","Near_Lm1",55892199,55992198,"ENSG00000166450","PRTG"
"530","chr15","Near_Lm1",55992199,56092198,"ENSG00000166450","PRTG"
"531","chr15","Near_Lm1",56492199,56592198,"ENSG00000151575","TEX9"
"532","chr15","Near_Lm1",56592199,56692198,"ENSG00000151575","TEX9"
"533","chr15","Near_Lm1",56692199,56792198,"ENSG00000151575","TEX9"
"534","chr15","Near_Lm1",56692199,56792198,"ENSG00000138587","MNS1"
"535","chr15","Interior_Repr1",84068753,84168752,"ENSG00000140600","SH3GL3"
"536","chr15","Interior_Repr1",84168753,84268752,"ENSG00000140600","SH3GL3"
"537","chr15","Interior_Repr1",84268753,84368752,"ENSG00000140600","SH3GL3"
"538","chr15","Near_Lm2",86643232,86743231,"ENSG00000166748","AGBL1"
"539","chr15","Lamina",86743232,86843231,"ENSG00000166748","AGBL1"
"540","chr15","Lamina",86843232,86943231,"ENSG00000166748","AGBL1"
"541","chr15","Lamina",86943232,87043231,"ENSG00000166748","AGBL1"
"542","chr15","Lamina",87043232,87143231,"ENSG00000166748","AGBL1"
"543","chr15","Lamina",87143232,87243231,"ENSG00000166748","AGBL1"
"544","chr15","Lamina",87243232,87343231,"ENSG00000166748","AGBL1"
"545","chr15","Lamina",87343232,87443231,"ENSG00000166748","AGBL1"
"546","chr15","Lamina",87443232,87543231,"ENSG00000166748","AGBL1"
"547","chr15","Lamina",87543232,87643231,"ENSG00000166748","AGBL1"
"548","chr15","Lamina",94743230,94843229,"ENSG00000140563","MCTP2"
"549","chr15","Lamina",94843230,94943229,"ENSG00000140563","MCTP2"
"550","chr15","Lamina",94943230,95043229,"ENSG00000140563","MCTP2"
"551","chr16","Interior_Repr1",31711322,31811321,"ENSG00000197302","ZNF720"
"552","chr16","Near_Lm1",55633913,55733912,"ENSG00000103546","SLC6A2"
"553","chr16","Interior_Repr2",55733913,55833912,"ENSG00000103546","SLC6A2"
"554","chr16","Lamina",61633905,61733904,"ENSG00000150394","CDH8"
"555","chr16","Lamina",61733905,61833904,"ENSG00000150394","CDH8"
"556","chr16","Lamina",61833905,61933904,"ENSG00000150394","CDH8"
"557","chr16","Lamina",61933905,62033904,"ENSG00000150394","CDH8"
"558","chr16","Lamina",62033905,62133904,"ENSG00000150394","CDH8"
"559","chr17","Interior_Repr1",13603318,13703317,"ENSG00000236088","COX10-AS1"
"560","chr17","Interior_Repr2",13703318,13803317,"ENSG00000236088","COX10-AS1"
"561","chr17","Interior_Repr2",13803318,13903317,"ENSG00000236088","COX10-AS1"
"562","chr17","Interior_Repr2",13903318,14003317,"ENSG00000236088","COX10-AS1"
"563","chr17","Near_Lm2",49677362,49737804,"ENSG00000154975","CA10"
"564","chr17","Near_Lm2",49777361,49877360,"ENSG00000154975","CA10"
"565","chr17","Near_Lm2",49877361,49977360,"ENSG00000154975","CA10"
"566","chr17","Near_Lm2",49977361,50077360,"ENSG00000154975","CA10"
"567","chr17","Near_Lm2",50077361,50177360,"ENSG00000154975","CA10"
"568","chr17","Near_Lm2",50177361,50277360,"ENSG00000154975","CA10"
"569","chr18","Near_Lm2",5200000,5299999,"ENSG00000263753","LINC00667"
"570","chr18","Near_Lm1",7499999,7599998,"ENSG00000173482","PTPRM"
"571","chr18","Near_Lm2",7599999,7699998,"ENSG00000173482","PTPRM"
"572","chr18","Near_Lm2",7699999,7799998,"ENSG00000173482","PTPRM"
"573","chr18","Near_Lm2",7799999,7899998,"ENSG00000173482","PTPRM"
"574","chr18","Near_Lm2",7899999,7999998,"ENSG00000173482","PTPRM"
"575","chr18","Near_Lm2",7999999,8099998,"ENSG00000173482","PTPRM"
"576","chr18","Near_Lm2",8099999,8199998,"ENSG00000173482","PTPRM"
"577","chr18","Near_Lm1",8199999,8299998,"ENSG00000173482","PTPRM"
"578","chr18","Near_Lm1",8299999,8399998,"ENSG00000173482","PTPRM"
"579","chr18","Near_Lm1",8399999,8499998,"ENSG00000173482","PTPRM"
"580","chr18","Near_Lm1",18510899,18579961,"ENSG00000067900","ROCK1"
"581","chr18","Near_Lm1",18579962,18679961,"ENSG00000067900","ROCK1"
"582","chr18","Near_Lm1",18679962,18779961,"ENSG00000067900","ROCK1"
"583","chr18","Near_Lm1",18779962,18879961,"ENSG00000141449","GREB1L"
"584","chr18","Near_Lm1",18879962,18979961,"ENSG00000141449","GREB1L"
"585","chr18","Near_Lm1",18979962,19079961,"ENSG00000141449","GREB1L"
"586","chr18","Near_Lm1",19079962,19179961,"ENSG00000141449","GREB1L"
"587","chr18","Near_Lm1",21679965,21779964,"ENSG00000141447","OSBPL1A"
"588","chr18","Near_Lm1",21779965,21879964,"ENSG00000141447","OSBPL1A"
"589","chr18","Near_Lm1",21879965,21979964,"ENSG00000141447","OSBPL1A"
"590","chr18","Interior_Act3",29179964,29279963,"ENSG00000118276","B4GALT6"
"591","chr18","Lamina",31379965,31479964,"ENSG00000101746","NOL4"
"592","chr18","Lamina",31479965,31579964,"ENSG00000101746","NOL4"
"593","chr18","Lamina",31579965,31679964,"ENSG00000101746","NOL4"
"594","chr18","Lamina",31679965,31779964,"ENSG00000101746","NOL4"
"595","chr18","Lamina",31779965,31879964,"ENSG00000101746","NOL4"
"596","chr18","Near_Lm2",34379964,34479963,"ENSG00000150477","KIAA1328"
"597","chr18","Near_Lm2",34479964,34579963,"ENSG00000150477","KIAA1328"
"598","chr18","Near_Lm2",34579964,34679963,"ENSG00000150477","KIAA1328"
"599","chr18","Near_Lm2",34679964,34779963,"ENSG00000150477","KIAA1328"
"600","chr18","Near_Lm2",34779964,34879963,"ENSG00000150477","KIAA1328"
"601","chr18","Lamina",36779965,36879964,"ENSG00000267374","LINC00669"
"602","chr18","Lamina",36879965,36979964,"ENSG00000267374","LINC00669"
"603","chr18","Lamina",36979965,37079964,"ENSG00000267374","LINC00669"
"604","chr18","Lamina",37079965,37179964,"ENSG00000267374","LINC00669"
"605","chr18","Lamina",37179965,37279964,"ENSG00000267374","LINC00669"
"606","chr18","Lamina",37279965,37379964,"ENSG00000267374","LINC00669"
"607","chr18","Lamina",37379965,37479964,"ENSG00000267374","LINC00669"
"608","chr18","Near_Lm2",42779966,42879965,"ENSG00000132874","SLC14A2"
"609","chr18","Near_Lm2",42879966,42979965,"ENSG00000132874","SLC14A2"
"610","chr18","Near_Lm1",42979966,43079965,"ENSG00000132874","SLC14A2"
"611","chr18","Near_Lm1",43079966,43179965,"ENSG00000132874","SLC14A2"
"612","chr18","Near_Lm1",43179966,43279965,"ENSG00000132874","SLC14A2"
"613","chr18","Lamina",49826371,49926370,"ENSG00000187323","DCC"
"614","chr18","Lamina",49926371,50026370,"ENSG00000187323","DCC"
"615","chr18","Lamina",50026371,50126370,"ENSG00000187323","DCC"
"616","chr18","Lamina",50126371,50226370,"ENSG00000187323","DCC"
"617","chr18","Lamina",50226371,50326370,"ENSG00000187323","DCC"
"618","chr18","Lamina",50326371,50426370,"ENSG00000187323","DCC"
"619","chr18","Lamina",50426371,50526370,"ENSG00000187323","DCC"
"620","chr18","Lamina",50526371,50626370,"ENSG00000187323","DCC"
"621","chr18","Lamina",50626371,50726370,"ENSG00000187323","DCC"
"622","chr18","Lamina",50726371,50826370,"ENSG00000187323","DCC"
"623","chr18","Lamina",50826371,50926370,"ENSG00000187323","DCC"
"624","chr18","Lamina",50926371,51026370,"ENSG00000187323","DCC"
"625","chr18","Lamina",51026371,51126370,"ENSG00000187323","DCC"
"626","chr18","Interior_Repr2",55267233,55367232,"ENSG00000081923","ATP8B1"
"627","chr18","Interior_Act2",55367233,55467232,"ENSG00000081923","ATP8B1"
"628","chr18","Interior_Act2",55467233,55567232,"ENSG00000081923","ATP8B1"
"629","chr18","Lamina",58967234,59067233,"ENSG00000101542","CDH20"
"630","chr18","Near_Lm2",59067234,59167233,"ENSG00000101542","CDH20"
"631","chr18","Near_Lm2",59167234,59267233,"ENSG00000101542","CDH20"
"632","chr18","Interior_Act3",60367234,60467233,"ENSG00000081913","PHLPP1"
"633","chr18","Near_Lm1",60467234,60567233,"ENSG00000081913","PHLPP1"
"634","chr18","Near_Lm1",60567234,60667233,"ENSG00000081913","PHLPP1"
"635","chr18","Interior_Act3",72335295,72411956,"ENSG00000215421","ZNF407"
"636","chr18","Interior_Act3",72411957,72511956,"ENSG00000215421","ZNF407"
"637","chr18","Interior_Act3",72511957,72611956,"ENSG00000215421","ZNF407"
"638","chr18","Near_Lm1",72611957,72711956,"ENSG00000215421","ZNF407"
"639","chr18","Near_Lm1",72711957,72811956,"ENSG00000215421","ZNF407"
"640","chr19","Interior_Repr1",19910810,20010809,"ENSG00000256771","ZNF253"
"641","chr19","Interior_Repr1",22182803,22282802,"ENSG00000197134","ZNF257"
"642","chr19","Near_Lm1",23382803,23482802,"ENSG00000196081","ZNF724P"
"643","chr19","Near_Lm1",24182803,24282802,"ENSG00000213096","ZNF254"
"644","chr19","Near_Lm2",24282803,24382802,"ENSG00000213096","ZNF254"
"645","chr19","Interior_Repr1",36790903,36890902,"ENSG00000142065","ZFP14"
"646","chr19","Interior_Repr1",37590903,37690902,"ENSG00000245680","ZNF585B"
"647","chr19","Interior_Repr1",37690903,37790902,"ENSG00000245680","ZNF585B"
"648","chr19","Interior_Repr1",37690903,37790902,"ENSG00000188283","ZNF383"
"649","chr19","Interior_Repr1",37790903,37890902,"ENSG00000181666","HKR1"
"650","chr19","Interior_Repr1",44704154,44804153,"ENSG00000131115","ZNF227"
"651","chr19","Interior_Repr1",44704154,44804153,"ENSG00000159917","ZNF235"
"652","chr19","Interior_Repr1",44804154,44842129,"ENSG00000159917","ZNF235"
"653","chr19","Speckle",53003254,53103253,"ENSG00000198482","ZNF808"
"654","chr19","Speckle",56311367,56411366,"ENSG00000160505","NLRP4"
"655","chr19","Speckle",56711370,56811369,"ENSG00000131848","ZSCAN5A"
"656","chr19","Interior_Repr1",56811370,56911369,"ENSG00000131848","ZSCAN5A"
"657","chr19","Interior_Repr1",56911370,57011369,"ENSG00000198046","ZNF667"
"658","chr19","Speckle",58718361,58811366,"ENSG00000198131","ZNF544"
"659","chr2","Lamina",13840126,13940125,"ENSG00000230448","LINC00276"
"660","chr2","Lamina",13940126,14040125,"ENSG00000230448","LINC00276"
"661","chr2","Lamina",14040126,14140125,"ENSG00000230448","LINC00276"
"662","chr2","Lamina",14140126,14240125,"ENSG00000230448","LINC00276"
"663","chr2","Lamina",14240126,14333879,"ENSG00000230448","LINC00276"
"664","chr2","Lamina",14340125,14440124,"ENSG00000230448","LINC00276"
"665","chr2","Lamina",14440125,14540124,"ENSG00000230448","LINC00276"
"666","chr2","Lamina",14540125,14640124,"ENSG00000230448","LINC00276"
"667","chr2","Near_Lm2",16681269,16781268,"ENSG00000197872","FAM49A"
"668","chr2","Near_Lm2",16781269,16867399,"ENSG00000197872","FAM49A"
"669","chr2","Near_Lm2",20799761,20899760,"ENSG00000118961","C2orf43"
"670","chr2","Near_Lm2",20899761,20999760,"ENSG00000118961","C2orf43"
"671","chr2","Near_Lm2",20999761,21099760,"ENSG00000118961","C2orf43"
"672","chr2","Interior_Repr2",29322867,29422866,"ENSG00000171094","ALK"
"673","chr2","Interior_Repr2",29422867,29522866,"ENSG00000171094","ALK"
"674","chr2","Near_Lm1",29522867,29622866,"ENSG00000171094","ALK"
"675","chr2","Near_Lm1",29622867,29722866,"ENSG00000171094","ALK"
"676","chr2","Near_Lm1",29722867,29822866,"ENSG00000171094","ALK"
"677","chr2","Near_Lm1",29822867,29922866,"ENSG00000171094","ALK"
"678","chr2","Near_Lm1",29922867,30022866,"ENSG00000171094","ALK"
"679","chr2","Near_Lm1",30022867,30122866,"ENSG00000171094","ALK"
"680","chr2","Near_Lm1",30122867,30222866,"ENSG00000171094","ALK"
"681","chr2","Near_Lm2",39927141,40027140,"ENSG00000227028","SLC8A1-AS1"
"682","chr2","Near_Lm2",40027141,40127140,"ENSG00000227028","SLC8A1-AS1"
"683","chr2","Lamina",40127141,40227140,"ENSG00000227028","SLC8A1-AS1"
"684","chr2","Lamina",40227141,40327140,"ENSG00000227028","SLC8A1-AS1"
"685","chr2","Lamina",40327141,40427140,"ENSG00000227028","SLC8A1-AS1"
"686","chr2","Lamina",40427141,40527140,"ENSG00000227028","SLC8A1-AS1"
"687","chr2","Lamina",40227141,40327140,"ENSG00000183023","SLC8A1"
"688","chr2","Lamina",40327141,40427140,"ENSG00000183023","SLC8A1"
"689","chr2","Lamina",40427141,40527140,"ENSG00000183023","SLC8A1"
"690","chr2","Lamina",40527141,40627140,"ENSG00000183023","SLC8A1"
"691","chr2","Lamina",40627141,40727140,"ENSG00000183023","SLC8A1"
"692","chr2","Lamina",40727141,40827140,"ENSG00000183023","SLC8A1"
"693","chr2","Lamina",40827141,40927140,"ENSG00000183023","SLC8A1"
"694","chr2","Near_Lm2",53727139,53781083,"ENSG00000115239","GPR75-ASB3"
"695","chr2","Near_Lm2",53827138,53927137,"ENSG00000115239","GPR75-ASB3"
"696","chr2","Near_Lm2",53927138,54027137,"ENSG00000115239","GPR75-ASB3"
"697","chr2","Near_Lm2",54027138,54127137,"ENSG00000115239","GPR75-ASB3"
"698","chr2","Near_Lm1",72341598,72427129,"ENSG00000144036","EXOC6B"
"699","chr2","Near_Lm1",72427130,72527129,"ENSG00000144036","EXOC6B"
"700","chr2","Near_Lm1",72527130,72627129,"ENSG00000144036","EXOC6B"
"701","chr2","Near_Lm1",72627130,72727129,"ENSG00000144036","EXOC6B"
"702","chr2","Near_Lm1",72727130,72827129,"ENSG00000144036","EXOC6B"
"703","chr2","Near_Lm1",72827130,72927129,"ENSG00000144036","EXOC6B"
"704","chr2","Near_Lm1",72927130,73027129,"ENSG00000144036","EXOC6B"
"705","chr2","Near_Lm1",73027130,73127129,"ENSG00000144036","EXOC6B"
"706","chr2","Lamina",76927127,77027126,"ENSG00000176204","LRRTM4"
"707","chr2","Lamina",77027127,77127126,"ENSG00000176204","LRRTM4"
"708","chr2","Lamina",77127127,77227126,"ENSG00000176204","LRRTM4"
"709","chr2","Lamina",77227127,77327126,"ENSG00000176204","LRRTM4"
"710","chr2","Lamina",77327127,77427126,"ENSG00000176204","LRRTM4"
"711","chr2","Lamina",77427127,77527126,"ENSG00000176204","LRRTM4"
"712","chr2","Lamina",77527127,77627126,"ENSG00000176204","LRRTM4"
"713","chr2","Lamina",77627127,77727126,"ENSG00000176204","LRRTM4"
"714","chr2","Lamina",77727127,77827126,"ENSG00000176204","LRRTM4"
"715","chr2","Near_Lm1",88299520,88399519,"ENSG00000172086","KRCC1"
"716","chr2","Near_Lm1",99716464,99816463,"ENSG00000241962","C2orf15"
"717","chr2","Interior_Repr2",99816464,99916463,"ENSG00000241962","C2orf15"
"718","chr2","Interior_Repr2",99916464,100016463,"ENSG00000241962","C2orf15"
"719","chr2","Interior_Repr2",99816464,99916463,"ENSG00000144214","LYG1"
"720","chr2","Interior_Repr2",99916464,100016463,"ENSG00000144214","LYG1"
"721","chr2","Near_Lm1",119657577,119757576,"ENSG00000019169","MARCO"
"722","chr2","Lamina",124757578,124857577,"ENSG00000155052","CNTNAP5"
"723","chr2","Lamina",124857578,124957577,"ENSG00000155052","CNTNAP5"
"724","chr2","Lamina",124957578,125057577,"ENSG00000155052","CNTNAP5"
"725","chr2","Lamina",125057578,125157577,"ENSG00000155052","CNTNAP5"
"726","chr2","Lamina",125157578,125257577,"ENSG00000155052","CNTNAP5"
"727","chr2","Lamina",125257578,125357577,"ENSG00000155052","CNTNAP5"
"728","chr2","Lamina",125357578,125457577,"ENSG00000155052","CNTNAP5"
"729","chr2","Lamina",125457578,125557577,"ENSG00000155052","CNTNAP5"
"730","chr2","Lamina",125557578,125657577,"ENSG00000155052","CNTNAP5"
"731","chr2","Lamina",125657578,125757577,"ENSG00000155052","CNTNAP5"
"732","chr2","Interior_Act2",131857574,131957573,"ENSG00000115762","PLEKHB2"
"733","chr2","Interior_Act2",131957574,132057573,"ENSG00000115762","PLEKHB2"
"734","chr2","Interior_Act1",132057574,132157573,"ENSG00000115762","PLEKHB2"
"735","chr2","Near_Lm2",132857574,132957573,"ENSG00000163046","ANKRD30BL"
"736","chr2","Near_Lm2",132957574,133057573,"ENSG00000163046","ANKRD30BL"
"737","chr2","Lamina",137457571,137557570,"ENSG00000144229","THSD7B"
"738","chr2","Lamina",137557571,137657570,"ENSG00000144229","THSD7B"
"739","chr2","Lamina",137657571,137757570,"ENSG00000144229","THSD7B"
"740","chr2","Lamina",137757571,137857570,"ENSG00000144229","THSD7B"
"741","chr2","Lamina",137857571,137957570,"ENSG00000144229","THSD7B"
"742","chr2","Lamina",137957571,138057570,"ENSG00000144229","THSD7B"
"743","chr2","Lamina",138057571,138157570,"ENSG00000144229","THSD7B"
"744","chr2","Lamina",138157571,138257570,"ENSG00000144229","THSD7B"
"745","chr2","Lamina",138257571,138357570,"ENSG00000144229","THSD7B"
"746","chr2","Lamina",138357571,138457570,"ENSG00000144229","THSD7B"
"747","chr2","Lamina",140957570,141057569,"ENSG00000168702","LRP1B"
"748","chr2","Lamina",141057570,141157569,"ENSG00000168702","LRP1B"
"749","chr2","Lamina",141157570,141257569,"ENSG00000168702","LRP1B"
"750","chr2","Lamina",141257570,141357569,"ENSG00000168702","LRP1B"
"751","chr2","Lamina",141357570,141457569,"ENSG00000168702","LRP1B"
"752","chr2","Lamina",141457570,141557569,"ENSG00000168702","LRP1B"
"753","chr2","Lamina",141557570,141657569,"ENSG00000168702","LRP1B"
"754","chr2","Lamina",141657570,141757569,"ENSG00000168702","LRP1B"
"755","chr2","Lamina",141757570,141857569,"ENSG00000168702","LRP1B"
"756","chr2","Lamina",141857570,141957569,"ENSG00000168702","LRP1B"
"757","chr2","Lamina",141957570,142057569,"ENSG00000168702","LRP1B"
"758","chr2","Lamina",142057570,142157569,"ENSG00000168702","LRP1B"
"759","chr2","Lamina",142157570,142257569,"ENSG00000168702","LRP1B"
"760","chr2","Lamina",142257570,142357569,"ENSG00000168702","LRP1B"
"761","chr2","Lamina",142357570,142457569,"ENSG00000168702","LRP1B"
"762","chr2","Lamina",142457570,142557569,"ENSG00000168702","LRP1B"
"763","chr2","Lamina",142557570,142657569,"ENSG00000168702","LRP1B"
"764","chr2","Lamina",142657570,142757569,"ENSG00000168702","LRP1B"
"765","chr2","Lamina",142757570,142857569,"ENSG00000168702","LRP1B"
"766","chr2","Lamina",142857570,142957569,"ENSG00000168702","LRP1B"
"767","chr2","Near_Lm2",148757570,148857569,"ENSG00000204406","MBD5"
"768","chr2","Near_Lm2",148857570,148957569,"ENSG00000204406","MBD5"
"769","chr2","Near_Lm2",148957570,149057569,"ENSG00000204406","MBD5"
"770","chr2","Lamina",149057570,149157569,"ENSG00000204406","MBD5"
"771","chr2","Near_Lm2",149157570,149257569,"ENSG00000204406","MBD5"
"772","chr2","Near_Lm2",149257570,149357569,"ENSG00000204406","MBD5"
"773","chr2","Interior_Act3",152656515,152756514,"ENSG00000182389","CACNB4"
"774","chr2","Interior_Act3",152756515,152856514,"ENSG00000182389","CACNB4"
"775","chr2","Interior_Act3",152856515,152956514,"ENSG00000182389","CACNB4"
"776","chr2","Lamina",154656514,154756513,"ENSG00000144278","GALNT13"
"777","chr2","Lamina",154756514,154856513,"ENSG00000144278","GALNT13"
"778","chr2","Lamina",154856514,154956513,"ENSG00000144278","GALNT13"
"779","chr2","Lamina",154956514,155056513,"ENSG00000144278","GALNT13"
"780","chr2","Lamina",155056514,155156513,"ENSG00000144278","GALNT13"
"781","chr2","Lamina",155166416,155256512,"ENSG00000144278","GALNT13"
"782","chr2","Lamina",155256513,155356512,"ENSG00000144278","GALNT13"
"783","chr2","Interior_Act3",159256513,159356512,"ENSG00000144283","PKP4"
"784","chr2","Interior_Act3",159356513,159456512,"ENSG00000144283","PKP4"
"785","chr2","Interior_Act3",159456513,159556512,"ENSG00000144283","PKP4"
"786","chr2","Interior_Act3",159756513,159856512,"ENSG00000115183","TANC1"
"787","chr2","Interior_Act3",159856513,159956512,"ENSG00000115183","TANC1"
"788","chr2","Interior_Act3",159984745,160056511,"ENSG00000115183","TANC1"
"789","chr2","Interior_Act3",160056512,160156511,"ENSG00000115183","TANC1"
"790","chr2","Interior_Act3",160156512,160256511,"ENSG00000123636","BAZ2B"
"791","chr2","Interior_Act3",160256512,160356511,"ENSG00000123636","BAZ2B"
"792","chr2","Interior_Act3",160356512,160456511,"ENSG00000123636","BAZ2B"
"793","chr2","Interior_Act3",160456512,160556511,"ENSG00000123636","BAZ2B"
"794","chr2","Near_Lm2",162256512,162356511,"ENSG00000144290","SLC4A10"
"795","chr2","Near_Lm2",162365239,162456510,"ENSG00000144290","SLC4A10"
"796","chr2","Lamina",162456511,162556510,"ENSG00000144290","SLC4A10"
"797","chr2","Lamina",162556511,162656510,"ENSG00000144290","SLC4A10"
"798","chr2","Lamina",162656511,162756510,"ENSG00000144290","SLC4A10"
"799","chr2","Lamina",162756511,162856510,"ENSG00000144290","SLC4A10"
"800","chr2","Lamina",164356511,164456510,"ENSG00000182263","FIGN"
"801","chr2","Lamina",164456511,164556510,"ENSG00000182263","FIGN"
"802","chr2","Lamina",164556511,164656510,"ENSG00000182263","FIGN"
"803","chr2","Lamina",166056511,166156510,"ENSG00000136531","SCN2A"
"804","chr2","Lamina",166156511,166256510,"ENSG00000136531","SCN2A"
"805","chr2","Interior_Act3",169656511,169756510,"ENSG00000152253","SPC25"
"806","chr2","Interior_Act3",169756511,169856510,"ENSG00000152253","SPC25"
"807","chr2","Interior_Act3",169756511,169856510,"ENSG00000152254","G6PC2"
"808","chr2","Interior_Act3",169956511,170056510,"ENSG00000081479","LRP2"
"809","chr2","Interior_Act3",170056511,170156510,"ENSG00000081479","LRP2"
"810","chr2","NAN",170105393,170105690,"ENSG00000081479","LRP2"
"811","chr2","NAN",170110122,170110398,"ENSG00000081479","LRP2"
"812","chr2","Interior_Act3",170156511,170256510,"ENSG00000081479","LRP2"
"813","chr2","Interior_Act3",178464729,178564728,"ENSG00000128655","PDE11A"
"814","chr2","Near_Lm2",178564729,178664728,"ENSG00000128655","PDE11A"
"815","chr2","Near_Lm2",178665212,178764727,"ENSG00000128655","PDE11A"
"816","chr2","Near_Lm2",178764728,178864727,"ENSG00000128655","PDE11A"
"817","chr2","Near_Lm2",178864728,178964727,"ENSG00000128655","PDE11A"
"818","chr2","Interior_Act3",178964728,179064727,"ENSG00000128655","PDE11A"
"819","chr2","Interior_Act3",178964728,179064727,"ENSG00000155636","RBM45"
"820","chr2","Lamina",182264728,182364727,"ENSG00000115232","ITGA4"
"821","chr2","Lamina",182364728,182464727,"ENSG00000115232","ITGA4"
"822","chr2","Near_Lm2",183764729,183864728,"ENSG00000061676","NCKAP1"
"823","chr2","Interior_Act3",183864729,183964728,"ENSG00000061676","NCKAP1"
"824","chr2","Near_Lm2",183964729,184064728,"ENSG00000163002","NUP35"
"825","chr2","NAN",184025116,184025233,"ENSG00000163002","NUP35"
"826","chr2","Near_Lm2",191864727,191964726,"ENSG00000138378","STAT4"
"827","chr2","Near_Lm2",191964727,192064726,"ENSG00000138378","STAT4"
"828","chr2","Near_Lm2",196964725,197064724,"ENSG00000138411","HECW2"
"829","chr2","Interior_Act3",197064725,197164724,"ENSG00000138411","HECW2"
"830","chr2","Interior_Act3",197164725,197264724,"ENSG00000138411","HECW2"
"831","chr2","Interior_Act3",197264725,197364724,"ENSG00000138411","HECW2"
"832","chr2","Interior_Act3",197364725,197464724,"ENSG00000138411","HECW2"
"833","chr2","Near_Lm2",200064724,200164723,"ENSG00000119042","SATB2"
"834","chr2","Near_Lm2",200164724,200264723,"ENSG00000119042","SATB2"
"835","chr2","Near_Lm2",200264724,200364723,"ENSG00000119042","SATB2"
"836","chr2","Near_Lm2",200564724,200664723,"ENSG00000226124","FTCDNL1"
"837","chr2","Near_Lm2",200664724,200764723,"ENSG00000226124","FTCDNL1"
"838","chr2","Interior_Repr2",202164724,202264723,"ENSG00000082146","STRADB"
"839","chr2","Interior_Repr2",202264724,202364723,"ENSG00000082146","STRADB"
"840","chr2","Lamina",213764725,213864724,"ENSG00000030419","IKZF2"
"841","chr2","Lamina",213864725,213964724,"ENSG00000030419","IKZF2"
"842","chr2","Lamina",213964725,214064724,"ENSG00000030419","IKZF2"
"843","chr2","Interior_Act3",216164724,216264723,"ENSG00000115414","FN1"
"844","chr2","Interior_Act3",216264724,216364723,"ENSG00000115414","FN1"
"845","chr2","Interior_Act3",216464724,216539644,"ENSG00000235770","LINC00607"
"846","chr2","Interior_Act3",216564724,216664723,"ENSG00000235770","LINC00607"
"847","chr2","Interior_Act3",216664724,216764723,"ENSG00000235770","LINC00607"
"848","chr2","Lamina",222964720,223064719,"ENSG00000135903","PAX3"
"849","chr2","Lamina",223064720,223164719,"ENSG00000135903","PAX3"
"850","chr2","Near_Lm2",223864719,223964718,"ENSG00000152049","KCNE4"
"851","chr2","Near_Lm2",223964719,224064718,"ENSG00000152049","KCNE4"
"852","chr20","Near_Lm2",8080648,8180647,"ENSG00000182621","PLCB1"
"853","chr20","Lamina",8180648,8232321,"ENSG00000182621","PLCB1"
"854","chr20","Lamina",8280648,8380647,"ENSG00000182621","PLCB1"
"855","chr20","Lamina",8380648,8480647,"ENSG00000182621","PLCB1"
"856","chr20","Lamina",8480648,8580647,"ENSG00000182621","PLCB1"
"857","chr20","Near_Lm2",8580648,8680647,"ENSG00000182621","PLCB1"
"858","chr20","Near_Lm2",8680648,8780647,"ENSG00000182621","PLCB1"
"859","chr20","Near_Lm2",8780648,8880647,"ENSG00000182621","PLCB1"
"860","chr20","Near_Lm2",8880648,8980647,"ENSG00000182621","PLCB1"
"861","chr20","Near_Lm2",16680646,16780645,"ENSG00000125879","OTOR"
"862","chr21","Near_Lm2",18872319,18972318,"ENSG00000154639","CXADR"
"863","chr21","Near_Lm2",19272318,19372317,"ENSG00000154645","CHODL"
"864","chr21","Lamina",19399222,19472318,"ENSG00000154645","CHODL"
"865","chr21","Lamina",19499479,19572317,"ENSG00000154645","CHODL"
"866","chr21","Lamina",19572318,19672317,"ENSG00000154645","CHODL"
"867","chr3","Near_Lm2",3041685,3141684,"ENSG00000091181","IL5RA"
"868","chr3","Near_Lm2",3141685,3241684,"ENSG00000091181","IL5RA"
"869","chr3","Near_Lm2",6741688,6841687,"ENSG00000196277","GRM7"
"870","chr3","Near_Lm2",6841688,6941687,"ENSG00000196277","GRM7"
"871","chr3","Lamina",6941688,7041687,"ENSG00000196277","GRM7"
"872","chr3","Lamina",7041688,7141687,"ENSG00000196277","GRM7"
"873","chr3","Lamina",7141688,7241687,"ENSG00000196277","GRM7"
"874","chr3","Lamina",7241688,7341687,"ENSG00000196277","GRM7"
"875","chr3","Lamina",7341688,7441687,"ENSG00000196277","GRM7"
"876","chr3","Lamina",7441688,7541687,"ENSG00000196277","GRM7"
"877","chr3","Lamina",7541688,7641687,"ENSG00000196277","GRM7"
"878","chr3","Lamina",7641688,7741687,"ENSG00000196277","GRM7"
"879","chr3","Lamina",7741688,7841687,"ENSG00000196277","GRM7"
"880","chr3","Lamina",7941688,8041687,"ENSG00000227110","LMCD1-AS1"
"881","chr3","Lamina",8041688,8141687,"ENSG00000227110","LMCD1-AS1"
"882","chr3","Lamina",8141688,8241687,"ENSG00000227110","LMCD1-AS1"
"883","chr3","Lamina",8241688,8335813,"ENSG00000227110","LMCD1-AS1"
"884","chr3","Near_Lm2",8381302,8441686,"ENSG00000227110","LMCD1-AS1"
"885","chr3","Near_Lm2",8441687,8541686,"ENSG00000227110","LMCD1-AS1"
"886","chr3","Near_Lm2",8541687,8641686,"ENSG00000227110","LMCD1-AS1"
"887","chr3","Near_Lm1",8641687,8741686,"ENSG00000227110","LMCD1-AS1"
"888","chr3","Lamina",23241492,23341491,"ENSG00000182247","UBE2E2"
"889","chr3","Lamina",23341492,23441491,"ENSG00000182247","UBE2E2"
"890","chr3","Lamina",23441492,23541491,"ENSG00000182247","UBE2E2"
"891","chr3","Near_Lm2",23541492,23641491,"ENSG00000182247","UBE2E2"
"892","chr3","Speckle",50637432,50737431,"ENSG00000088538","DOCK3"
"893","chr3","Speckle",50737432,50837431,"ENSG00000088538","DOCK3"
"894","chr3","Interior_Repr1",50837432,50937431,"ENSG00000088538","DOCK3"
"895","chr3","Interior_Repr1",50937432,51037431,"ENSG00000088538","DOCK3"
"896","chr3","Interior_Repr1",51037432,51137431,"ENSG00000088538","DOCK3"
"897","chr3","Interior_Repr1",51137432,51237431,"ENSG00000088538","DOCK3"
"898","chr3","Interior_Repr1",51237432,51337431,"ENSG00000088538","DOCK3"
"899","chr3","Interior_Repr1",51337432,51437431,"ENSG00000088538","DOCK3"
"900","chr3","Near_Lm1",54134028,54234027,"ENSG00000157445","CACNA2D3"
"901","chr3","Near_Lm1",54234028,54334027,"ENSG00000157445","CACNA2D3"
"902","chr3","Near_Lm1",54334028,54434027,"ENSG00000157445","CACNA2D3"
"903","chr3","Near_Lm1",54434028,54534027,"ENSG00000157445","CACNA2D3"
"904","chr3","Near_Lm1",54534028,54634027,"ENSG00000157445","CACNA2D3"
"905","chr3","Near_Lm1",54634028,54734027,"ENSG00000157445","CACNA2D3"
"906","chr3","Near_Lm1",54734028,54834027,"ENSG00000157445","CACNA2D3"
"907","chr3","Near_Lm1",54834028,54934027,"ENSG00000157445","CACNA2D3"
"908","chr3","Near_Lm1",54934028,55034027,"ENSG00000157445","CACNA2D3"
"909","chr3","Near_Lm1",55034028,55134027,"ENSG00000157445","CACNA2D3"
"910","chr3","Near_Lm1",59685727,59785726,"ENSG00000189283","FHIT"
"911","chr3","Near_Lm1",59785727,59885726,"ENSG00000189283","FHIT"
"912","chr3","Near_Lm1",59885727,59985726,"ENSG00000189283","FHIT"
"913","chr3","Near_Lm1",59985727,60085726,"ENSG00000189283","FHIT"
"914","chr3","Near_Lm1",60125245,60173303,"ENSG00000189283","FHIT"
"915","chr3","Near_Lm1",60185729,60258337,"ENSG00000189283","FHIT"
"916","chr3","Near_Lm1",60351864,60385733,"ENSG00000189283","FHIT"
"917","chr3","Near_Lm1",60385734,60485733,"ENSG00000189283","FHIT"
"918","chr3","Near_Lm1",60485734,60585733,"ENSG00000189283","FHIT"
"919","chr3","Near_Lm1",60585734,60685733,"ENSG00000189283","FHIT"
"920","chr3","Near_Lm1",60685734,60782101,"ENSG00000189283","FHIT"
"921","chr3","Near_Lm1",60829381,60885672,"ENSG00000189283","FHIT"
"922","chr3","Near_Lm1",60885673,60985672,"ENSG00000189283","FHIT"
"923","chr3","Near_Lm1",60985673,61059610,"ENSG00000189283","FHIT"
"924","chr3","Near_Lm1",61085674,61169874,"ENSG00000189283","FHIT"
"925","chr3","Near_Lm1",61185675,61285674,"ENSG00000189283","FHIT"
"926","chr3","Near_Lm1",61485675,61585674,"ENSG00000144724","PTPRG"
"927","chr3","Near_Lm1",61585675,61685674,"ENSG00000144724","PTPRG"
"928","chr3","Near_Lm1",61685675,61785674,"ENSG00000144724","PTPRG"
"929","chr3","Near_Lm1",61785675,61885674,"ENSG00000144724","PTPRG"
"930","chr3","Near_Lm1",61885675,61985674,"ENSG00000144724","PTPRG"
"931","chr3","Near_Lm1",61985675,62085674,"ENSG00000144724","PTPRG"
"932","chr3","Near_Lm1",62085675,62185674,"ENSG00000144724","PTPRG"
"933","chr3","Near_Lm1",62233576,62285675,"ENSG00000144724","PTPRG"
"934","chr3","Near_Lm1",62285676,62385675,"ENSG00000163618","CADPS"
"935","chr3","Near_Lm1",62385676,62485675,"ENSG00000163618","CADPS"
"936","chr3","Near_Lm1",62485676,62585675,"ENSG00000163618","CADPS"
"937","chr3","Near_Lm1",62585676,62685675,"ENSG00000163618","CADPS"
"938","chr3","Near_Lm2",62685676,62785675,"ENSG00000163618","CADPS"
"939","chr3","Near_Lm2",62785676,62885675,"ENSG00000163618","CADPS"
"940","chr3","Near_Lm1",64585677,64685676,"ENSG00000241684","ADAMTS9-AS2"
"941","chr3","Near_Lm1",64685677,64785676,"ENSG00000241684","ADAMTS9-AS2"
"942","chr3","Near_Lm1",64793400,64885675,"ENSG00000241684","ADAMTS9-AS2"
"943","chr3","Near_Lm1",64885676,64985675,"ENSG00000241684","ADAMTS9-AS2"
"944","chr3","Near_Lm1",64985676,65085675,"ENSG00000241684","ADAMTS9-AS2"
"945","chr3","Near_Lm1",65285676,65385675,"ENSG00000151276","MAGI1"
"946","chr3","Near_Lm1",65385676,65485675,"ENSG00000151276","MAGI1"
"947","chr3","Interior_Act3",65485676,65585675,"ENSG00000151276","MAGI1"
"948","chr3","Interior_Act3",65585676,65685675,"ENSG00000151276","MAGI1"
"949","chr3","Near_Lm1",65685676,65785675,"ENSG00000151276","MAGI1"
"950","chr3","Near_Lm1",65785676,65885675,"ENSG00000151276","MAGI1"
"951","chr3","Near_Lm1",65885676,65985675,"ENSG00000151276","MAGI1"
"952","chr3","Near_Lm1",65985676,66085675,"ENSG00000151276","MAGI1"
"953","chr3","Near_Lm2",68749152,68849151,"ENSG00000163377","FAM19A4"
"954","chr3","Near_Lm2",68849152,68949151,"ENSG00000163377","FAM19A4"
"955","chr3","Near_Lm2",68949152,69049151,"ENSG00000163377","FAM19A4"
"956","chr3","Near_Lm1",69149152,69249151,"ENSG00000114541","FRMD4B"
"957","chr3","Near_Lm1",69249152,69349151,"ENSG00000114541","FRMD4B"
"958","chr3","Near_Lm1",69349152,69449151,"ENSG00000114541","FRMD4B"
"959","chr3","Near_Lm1",69449152,69549151,"ENSG00000114541","FRMD4B"
"960","chr3","Near_Lm1",69549152,69649151,"ENSG00000114541","FRMD4B"
"961","chr3","Near_Lm1",70949152,71049151,"ENSG00000114861","FOXP1"
"962","chr3","Near_Lm1",71049152,71149151,"ENSG00000114861","FOXP1"
"963","chr3","Interior_Act3",71149152,71249151,"ENSG00000114861","FOXP1"
"964","chr3","Interior_Act3",71249152,71349151,"ENSG00000114861","FOXP1"
"965","chr3","Interior_Act3",71349152,71449151,"ENSG00000114861","FOXP1"
"966","chr3","Interior_Act3",71449152,71549151,"ENSG00000114861","FOXP1"
"967","chr3","Interior_Act3",71549152,71649151,"ENSG00000114861","FOXP1"
"968","chr3","Lamina",106518848,106618847,"ENSG00000242759","LINC00882"
"969","chr3","Lamina",106618848,106718847,"ENSG00000242759","LINC00882"
"970","chr3","Near_Lm2",106718848,106818847,"ENSG00000242759","LINC00882"
"971","chr3","Near_Lm2",106818848,106918847,"ENSG00000242759","LINC00882"
"972","chr3","Near_Lm2",106918848,107018847,"ENSG00000242759","LINC00882"
"973","chr3","Interior_Act3",107518848,107618847,"ENSG00000240423","LINC00636"
"974","chr3","Interior_Act3",107618848,107718847,"ENSG00000240423","LINC00636"
"975","chr3","Near_Lm2",111318848,111418847,"ENSG00000240891","PLCXD2"
"976","chr3","Near_Lm2",111418848,111518847,"ENSG00000240891","PLCXD2"
"977","chr3","Near_Lm2",111518848,111618847,"ENSG00000240891","PLCXD2"
"978","chr3","Near_Lm2",111818848,111918847,"ENSG00000172139","SLC9C1"
"979","chr3","Near_Lm2",111918848,112018847,"ENSG00000172139","SLC9C1"
"980","chr3","Near_Lm2",113818848,113918847,"ENSG00000151577","DRD3"
"981","chr3","Near_Lm2",114018848,114118847,"ENSG00000181722","ZBTB20"
"982","chr3","Near_Lm2",114118848,114218847,"ENSG00000181722","ZBTB20"
"983","chr3","Near_Lm2",114218848,114318847,"ENSG00000181722","ZBTB20"
"984","chr3","Lamina",114318848,114418847,"ENSG00000181722","ZBTB20"
"985","chr3","Lamina",114418848,114518847,"ENSG00000181722","ZBTB20"
"986","chr3","Lamina",114518848,114618847,"ENSG00000181722","ZBTB20"
"987","chr3","Lamina",114618848,114718847,"ENSG00000181722","ZBTB20"
"988","chr3","Near_Lm2",114718848,114818847,"ENSG00000181722","ZBTB20"
"989","chr3","Near_Lm2",114818848,114918847,"ENSG00000181722","ZBTB20"
"990","chr3","Near_Lm2",118918848,119018847,"ENSG00000240254","B4GALT4-AS1"
"991","chr3","Near_Lm2",121118848,121218847,"ENSG00000051341","POLQ"
"992","chr3","Interior_Act3",121218848,121318847,"ENSG00000051341","POLQ"
"993","chr3","Near_Lm1",131218845,131318844,"ENSG00000196353","CPNE4"
"994","chr3","Near_Lm1",131318845,131418844,"ENSG00000196353","CPNE4"
"995","chr3","Near_Lm1",131418845,131518844,"ENSG00000196353","CPNE4"
"996","chr3","Near_Lm1",131518845,131618844,"ENSG00000196353","CPNE4"
"997","chr3","Near_Lm1",131618845,131718844,"ENSG00000196353","CPNE4"
"998","chr3","Near_Lm1",131718845,131818844,"ENSG00000196353","CPNE4"
"999","chr3","Near_Lm1",131818845,131918844,"ENSG00000196353","CPNE4"
"1000","chr3","Near_Lm1",131918845,132018844,"ENSG00000196353","CPNE4"
"1001","chr3","Near_Lm1",132218845,132318844,"ENSG00000113971","NPHP3"
"1002","chr3","Near_Lm1",132318845,132418844,"ENSG00000113971","NPHP3"
"1003","chr3","Near_Lm1",132418845,132518844,"ENSG00000113971","NPHP3"
"1004","chr3","Near_Lm1",132318845,132418844,"ENSG00000081307","UBA5"
"1005","chr3","Near_Lm1",132418845,132518844,"ENSG00000248724","NPHP3-AS1"
"1006","chr3","Interior_Repr1",132517929,132518154,"ENSG00000248724","NPHP3-AS1"
"1007","chr3","Near_Lm1",132518845,132618844,"ENSG00000248724","NPHP3-AS1"
"1008","chr3","Near_Lm2",137618843,137718842,"ENSG00000066405","CLDN18"
"1009","chr3","Near_Lm2",137718843,137818842,"ENSG00000066405","CLDN18"
"1010","chr3","Near_Lm2",137718843,137818842,"ENSG00000158163","DZIP1L"
"1011","chr3","Near_Lm1",137818843,137918842,"ENSG00000158163","DZIP1L"
"1012","chr3","Lamina",145717788,145817787,"ENSG00000152952","PLOD2"
"1013","chr3","Lamina",145817788,145917787,"ENSG00000152952","PLOD2"
"1014","chr3","Near_Lm2",147017788,147117787,"ENSG00000152977","ZIC1"
"1015","chr3","Near_Lm2",147117788,147217787,"ENSG00000152977","ZIC1"
"1016","chr3","Lamina",147217788,147317787,"ENSG00000152977","ZIC1"
"1017","chr3","Near_Lm2",148717788,148817787,"ENSG00000071794","HLTF"
"1018","chr3","Interior_Act3",149617788,149717787,"ENSG00000070087","PFN2"
"1019","chr3","Interior_Act3",149717788,149817787,"ENSG00000070087","PFN2"
"1020","chr3","Near_Lm2",155017790,155117789,"ENSG00000114805","PLCH1"
"1021","chr3","Near_Lm2",155117790,155217789,"ENSG00000114805","PLCH1"
"1022","chr3","Near_Lm2",155217790,155317789,"ENSG00000114805","PLCH1"
"1023","chr3","Near_Lm2",155317790,155417789,"ENSG00000114805","PLCH1"
"1024","chr3","Near_Lm2",155417790,155517789,"ENSG00000114805","PLCH1"
"1025","chr3","Near_Lm2",158617790,158717789,"ENSG00000250588","IQCJ-SCHIP1"
"1026","chr3","Lamina",158717790,158817789,"ENSG00000250588","IQCJ-SCHIP1"
"1027","chr3","Lamina",158817790,158917789,"ENSG00000250588","IQCJ-SCHIP1"
"1028","chr3","Lamina",158917790,159017789,"ENSG00000250588","IQCJ-SCHIP1"
"1029","chr3","Lamina",159017790,159117789,"ENSG00000250588","IQCJ-SCHIP1"
"1030","chr3","Lamina",159117790,159217789,"ENSG00000250588","IQCJ-SCHIP1"
"1031","chr3","Lamina",159217790,159317789,"ENSG00000250588","IQCJ-SCHIP1"
"1032","chr3","Near_Lm2",159317790,159417789,"ENSG00000250588","IQCJ-SCHIP1"
"1033","chr3","Near_Lm2",159417790,159517789,"ENSG00000250588","IQCJ-SCHIP1"
"1034","chr3","Near_Lm2",159517790,159617789,"ENSG00000250588","IQCJ-SCHIP1"
"1035","chr3","Near_Lm2",158617790,158717789,"ENSG00000214216","IQCJ"
"1036","chr3","Lamina",158717790,158817789,"ENSG00000214216","IQCJ"
"1037","chr3","Lamina",158817790,158917789,"ENSG00000214216","IQCJ"
"1038","chr3","Lamina",158917790,159017789,"ENSG00000214216","IQCJ"
"1039","chr3","Lamina",160417789,160517788,"ENSG00000163590","PPM1L"
"1040","chr3","Lamina",160517789,160617788,"ENSG00000163590","PPM1L"
"1041","chr3","Lamina",160617789,160717788,"ENSG00000163590","PPM1L"
"1042","chr3","Lamina",160717789,160817788,"ENSG00000163590","PPM1L"
"1043","chr3","Near_Lm2",167917789,168017788,"ENSG00000206120","EGFEM1P"
"1044","chr3","Lamina",168017789,168117788,"ENSG00000206120","EGFEM1P"
"1045","chr3","Near_Lm2",168070408,168070677,"ENSG00000206120","EGFEM1P"
"1046","chr3","Lamina",168117789,168217788,"ENSG00000206120","EGFEM1P"
"1047","chr3","Lamina",168217789,168317788,"ENSG00000206120","EGFEM1P"
"1048","chr3","Lamina",168317789,168417788,"ENSG00000206120","EGFEM1P"
"1049","chr3","Lamina",168417789,168517788,"ENSG00000206120","EGFEM1P"
"1050","chr3","Lamina",168517789,168617788,"ENSG00000206120","EGFEM1P"
"1051","chr3","Interior_Act3",171717791,171817790,"ENSG00000075420","FNDC3B"
"1052","chr3","Interior_Act3",171817791,171917790,"ENSG00000075420","FNDC3B"
"1053","chr3","Interior_Act3",171917791,172017790,"ENSG00000075420","FNDC3B"
"1054","chr3","Interior_Act3",172017791,172117790,"ENSG00000075420","FNDC3B"
"1055","chr3","Interior_Act3",172117791,172217790,"ENSG00000075420","FNDC3B"
"1056","chr3","Lamina",174117791,174217790,"ENSG00000177694","NAALADL2"
"1057","chr3","Lamina",174217791,174317790,"ENSG00000177694","NAALADL2"
"1058","chr3","Lamina",174317791,174417790,"ENSG00000177694","NAALADL2"
"1059","chr3","Lamina",174417791,174517790,"ENSG00000177694","NAALADL2"
"1060","chr3","Lamina",174517791,174617790,"ENSG00000177694","NAALADL2"
"1061","chr3","Lamina",174617791,174717790,"ENSG00000177694","NAALADL2"
"1062","chr3","Lamina",174717791,174817790,"ENSG00000177694","NAALADL2"
"1063","chr3","Lamina",174817791,174917790,"ENSG00000177694","NAALADL2"
"1064","chr3","Lamina",174956991,175017789,"ENSG00000177694","NAALADL2"
"1065","chr3","Lamina",175017790,175117789,"ENSG00000177694","NAALADL2"
"1066","chr3","Lamina",175136003,175217788,"ENSG00000177694","NAALADL2"
"1067","chr3","Lamina",175217789,175317788,"ENSG00000177694","NAALADL2"
"1068","chr3","Lamina",175317789,175417788,"ENSG00000177694","NAALADL2"
"1069","chr3","Lamina",175417789,175517788,"ENSG00000177694","NAALADL2"
"1070","chr3","Lamina",175517789,175617788,"ENSG00000177694","NAALADL2"
"1071","chr3","Interior_Act3",177117789,177217788,"ENSG00000228221","LINC00578"
"1072","chr3","Interior_Act3",177217789,177317788,"ENSG00000228221","LINC00578"
"1073","chr3","Interior_Act3",177317789,177417788,"ENSG00000228221","LINC00578"
"1074","chr3","Near_Lm2",177417789,177517788,"ENSG00000228221","LINC00578"
"1075","chr3","Lamina",180317789,180417788,"ENSG00000145075","CCDC39"
"1076","chr3","Near_Lm2",180417789,180517788,"ENSG00000145075","CCDC39"
"1077","chr3","Near_Lm2",180517789,180617788,"ENSG00000145075","CCDC39"
"1078","chr3","Interior_Act1",184817789,184917788,"ENSG00000113790","EHHADH"
"1079","chr3","Interior_Act1",184917789,185017788,"ENSG00000113790","EHHADH"
"1080","chr3","Near_Lm2",187817789,187917788,"ENSG00000145012","LPP"
"1081","chr3","Near_Lm2",187917789,188017788,"ENSG00000145012","LPP"
"1082","chr3","Near_Lm2",188017789,188117788,"ENSG00000145012","LPP"
"1083","chr3","Near_Lm2",188117789,188217788,"ENSG00000145012","LPP"
"1084","chr3","Lamina",188217789,188317788,"ENSG00000145012","LPP"
"1085","chr3","Lamina",188317789,188417788,"ENSG00000145012","LPP"
"1086","chr3","Lamina",188417789,188517788,"ENSG00000145012","LPP"
"1087","chr3","Lamina",188517789,188602080,"ENSG00000145012","LPP"
"1088","chr3","Lamina",191817790,191917789,"ENSG00000114279","FGF12"
"1089","chr3","Lamina",191917790,192017789,"ENSG00000114279","FGF12"
"1090","chr3","Lamina",192017790,192117789,"ENSG00000114279","FGF12"
"1091","chr3","Lamina",192117790,192217789,"ENSG00000114279","FGF12"
"1092","chr3","Lamina",192217790,192317789,"ENSG00000114279","FGF12"
"1093","chr3","Lamina",192317790,192417789,"ENSG00000114279","FGF12"
"1094","chr3","Near_Lm2",192417790,192517789,"ENSG00000114279","FGF12"
"1095","chr3","Near_Lm2",193117790,193217789,"ENSG00000127249","ATP13A4"
"1096","chr3","Near_Lm2",193217790,193317789,"ENSG00000127249","ATP13A4"
"1097","chr4","Near_Lm2",20701624,20801623,"ENSG00000185774","KCNIP4"
"1098","chr4","Near_Lm2",20801624,20901623,"ENSG00000185774","KCNIP4"
"1099","chr4","Lamina",20901624,21001623,"ENSG00000185774","KCNIP4"
"1100","chr4","Lamina",21001624,21101623,"ENSG00000185774","KCNIP4"
"1101","chr4","Lamina",21101624,21201623,"ENSG00000185774","KCNIP4"
"1102","chr4","Lamina",21201624,21301623,"ENSG00000185774","KCNIP4"
"1103","chr4","Lamina",21301624,21401623,"ENSG00000185774","KCNIP4"
"1104","chr4","Lamina",21401624,21501623,"ENSG00000185774","KCNIP4"
"1105","chr4","Lamina",21501624,21601623,"ENSG00000185774","KCNIP4"
"1106","chr4","Lamina",21601624,21701623,"ENSG00000185774","KCNIP4"
"1107","chr4","Lamina",21701624,21801623,"ENSG00000185774","KCNIP4"
"1108","chr4","Lamina",21801624,21901623,"ENSG00000185774","KCNIP4"
"1109","chr4","Lamina",21901624,22001623,"ENSG00000185774","KCNIP4"
"1110","chr4","Near_Lm2",37201623,37301622,"ENSG00000174145","KIAA1239"
"1111","chr4","Near_Lm2",37301623,37401622,"ENSG00000174145","KIAA1239"
"1112","chr4","Near_Lm2",37401623,37501622,"ENSG00000174145","KIAA1239"
"1113","chr4","Near_Lm2",37401623,37501622,"ENSG00000154274","C4orf19"
"1114","chr4","Near_Lm2",37501623,37601622,"ENSG00000154274","C4orf19"
"1115","chr4","Near_Lm1",37601623,37701622,"ENSG00000154274","C4orf19"
"1116","chr4","Near_Lm1",40802018,40902017,"ENSG00000163697","APBB2"
"1117","chr4","Near_Lm1",40902018,41002017,"ENSG00000163697","APBB2"
"1118","chr4","Near_Lm1",41002018,41102017,"ENSG00000163697","APBB2"
"1119","chr4","Near_Lm1",41102018,41202017,"ENSG00000163697","APBB2"
"1120","chr4","Near_Lm1",41202018,41302017,"ENSG00000163697","APBB2"
"1121","chr4","Lamina",44102018,44202017,"ENSG00000183783","KCTD8"
"1122","chr4","Lamina",44202018,44302017,"ENSG00000183783","KCTD8"
"1123","chr4","Lamina",44302018,44402017,"ENSG00000183783","KCTD8"
"1124","chr4","Lamina",44402018,44502017,"ENSG00000183783","KCTD8"
"1125","chr4","Interior_Act3",54166168,54266167,"ENSG00000145216","FIP1L1"
"1126","chr4","Near_Lm1",54266168,54366167,"ENSG00000145216","FIP1L1"
"1127","chr4","Near_Lm1",54366168,54466167,"ENSG00000145216","FIP1L1"
"1128","chr4","Near_Lm1",54466168,54566167,"ENSG00000145216","FIP1L1"
"1129","chr4","Near_Lm1",54566168,54666167,"ENSG00000145216","FIP1L1"
"1130","chr4","Near_Lm1",54666168,54766167,"ENSG00000145216","FIP1L1"
"1131","chr4","Near_Lm1",54766168,54866167,"ENSG00000145216","FIP1L1"
"1132","chr4","Near_Lm1",54866168,54966167,"ENSG00000145216","FIP1L1"
"1133","chr4","Near_Lm1",54966168,55066167,"ENSG00000145216","FIP1L1"
"1134","chr4","Near_Lm1",55066168,55166167,"ENSG00000145216","FIP1L1"
"1135","chr4","Interior_Act3",56666167,56766166,"ENSG00000090989","EXOC1"
"1136","chr4","Interior_Act3",56766167,56866166,"ENSG00000090989","EXOC1"
"1137","chr4","Lamina",70865718,70965717,"ENSG00000205649","HTN3"
"1138","chr4","Near_Lm2",73065718,73165717,"ENSG00000156140","ADAMTS3"
"1139","chr4","Near_Lm2",73165718,73265717,"ENSG00000156140","ADAMTS3"
"1140","chr4","Near_Lm2",73265718,73365717,"ENSG00000156140","ADAMTS3"
"1141","chr4","Interior_Act3",73365718,73465717,"ENSG00000156140","ADAMTS3"
"1142","chr4","Near_Lm2",81221155,81321154,"ENSG00000197826","C4orf22"
"1143","chr4","Near_Lm2",81321155,81421154,"ENSG00000197826","C4orf22"
"1144","chr4","Near_Lm2",81421155,81521154,"ENSG00000197826","C4orf22"
"1145","chr4","Near_Lm2",81521155,81621154,"ENSG00000197826","C4orf22"
"1146","chr4","Near_Lm2",81621155,81721154,"ENSG00000197826","C4orf22"
"1147","chr4","Near_Lm2",81721155,81821154,"ENSG00000197826","C4orf22"
"1148","chr4","Near_Lm2",81821155,81921154,"ENSG00000197826","C4orf22"
"1149","chr4","Near_Lm2",82321155,82421154,"ENSG00000138670","RASGEF1B"
"1150","chr4","Near_Lm1",82421155,82521154,"ENSG00000138670","RASGEF1B"
"1151","chr4","Near_Lm1",82521155,82621154,"ENSG00000138670","RASGEF1B"
"1152","chr4","Near_Lm1",82621155,82711402,"ENSG00000138670","RASGEF1B"
"1153","chr4","Near_Lm1",82721154,82821153,"ENSG00000138670","RASGEF1B"
"1154","chr4","Near_Lm1",82821154,82921153,"ENSG00000138670","RASGEF1B"
"1155","chr4","Near_Lm1",82921154,83021153,"ENSG00000138670","RASGEF1B"
"1156","chr4","Interior_Act3",84421154,84521153,"ENSG00000138678","AGPAT9"
"1157","chr4","Near_Lm2",84521154,84621153,"ENSG00000138678","AGPAT9"
"1158","chr4","Near_Lm2",87421154,87521153,"ENSG00000163629","PTPN13"
"1159","chr4","Near_Lm2",87521154,87621153,"ENSG00000163629","PTPN13"
"1160","chr4","Near_Lm2",87621154,87721153,"ENSG00000163629","PTPN13"
"1161","chr4","Near_Lm2",87721154,87821153,"ENSG00000163629","PTPN13"
"1162","chr4","Lamina",91021152,91121151,"ENSG00000184305","CCSER1"
"1163","chr4","Lamina",91121152,91221151,"ENSG00000184305","CCSER1"
"1164","chr4","Lamina",91221152,91321151,"ENSG00000184305","CCSER1"
"1165","chr4","Lamina",91321152,91421151,"ENSG00000184305","CCSER1"
"1166","chr4","Lamina",91421152,91521151,"ENSG00000184305","CCSER1"
"1167","chr4","Lamina",91521152,91621151,"ENSG00000184305","CCSER1"
"1168","chr4","Lamina",91621152,91721151,"ENSG00000184305","CCSER1"
"1169","chr4","Lamina",91721152,91821151,"ENSG00000184305","CCSER1"
"1170","chr4","Lamina",91821152,91921151,"ENSG00000184305","CCSER1"
"1171","chr4","Lamina",91921152,92021151,"ENSG00000184305","CCSER1"
"1172","chr4","Lamina",92021152,92121151,"ENSG00000184305","CCSER1"
"1173","chr4","Near_Lm1",92058239,92058406,"ENSG00000184305","CCSER1"
"1174","chr4","Lamina",92121152,92221151,"ENSG00000184305","CCSER1"
"1175","chr4","Lamina",92221152,92321151,"ENSG00000184305","CCSER1"
"1176","chr4","Lamina",92321152,92421151,"ENSG00000184305","CCSER1"
"1177","chr4","Lamina",92421152,92521151,"ENSG00000184305","CCSER1"
"1178","chr4","Lamina",92521152,92621151,"ENSG00000184305","CCSER1"
"1179","chr4","Lamina",93221152,93321151,"ENSG00000152208","GRID2"
"1180","chr4","Lamina",93321152,93421151,"ENSG00000152208","GRID2"
"1181","chr4","Lamina",93421152,93521151,"ENSG00000152208","GRID2"
"1182","chr4","Lamina",93521152,93621151,"ENSG00000152208","GRID2"
"1183","chr4","Lamina",93621152,93721151,"ENSG00000152208","GRID2"
"1184","chr4","Lamina",93721152,93821151,"ENSG00000152208","GRID2"
"1185","chr4","Lamina",93821152,93921151,"ENSG00000152208","GRID2"
"1186","chr4","Lamina",93921152,94021151,"ENSG00000152208","GRID2"
"1187","chr4","Lamina",94021152,94121151,"ENSG00000152208","GRID2"
"1188","chr4","Lamina",94121152,94221151,"ENSG00000152208","GRID2"
"1189","chr4","Lamina",94221152,94321151,"ENSG00000152208","GRID2"
"1190","chr4","Lamina",94321152,94421151,"ENSG00000152208","GRID2"
"1191","chr4","Lamina",94421152,94521151,"ENSG00000152208","GRID2"
"1192","chr4","Lamina",94521152,94621151,"ENSG00000152208","GRID2"
"1193","chr4","Lamina",94621152,94721151,"ENSG00000152208","GRID2"
"1194","chr4","Interior_Act3",95321152,95421151,"ENSG00000163110","PDLIM5"
"1195","chr4","Interior_Act3",95421152,95521151,"ENSG00000163110","PDLIM5"
"1196","chr4","Near_Lm2",95521152,95621151,"ENSG00000163110","PDLIM5"
"1197","chr4","Near_Lm2",96021152,96121151,"ENSG00000182168","UNC5C"
"1198","chr4","Near_Lm2",96121152,96221151,"ENSG00000182168","UNC5C"
"1199","chr4","Near_Lm2",96221152,96321151,"ENSG00000182168","UNC5C"
"1200","chr4","Near_Lm2",96321152,96421151,"ENSG00000182168","UNC5C"
"1201","chr4","Lamina",96421152,96521151,"ENSG00000182168","UNC5C"
"1202","chr4","Lamina",102321158,102421157,"ENSG00000153064","BANK1"
"1203","chr4","Lamina",102421158,102521157,"ENSG00000153064","BANK1"
"1204","chr4","Lamina",102521158,102621157,"ENSG00000153064","BANK1"
"1205","chr4","Lamina",102621158,102721157,"ENSG00000153064","BANK1"
"1206","chr4","Lamina",102721158,102821157,"ENSG00000153064","BANK1"
"1207","chr4","Lamina",102821158,102921157,"ENSG00000153064","BANK1"
"1208","chr4","Lamina",102921158,103021157,"ENSG00000153064","BANK1"
"1209","chr4","Near_Lm2",106421158,106521157,"ENSG00000236699","ARHGEF38"
"1210","chr4","Near_Lm2",106521158,106621157,"ENSG00000236699","ARHGEF38"
"1211","chr4","Near_Lm2",106621158,106721157,"ENSG00000236699","ARHGEF38"
"1212","chr4","Interior_Act3",109721157,109821156,"ENSG00000188517","COL25A1"
"1213","chr4","Interior_Act3",109821157,109921156,"ENSG00000188517","COL25A1"
"1214","chr4","Interior_Act3",109921157,110021156,"ENSG00000188517","COL25A1"
"1215","chr4","Interior_Act3",110021157,110121156,"ENSG00000188517","COL25A1"
"1216","chr4","Interior_Act3",110121157,110221156,"ENSG00000188517","COL25A1"
"1217","chr4","Interior_Act3",110221157,110321156,"ENSG00000188517","COL25A1"
"1218","chr4","Interior_Act3",110921157,111021156,"ENSG00000170522","ELOVL6"
"1219","chr4","Interior_Act3",111021157,111121156,"ENSG00000170522","ELOVL6"
"1220","chr4","Lamina",114321157,114421156,"ENSG00000145349","CAMK2D"
"1221","chr4","Lamina",114421157,114521156,"ENSG00000145349","CAMK2D"
"1222","chr4","Lamina",114521157,114621156,"ENSG00000145349","CAMK2D"
"1223","chr4","Lamina",114621157,114721156,"ENSG00000145349","CAMK2D"
"1224","chr4","Near_Lm2",120021156,120121155,"ENSG00000172399","MYOZ2"
"1225","chr4","Lamina",121521156,121621155,"ENSG00000138738","PRDM5"
"1226","chr4","Lamina",121621156,121721155,"ENSG00000138738","PRDM5"
"1227","chr4","Lamina",121721156,121821155,"ENSG00000138738","PRDM5"
"1228","chr4","Lamina",121821156,121921155,"ENSG00000138738","PRDM5"
"1229","chr4","Interior_Act3",128921156,129021155,"ENSG00000138709","LARP1B"
"1230","chr4","Interior_Act3",129021156,129121155,"ENSG00000138709","LARP1B"
"1231","chr4","Interior_Act3",129121156,129221155,"ENSG00000138709","LARP1B"
"1232","chr4","Near_Lm2",148621152,148721151,"ENSG00000071205","ARHGAP10"
"1233","chr4","Near_Lm2",148721152,148821151,"ENSG00000071205","ARHGAP10"
"1234","chr4","Near_Lm2",148821152,148921151,"ENSG00000071205","ARHGAP10"
"1235","chr4","Near_Lm2",148921152,149021151,"ENSG00000071205","ARHGAP10"
"1236","chr4","Lamina",158121153,158221152,"ENSG00000120251","GRIA2"
"1237","chr4","Lamina",158221153,158321152,"ENSG00000120251","GRIA2"
"1238","chr4","Near_Lm2",159621153,159721152,"ENSG00000171497","PPID"
"1239","chr4","Near_Lm2",164421153,164521152,"ENSG00000145416","MARCH1"
"1240","chr4","Near_Lm2",164521153,164621152,"ENSG00000145416","MARCH1"
"1241","chr4","Lamina",164621153,164721152,"ENSG00000145416","MARCH1"
"1242","chr4","Lamina",164721153,164821152,"ENSG00000145416","MARCH1"
"1243","chr4","Lamina",164821153,164921152,"ENSG00000145416","MARCH1"
"1244","chr4","Lamina",164921153,165021152,"ENSG00000145416","MARCH1"
"1245","chr4","Lamina",165021153,165121152,"ENSG00000145416","MARCH1"
"1246","chr4","Lamina",165121153,165221152,"ENSG00000145416","MARCH1"
"1247","chr4","Lamina",165221153,165321152,"ENSG00000145416","MARCH1"
"1248","chr4","Near_Lm2",165921153,166021152,"ENSG00000170088","TMEM192"
"1249","chr4","Interior_Act3",166021153,166121152,"ENSG00000170088","TMEM192"
"1250","chr4","Interior_Act3",166121153,166221152,"ENSG00000170088","TMEM192"
"1251","chr4","Near_Lm2",166221153,166321152,"ENSG00000109472","CPE"
"1252","chr4","Near_Lm2",166321153,166421152,"ENSG00000109472","CPE"
"1253","chr4","Near_Lm2",169921152,170021151,"ENSG00000154447","SH3RF1"
"1254","chr4","Near_Lm2",170021152,170121151,"ENSG00000154447","SH3RF1"
"1255","chr4","Near_Lm2",170121152,170221151,"ENSG00000154447","SH3RF1"
"1256","chr4","Lamina",172721152,172821151,"ENSG00000174473","GALNTL6"
"1257","chr4","Lamina",172821152,172921151,"ENSG00000174473","GALNTL6"
"1258","chr4","Near_Lm2",172921152,173021151,"ENSG00000174473","GALNTL6"
"1259","chr4","Near_Lm2",173021152,173121151,"ENSG00000174473","GALNTL6"
"1260","chr4","Near_Lm2",173121152,173221151,"ENSG00000174473","GALNTL6"
"1261","chr4","Lamina",173221152,173321151,"ENSG00000174473","GALNTL6"
"1262","chr4","Lamina",173321152,173421151,"ENSG00000174473","GALNTL6"
"1263","chr4","Lamina",173421152,173521151,"ENSG00000174473","GALNTL6"
"1264","chr4","Lamina",173521152,173621151,"ENSG00000174473","GALNTL6"
"1265","chr4","Lamina",173621152,173721151,"ENSG00000174473","GALNTL6"
"1266","chr4","Near_Lm2",173721152,173821151,"ENSG00000174473","GALNTL6"
"1267","chr4","Near_Lm2",173821152,173921151,"ENSG00000174473","GALNTL6"
"1268","chr4","Near_Lm2",173921152,174021151,"ENSG00000174473","GALNTL6"
"1269","chr4","Near_Lm2",183021154,183121153,"ENSG00000218336","TENM3"
"1270","chr4","Near_Lm2",183121154,183221153,"ENSG00000218336","TENM3"
"1271","chr4","Near_Lm2",183221154,183321153,"ENSG00000218336","TENM3"
"1272","chr4","Near_Lm2",183321154,183421153,"ENSG00000218336","TENM3"
"1273","chr4","Lamina",183421154,183521153,"ENSG00000218336","TENM3"
"1274","chr4","Near_Lm2",183521154,183621153,"ENSG00000218336","TENM3"
"1275","chr4","Near_Lm2",183621154,183721153,"ENSG00000218336","TENM3"
"1276","chr4","Near_Lm2",183721154,183821153,"ENSG00000218336","TENM3"
"1277","chr5","Near_Lm2",7300114,7400113,"ENSG00000078295","ADCY2"
"1278","chr5","Near_Lm2",7400114,7500113,"ENSG00000078295","ADCY2"
"1279","chr5","Near_Lm2",7500114,7600113,"ENSG00000078295","ADCY2"
"1280","chr5","Near_Lm2",7600114,7700113,"ENSG00000078295","ADCY2"
"1281","chr5","Near_Lm2",7700114,7800113,"ENSG00000078295","ADCY2"
"1282","chr5","Near_Lm2",7800114,7900113,"ENSG00000078295","ADCY2"
"1283","chr5","Near_Lm1",10900113,11000112,"ENSG00000169862","CTNND2"
"1284","chr5","Near_Lm1",11000113,11100112,"ENSG00000169862","CTNND2"
"1285","chr5","Near_Lm2",11100113,11200112,"ENSG00000169862","CTNND2"
"1286","chr5","Near_Lm2",11200113,11300112,"ENSG00000169862","CTNND2"
"1287","chr5","Near_Lm2",11300113,11400112,"ENSG00000169862","CTNND2"
"1288","chr5","Near_Lm2",11400113,11500112,"ENSG00000169862","CTNND2"
"1289","chr5","Near_Lm2",11500113,11600112,"ENSG00000169862","CTNND2"
"1290","chr5","Lamina",11600113,11700112,"ENSG00000169862","CTNND2"
"1291","chr5","Lamina",11700113,11800112,"ENSG00000169862","CTNND2"
"1292","chr5","Lamina",11800113,11900112,"ENSG00000169862","CTNND2"
"1293","chr5","Lamina",11900113,12000112,"ENSG00000169862","CTNND2"
"1294","chr5","Lamina",13600110,13700109,"ENSG00000039139","DNAH5"
"1295","chr5","Lamina",13700110,13800109,"ENSG00000039139","DNAH5"
"1296","chr5","Near_Lm2",13800110,13900109,"ENSG00000039139","DNAH5"
"1297","chr5","Near_Lm2",13900110,14000109,"ENSG00000039139","DNAH5"
"1298","chr5","Lamina",15500110,15600109,"ENSG00000183580","FBXL7"
"1299","chr5","Lamina",15600110,15700109,"ENSG00000183580","FBXL7"
"1300","chr5","Lamina",15700110,15800109,"ENSG00000183580","FBXL7"
"1301","chr5","Lamina",15800110,15900109,"ENSG00000183580","FBXL7"
"1302","chr5","Lamina",15900110,16000109,"ENSG00000183580","FBXL7"
"1303","chr5","Near_Lm1",16600110,16700109,"ENSG00000145555","MYO10"
"1304","chr5","Near_Lm1",16700110,16800109,"ENSG00000145555","MYO10"
"1305","chr5","Near_Lm1",16800110,16900109,"ENSG00000145555","MYO10"
"1306","chr5","Near_Lm1",16900110,17000109,"ENSG00000145555","MYO10"
"1307","chr5","Near_Lm1",17000110,17100109,"ENSG00000176788","BASP1"
"1308","chr5","Near_Lm1",17100110,17200109,"ENSG00000176788","BASP1"
"1309","chr5","Near_Lm1",17200110,17300109,"ENSG00000176788","BASP1"
"1310","chr5","Lamina",19400110,19500109,"ENSG00000145526","CDH18"
"1311","chr5","Lamina",19500110,19600109,"ENSG00000145526","CDH18"
"1312","chr5","Lamina",19600110,19700109,"ENSG00000145526","CDH18"
"1313","chr5","Lamina",19700110,19800109,"ENSG00000145526","CDH18"
"1314","chr5","Lamina",19800110,19900109,"ENSG00000145526","CDH18"
"1315","chr5","Lamina",19900110,20000109,"ENSG00000145526","CDH18"
"1316","chr5","Lamina",20000110,20100109,"ENSG00000145526","CDH18"
"1317","chr5","Lamina",20100110,20200109,"ENSG00000145526","CDH18"
"1318","chr5","Lamina",20200110,20300109,"ENSG00000145526","CDH18"
"1319","chr5","Lamina",20300110,20400109,"ENSG00000145526","CDH18"
"1320","chr5","Lamina",20400110,20500109,"ENSG00000145526","CDH18"
"1321","chr5","Lamina",20500110,20600109,"ENSG00000145526","CDH18"
"1322","chr5","Lamina",21700110,21800109,"ENSG00000154162","CDH12"
"1323","chr5","Lamina",21800110,21900109,"ENSG00000154162","CDH12"
"1324","chr5","Lamina",21900110,22000109,"ENSG00000154162","CDH12"
"1325","chr5","Lamina",22000110,22100109,"ENSG00000154162","CDH12"
"1326","chr5","Lamina",22100110,22200109,"ENSG00000154162","CDH12"
"1327","chr5","Lamina",22200110,22300109,"ENSG00000154162","CDH12"
"1328","chr5","Lamina",22300110,22400109,"ENSG00000154162","CDH12"
"1329","chr5","Lamina",22400110,22500109,"ENSG00000154162","CDH12"
"1330","chr5","Lamina",22500110,22600109,"ENSG00000154162","CDH12"
"1331","chr5","Lamina",22600110,22700109,"ENSG00000154162","CDH12"
"1332","chr5","Lamina",22700110,22800109,"ENSG00000154162","CDH12"
"1333","chr5","Lamina",22800110,22900109,"ENSG00000154162","CDH12"
"1334","chr5","Near_Lm1",34800106,34900105,"ENSG00000205838","TTC23L"
"1335","chr5","Near_Lm1",36600103,36700102,"ENSG00000079215","SLC1A3"
"1336","chr5","Near_Lm1",38400103,38500102,"ENSG00000113594","LIFR"
"1337","chr5","Near_Lm1",38500103,38600102,"ENSG00000113594","LIFR"
"1338","chr5","Near_Lm1",38600103,38700102,"ENSG00000113594","LIFR"
"1339","chr5","Near_Lm1",38500103,38600102,"ENSG00000244968","LIFR-AS1"
"1340","chr5","Near_Lm1",38600103,38700102,"ENSG00000244968","LIFR-AS1"
"1341","chr5","Lamina",44300103,44400102,"ENSG00000070193","FGF10"
"1342","chr5","Near_Lm1",53095831,53195830,"ENSG00000185305","ARL15"
"1343","chr5","Near_Lm1",53195831,53295830,"ENSG00000185305","ARL15"
"1344","chr5","Near_Lm1",53295831,53395830,"ENSG00000185305","ARL15"
"1345","chr5","Interior_Act3",53395831,53495830,"ENSG00000185305","ARL15"
"1346","chr5","Interior_Act3",53495831,53595830,"ENSG00000185305","ARL15"
"1347","chr5","Interior_Act3",53595831,53695830,"ENSG00000185305","ARL15"
"1348","chr5","Near_Lm2",58195828,58295827,"ENSG00000113448","PDE4D"
"1349","chr5","Near_Lm2",58295828,58395827,"ENSG00000113448","PDE4D"
"1350","chr5","Near_Lm2",58395828,58460844,"ENSG00000113448","PDE4D"
"1351","chr5","Lamina",58495827,58595826,"ENSG00000113448","PDE4D"
"1352","chr5","Lamina",58595827,58695826,"ENSG00000113448","PDE4D"
"1353","chr5","Lamina",58695827,58795826,"ENSG00000113448","PDE4D"
"1354","chr5","Lamina",58795827,58895826,"ENSG00000113448","PDE4D"
"1355","chr5","Lamina",58895827,58995826,"ENSG00000113448","PDE4D"
"1356","chr5","Lamina",58995827,59095826,"ENSG00000113448","PDE4D"
"1357","chr5","Lamina",59095827,59173952,"ENSG00000113448","PDE4D"
"1358","chr5","Lamina",59195828,59295827,"ENSG00000113448","PDE4D"
"1359","chr5","Lamina",59295828,59395827,"ENSG00000113448","PDE4D"
"1360","chr5","Lamina",59395828,59495827,"ENSG00000113448","PDE4D"
"1361","chr5","Near_Lm2",59495828,59595827,"ENSG00000113448","PDE4D"
"1362","chr5","Near_Lm2",59595828,59695827,"ENSG00000113448","PDE4D"
"1363","chr5","Near_Lm2",59695828,59795827,"ENSG00000113448","PDE4D"
"1364","chr5","Near_Lm2",59795828,59895827,"ENSG00000113448","PDE4D"
"1365","chr5","Interior_Act3",60195828,60295827,"ENSG00000164182","NDUFAF2"
"1366","chr5","Interior_Act3",60295828,60395827,"ENSG00000164182","NDUFAF2"
"1367","chr5","Interior_Act3",60395828,60495827,"ENSG00000164182","NDUFAF2"
"1368","chr5","Near_Lm1",60895828,60995827,"ENSG00000178722","C5orf64"
"1369","chr5","Near_Lm1",60995828,61095827,"ENSG00000178722","C5orf64"
"1370","chr5","Near_Lm2",63995828,64095827,"ENSG00000153015","CWC27"
"1371","chr5","Near_Lm2",64095828,64195827,"ENSG00000153015","CWC27"
"1372","chr5","Near_Lm2",64195828,64295827,"ENSG00000153015","CWC27"
"1373","chr5","Near_Lm2",64295828,64395827,"ENSG00000153015","CWC27"
"1374","chr5","Near_Lm2",64395828,64495827,"ENSG00000049192","ADAMTS6"
"1375","chr5","Near_Lm2",64495828,64595827,"ENSG00000049192","ADAMTS6"
"1376","chr5","Near_Lm2",64595828,64695827,"ENSG00000049192","ADAMTS6"
"1377","chr5","Near_Lm2",64695828,64795827,"ENSG00000049192","ADAMTS6"
"1378","chr5","Near_Lm1",65795829,65895828,"ENSG00000069020","MAST4"
"1379","chr5","Near_Lm1",65895829,65995828,"ENSG00000069020","MAST4"
"1380","chr5","Near_Lm1",65995829,66095828,"ENSG00000069020","MAST4"
"1381","chr5","Near_Lm1",66095829,66195828,"ENSG00000069020","MAST4"
"1382","chr5","Near_Lm1",66195829,66295828,"ENSG00000069020","MAST4"
"1383","chr5","Near_Lm1",66295829,66395828,"ENSG00000069020","MAST4"
"1384","chr5","Near_Lm1",66395829,66495828,"ENSG00000069020","MAST4"
"1385","chr5","Near_Lm2",87395818,87495817,"ENSG00000164180","TMEM161B"
"1386","chr5","Near_Lm2",87495818,87595817,"ENSG00000164180","TMEM161B"
"1387","chr5","Near_Lm2",94035706,94135705,"ENSG00000175471","MCTP1"
"1388","chr5","Near_Lm2",94135706,94235705,"ENSG00000175471","MCTP1"
"1389","chr5","Lamina",94273546,94335704,"ENSG00000175471","MCTP1"
"1390","chr5","Near_Lm2",94335705,94435704,"ENSG00000175471","MCTP1"
"1391","chr5","Near_Lm2",94435705,94535704,"ENSG00000175471","MCTP1"
"1392","chr5","Near_Lm2",94535705,94635704,"ENSG00000175471","MCTP1"
"1393","chr5","Interior_Act3",95035705,95135704,"ENSG00000164292","RHOBTB3"
"1394","chr5","Interior_Act3",95135705,95235704,"ENSG00000164292","RHOBTB3"
"1395","chr5","Near_Lm2",95835705,95935704,"ENSG00000153113","CAST"
"1396","chr5","Near_Lm2",95935705,96035704,"ENSG00000153113","CAST"
"1397","chr5","Interior_Act3",96035705,96122776,"ENSG00000153113","CAST"
"1398","chr5","Lamina",101535705,101635704,"ENSG00000173930","SLCO4C1"
"1399","chr5","Interior_Act3",112335698,112435697,"ENSG00000171444","MCC"
"1400","chr5","Interior_Act3",112435698,112535697,"ENSG00000171444","MCC"
"1401","chr5","Near_Lm2",112535698,112635697,"ENSG00000171444","MCC"
"1402","chr5","Near_Lm2",112635698,112735697,"ENSG00000171444","MCC"
"1403","chr5","Near_Lm2",112735698,112835697,"ENSG00000171444","MCC"
"1404","chr5","Near_Lm2",121235696,121335695,"ENSG00000151304","SRFBP1"
"1405","chr5","Near_Lm2",121335696,121435695,"ENSG00000151304","SRFBP1"
"1406","chr5","Interior_Act3",126135693,126235692,"ENSG00000173926","MARCH3"
"1407","chr5","Interior_Act3",126235693,126335692,"ENSG00000173926","MARCH3"
"1408","chr5","Near_Lm2",126335693,126435692,"ENSG00000173926","MARCH3"
"1409","chr5","Near_Lm2",127535693,127635692,"ENSG00000138829","FBN2"
"1410","chr5","Lamina",127635693,127693561,"ENSG00000138829","FBN2"
"1411","chr5","Lamina",127735694,127835693,"ENSG00000138829","FBN2"
"1412","chr5","Lamina",127835694,127935693,"ENSG00000138829","FBN2"
"1413","chr5","Lamina",127935694,128035693,"ENSG00000138829","FBN2"
"1414","chr5","Interior_Act3",130935694,131035693,"ENSG00000217128","FNIP1"
"1415","chr5","Interior_Act3",131035694,131135693,"ENSG00000217128","FNIP1"
"1416","chr5","Interior_Repr1",140681653,140779567,"ENSG00000204956","PCDHGA1"
"1417","chr5","Interior_Act1",140779568,140879567,"ENSG00000204956","PCDHGA1"
"1418","chr5","Interior_Act2",140879568,140979567,"ENSG00000204956","PCDHGA1"
"1419","chr5","Interior_Repr1",140681653,140779567,"ENSG00000081853","PCDHGA2"
"1420","chr5","Interior_Act1",140779568,140879567,"ENSG00000081853","PCDHGA2"
"1421","chr5","Interior_Act2",140879568,140979567,"ENSG00000081853","PCDHGA2"
"1422","chr5","Interior_Repr1",140681653,140779567,"ENSG00000254245","PCDHGA3"
"1423","chr5","Interior_Act1",140779568,140879567,"ENSG00000254245","PCDHGA3"
"1424","chr5","Interior_Act2",140879568,140979567,"ENSG00000254245","PCDHGA3"
"1425","chr5","Interior_Repr1",140681653,140779567,"ENSG00000254221","PCDHGB1"
"1426","chr5","Interior_Act1",140779568,140879567,"ENSG00000254221","PCDHGB1"
"1427","chr5","Interior_Act2",140879568,140979567,"ENSG00000254221","PCDHGB1"
"1428","chr5","Interior_Repr1",140681653,140779567,"ENSG00000262576","PCDHGA4"
"1429","chr5","Interior_Act1",140779568,140879567,"ENSG00000262576","PCDHGA4"
"1430","chr5","Interior_Act2",140879568,140979567,"ENSG00000262576","PCDHGA4"
"1431","chr5","Interior_Repr1",140681653,140779567,"ENSG00000253910","PCDHGB2"
"1432","chr5","Interior_Act1",140779568,140879567,"ENSG00000253910","PCDHGB2"
"1433","chr5","Interior_Act2",140879568,140979567,"ENSG00000253910","PCDHGB2"
"1434","chr5","Interior_Repr1",140681653,140779567,"ENSG00000253485","PCDHGA5"
"1435","chr5","Interior_Act1",140779568,140879567,"ENSG00000253485","PCDHGA5"
"1436","chr5","Interior_Act2",140879568,140979567,"ENSG00000253485","PCDHGA5"
"1437","chr5","Interior_Repr1",140681653,140779567,"ENSG00000262209","PCDHGB3"
"1438","chr5","Interior_Act1",140779568,140879567,"ENSG00000262209","PCDHGB3"
"1439","chr5","Interior_Act2",140879568,140979567,"ENSG00000262209","PCDHGB3"
"1440","chr5","Interior_Repr1",140681653,140779567,"ENSG00000253731","PCDHGA6"
"1441","chr5","Interior_Act1",140779568,140879567,"ENSG00000253731","PCDHGA6"
"1442","chr5","Interior_Act2",140879568,140979567,"ENSG00000253731","PCDHGA6"
"1443","chr5","Interior_Repr1",140681653,140779567,"ENSG00000253537","PCDHGA7"
"1444","chr5","Interior_Act1",140779568,140879567,"ENSG00000253537","PCDHGA7"
"1445","chr5","Interior_Act2",140879568,140979567,"ENSG00000253537","PCDHGA7"
"1446","chr5","Interior_Repr1",140681653,140779567,"ENSG00000253953","PCDHGB4"
"1447","chr5","Interior_Act1",140779568,140879567,"ENSG00000253953","PCDHGB4"
"1448","chr5","Interior_Act2",140879568,140979567,"ENSG00000253953","PCDHGB4"
"1449","chr5","Interior_Repr1",140681653,140779567,"ENSG00000253767","PCDHGA8"
"1450","chr5","Interior_Act1",140779568,140879567,"ENSG00000253767","PCDHGA8"
"1451","chr5","Interior_Act2",140879568,140979567,"ENSG00000253767","PCDHGA8"
"1452","chr5","Lamina",144779564,144879563,"ENSG00000186314","PRELID2"
"1453","chr5","Lamina",144879564,144979563,"ENSG00000186314","PRELID2"
"1454","chr5","Near_Lm2",144979564,145079563,"ENSG00000186314","PRELID2"
"1455","chr5","Near_Lm2",145079564,145179563,"ENSG00000186314","PRELID2"
"1456","chr5","Near_Lm2",145179564,145279563,"ENSG00000186314","PRELID2"
"1457","chr5","Near_Lm2",145879564,145979563,"ENSG00000156475","PPP2R2B"
"1458","chr5","Near_Lm2",145979564,146079563,"ENSG00000156475","PPP2R2B"
"1459","chr5","Near_Lm2",146079564,146179563,"ENSG00000156475","PPP2R2B"
"1460","chr5","Lamina",146179564,146279563,"ENSG00000156475","PPP2R2B"
"1461","chr5","Lamina",146279564,146379563,"ENSG00000156475","PPP2R2B"
"1462","chr5","Lamina",146379564,146479563,"ENSG00000156475","PPP2R2B"
"1463","chr5","Lamina",146679564,146779563,"ENSG00000113657","DPYSL3"
"1464","chr5","Lamina",146779564,146879563,"ENSG00000113657","DPYSL3"
"1465","chr5","Lamina",146879564,146979563,"ENSG00000113657","DPYSL3"
"1466","chr5","Near_Lm2",147679564,147779563,"ENSG00000249834","PGBD4P3"
"1467","chr5","Lamina",152779561,152879560,"ENSG00000155511","GRIA1"
"1468","chr5","Near_Lm2",152879561,152979560,"ENSG00000155511","GRIA1"
"1469","chr5","Near_Lm2",152979561,153079560,"ENSG00000155511","GRIA1"
"1470","chr5","Near_Lm2",153079561,153179560,"ENSG00000155511","GRIA1"
"1471","chr5","Near_Lm2",153179561,153279560,"ENSG00000155511","GRIA1"
"1472","chr5","Near_Lm2",156327012,156427011,"ENSG00000145850","TIMD4"
"1473","chr5","Near_Lm2",156427012,156527011,"ENSG00000135077","HAVCR2"
"1474","chr5","Near_Lm2",156527012,156627011,"ENSG00000135077","HAVCR2"
"1475","chr5","Near_Lm2",156527012,156627011,"ENSG00000155868","MED7"
"1476","chr5","Lamina",158027009,158127008,"ENSG00000164330","EBF1"
"1477","chr5","Near_Lm2",158127009,158227008,"ENSG00000164330","EBF1"
"1478","chr5","Near_Lm2",158227009,158327008,"ENSG00000164330","EBF1"
"1479","chr5","Near_Lm2",158327009,158427008,"ENSG00000164330","EBF1"
"1480","chr5","Near_Lm2",158427009,158527008,"ENSG00000164330","EBF1"
"1481","chr5","Lamina",166627006,166727005,"ENSG00000145934","TENM2"
"1482","chr5","Lamina",166727006,166827005,"ENSG00000145934","TENM2"
"1483","chr5","Lamina",166827006,166927005,"ENSG00000145934","TENM2"
"1484","chr5","Lamina",166927006,167027005,"ENSG00000145934","TENM2"
"1485","chr5","Lamina",167027006,167127005,"ENSG00000145934","TENM2"
"1486","chr5","Lamina",167127006,167227005,"ENSG00000145934","TENM2"
"1487","chr5","Lamina",167227006,167327005,"ENSG00000145934","TENM2"
"1488","chr5","Near_Lm2",167327006,167427005,"ENSG00000145934","TENM2"
"1489","chr5","Near_Lm2",167427006,167527005,"ENSG00000145934","TENM2"
"1490","chr5","Near_Lm2",167527006,167627005,"ENSG00000145934","TENM2"
"1491","chr5","Near_Lm2",167627006,167727005,"ENSG00000145934","TENM2"
"1492","chr5","Near_Lm2",170227005,170327004,"ENSG00000204764","RANBP17"
"1493","chr5","Near_Lm2",170327005,170427004,"ENSG00000204764","RANBP17"
"1494","chr5","Lamina",170427005,170527004,"ENSG00000204764","RANBP17"
"1495","chr5","Interior_Repr1",170485825,170485994,"ENSG00000204764","RANBP17"
"1496","chr5","Near_Lm2",170527005,170627004,"ENSG00000204764","RANBP17"
"1497","chr5","Near_Lm2",170627005,170727004,"ENSG00000204764","RANBP17"
"1498","chr5","Near_Lm2",170727005,170827004,"ENSG00000204764","RANBP17"
"1499","chr6","Near_Lm1",17300232,17400231,"ENSG00000112186","CAP2"
"1500","chr6","Near_Lm1",17400232,17500231,"ENSG00000112186","CAP2"
"1501","chr6","Near_Lm1",17500232,17600231,"ENSG00000112186","CAP2"
"1502","chr6","Interior_Act3",20500232,20600231,"ENSG00000145996","CDKAL1"
"1503","chr6","Interior_Act3",20600232,20700231,"ENSG00000145996","CDKAL1"
"1504","chr6","Interior_Act3",20700232,20800231,"ENSG00000145996","CDKAL1"
"1505","chr6","Interior_Act3",20800232,20900231,"ENSG00000145996","CDKAL1"
"1506","chr6","Interior_Act3",20900232,21000231,"ENSG00000145996","CDKAL1"
"1507","chr6","Interior_Act3",21000232,21100231,"ENSG00000145996","CDKAL1"
"1508","chr6","Interior_Act3",21100232,21200231,"ENSG00000145996","CDKAL1"
"1509","chr6","Interior_Act3",21200232,21300231,"ENSG00000145996","CDKAL1"
"1510","chr6","Near_Lm1",25600229,25700228,"ENSG00000079689","SCGN"
"1511","chr6","Near_Lm1",25700229,25800228,"ENSG00000079689","SCGN"
"1512","chr6","Near_Lm2",46767738,46867737,"ENSG00000069122","GPR116"
"1513","chr6","Near_Lm2",46867738,46967737,"ENSG00000069122","GPR116"
"1514","chr6","Near_Lm2",56264799,56364798,"ENSG00000151914","DST"
"1515","chr6","Near_Lm2",56364799,56464798,"ENSG00000151914","DST"
"1516","chr6","Near_Lm2",56464799,56564798,"ENSG00000151914","DST"
"1517","chr6","Near_Lm2",56564799,56664798,"ENSG00000151914","DST"
"1518","chr6","Near_Lm2",56664799,56764798,"ENSG00000151914","DST"
"1519","chr6","Interior_Act3",56764799,56864798,"ENSG00000151914","DST"
"1520","chr6","Near_Lm2",70509893,70609892,"ENSG00000082293","COL19A1"
"1521","chr6","Near_Lm2",70609893,70709892,"ENSG00000082293","COL19A1"
"1522","chr6","Near_Lm2",70709893,70809892,"ENSG00000082293","COL19A1"
"1523","chr6","Near_Lm2",70809893,70897300,"ENSG00000082293","COL19A1"
"1524","chr6","Near_Lm2",70917560,71009703,"ENSG00000082293","COL19A1"
"1525","chr6","Interior_Act3",71109704,71209703,"ENSG00000082269","FAM135A"
"1526","chr6","Interior_Act3",71209704,71309703,"ENSG00000082269","FAM135A"
"1527","chr6","Near_Lm2",71309704,71409703,"ENSG00000112305","SMAP1"
"1528","chr6","Near_Lm2",71409704,71509703,"ENSG00000112305","SMAP1"
"1529","chr6","Near_Lm2",71509704,71609703,"ENSG00000112305","SMAP1"
"1530","chr6","Near_Lm2",73311108,73374388,"ENSG00000185760","KCNQ5"
"1531","chr6","Near_Lm2",73432121,73509723,"ENSG00000185760","KCNQ5"
"1532","chr6","Near_Lm2",73509724,73609723,"ENSG00000185760","KCNQ5"
"1533","chr6","Near_Lm2",73609724,73709723,"ENSG00000185760","KCNQ5"
"1534","chr6","Near_Lm2",73709724,73809723,"ENSG00000185760","KCNQ5"
"1535","chr6","Near_Lm2",73809724,73909723,"ENSG00000185760","KCNQ5"
"1536","chr6","Near_Lm2",73311108,73374388,"ENSG00000233844","KCNQ5-IT1"
"1537","chr6","Near_Lm2",76309717,76409716,"ENSG00000112701","SENP6"
"1538","chr6","Near_Lm2",76454624,76509717,"ENSG00000196586","MYO6"
"1539","chr6","Near_Lm2",76509718,76609717,"ENSG00000196586","MYO6"
"1540","chr6","Near_Lm2",76609718,76709717,"ENSG00000196586","MYO6"
"1541","chr6","Near_Lm2",76609718,76709717,"ENSG00000112706","IMPG1"
"1542","chr6","Lamina",76709718,76809717,"ENSG00000112706","IMPG1"
"1543","chr6","Near_Lm2",83909720,84009719,"ENSG00000065833","ME1"
"1544","chr6","Near_Lm2",84009720,84109719,"ENSG00000065833","ME1"
"1545","chr6","Near_Lm2",84109720,84209719,"ENSG00000065833","ME1"
"1546","chr6","Near_Lm2",100947877,101047876,"ENSG00000112249","ASCC3"
"1547","chr6","Near_Lm2",101047877,101147876,"ENSG00000112249","ASCC3"
"1548","chr6","Near_Lm2",101147877,101247876,"ENSG00000112249","ASCC3"
"1549","chr6","Near_Lm2",101247877,101347876,"ENSG00000112249","ASCC3"
"1550","chr6","Near_Lm2",114221165,114321164,"ENSG00000196591","HDAC2"
"1551","chr6","Near_Lm2",114321165,114421164,"ENSG00000196591","HDAC2"
"1552","chr6","Lamina",118221164,118321163,"ENSG00000196376","SLC35F1"
"1553","chr6","Lamina",118321164,118421163,"ENSG00000196376","SLC35F1"
"1554","chr6","Near_Lm2",118421164,118521163,"ENSG00000196376","SLC35F1"
"1555","chr6","Near_Lm2",118521164,118621163,"ENSG00000196376","SLC35F1"
"1556","chr6","Near_Lm2",118621164,118721163,"ENSG00000196376","SLC35F1"
"1557","chr6","Lamina",124121146,124221145,"ENSG00000188580","NKAIN2"
"1558","chr6","Lamina",124221146,124321145,"ENSG00000188580","NKAIN2"
"1559","chr6","Lamina",124321146,124421145,"ENSG00000188580","NKAIN2"
"1560","chr6","Lamina",124421146,124521145,"ENSG00000188580","NKAIN2"
"1561","chr6","Lamina",124542133,124621146,"ENSG00000188580","NKAIN2"
"1562","chr6","Lamina",124621147,124721146,"ENSG00000188580","NKAIN2"
"1563","chr6","Lamina",124721147,124821146,"ENSG00000188580","NKAIN2"
"1564","chr6","Lamina",124821147,124921146,"ENSG00000188580","NKAIN2"
"1565","chr6","Lamina",124921147,125021146,"ENSG00000188580","NKAIN2"
"1566","chr6","Near_Lm2",125021147,125121146,"ENSG00000188580","NKAIN2"
"1567","chr6","Near_Lm2",125121147,125221146,"ENSG00000188580","NKAIN2"
"1568","chr6","Near_Lm2",125521147,125621146,"ENSG00000111906","HDDC2"
"1569","chr6","Near_Lm2",125621147,125721146,"ENSG00000111906","HDDC2"
"1570","chr6","Near_Lm2",144546952,144621136,"ENSG00000152818","UTRN"
"1571","chr6","Near_Lm2",144621137,144721136,"ENSG00000152818","UTRN"
"1572","chr6","Near_Lm2",144721137,144821136,"ENSG00000152818","UTRN"
"1573","chr6","Near_Lm2",144821137,144921136,"ENSG00000152818","UTRN"
"1574","chr6","Near_Lm2",144921137,145021136,"ENSG00000152818","UTRN"
"1575","chr6","Lamina",145021137,145121136,"ENSG00000152818","UTRN"
"1576","chr6","Lamina",145121137,145221136,"ENSG00000152818","UTRN"
"1577","chr6","Near_Lm2",146321137,146421136,"ENSG00000152822","GRM1"
"1578","chr6","Lamina",146421137,146521136,"ENSG00000152822","GRM1"
"1579","chr6","Lamina",146521137,146621136,"ENSG00000152822","GRM1"
"1580","chr6","Lamina",146621137,146721136,"ENSG00000152822","GRM1"
"1581","chr6","Lamina",146721137,146821136,"ENSG00000152822","GRM1"
"1582","chr6","Lamina",146821137,146921136,"ENSG00000118492","ADGB"
"1583","chr6","Near_Lm2",146921137,147021136,"ENSG00000118492","ADGB"
"1584","chr6","Near_Lm2",147021137,147121136,"ENSG00000118492","ADGB"
"1585","chr6","Near_Lm2",147121137,147221136,"ENSG00000118492","ADGB"
"1586","chr6","Interior_Act3",147821137,147921136,"ENSG00000203727","SAMD5"
"1587","chr6","Interior_Act3",147921137,148021136,"ENSG00000203727","SAMD5"
"1588","chr6","Near_Lm1",148021137,148121136,"ENSG00000203727","SAMD5"
"1589","chr6","Near_Lm1",148521137,148621136,"ENSG00000111961","SASH1"
"1590","chr6","Near_Lm1",148621137,148721136,"ENSG00000111961","SASH1"
"1591","chr6","Near_Lm1",148721137,148821136,"ENSG00000111961","SASH1"
"1592","chr6","Near_Lm1",148821137,148921136,"ENSG00000111961","SASH1"
"1593","chr6","Lamina",152421136,152521135,"ENSG00000131018","SYNE1"
"1594","chr6","Lamina",152521136,152621135,"ENSG00000131018","SYNE1"
"1595","chr6","Lamina",152621136,152721135,"ENSG00000131018","SYNE1"
"1596","chr6","Lamina",152721136,152821135,"ENSG00000131018","SYNE1"
"1597","chr6","Lamina",152821136,152921135,"ENSG00000131018","SYNE1"
"1598","chr6","Lamina",152921136,153021135,"ENSG00000131018","SYNE1"
"1599","chr6","Lamina",154321136,154421135,"ENSG00000112038","OPRM1"
"1600","chr6","Near_Lm2",154421136,154490087,"ENSG00000112038","OPRM1"
"1601","chr6","Near_Lm2",154521135,154621134,"ENSG00000112038","OPRM1"
"1602","chr6","Near_Lm2",154421136,154490087,"ENSG00000074706","IPCEF1"
"1603","chr6","Near_Lm2",154521135,154621134,"ENSG00000074706","IPCEF1"
"1604","chr6","Near_Lm2",154621135,154721134,"ENSG00000074706","IPCEF1"
"1605","chr6","Interior_Repr1",169800096,169900095,"ENSG00000184465","WDR27"
"1606","chr6","Interior_Repr2",169927831,170000096,"ENSG00000184465","WDR27"
"1607","chr6","Interior_Repr2",170000097,170100096,"ENSG00000184465","WDR27"
"1608","chr6","Interior_Repr2",170100097,170200096,"ENSG00000184465","WDR27"
"1609","chr7","Interior_Repr1",3339633,3439632,"ENSG00000146555","SDK1"
"1610","chr7","Interior_Repr1",3439633,3539632,"ENSG00000146555","SDK1"
"1611","chr7","Interior_Repr1",3539633,3639632,"ENSG00000146555","SDK1"
"1612","chr7","Interior_Repr1",3639633,3739632,"ENSG00000146555","SDK1"
"1613","chr7","Interior_Repr1",3739633,3839632,"ENSG00000146555","SDK1"
"1614","chr7","Interior_Repr2",3839633,3939632,"ENSG00000146555","SDK1"
"1615","chr7","Interior_Repr2",3939633,4039632,"ENSG00000146555","SDK1"
"1616","chr7","Interior_Repr2",4039633,4139632,"ENSG00000146555","SDK1"
"1617","chr7","Interior_Repr2",4139633,4239632,"ENSG00000146555","SDK1"
"1618","chr7","Interior_Repr2",4239633,4338179,"ENSG00000146555","SDK1"
"1619","chr7","Interior_Act3",7639632,7739631,"ENSG00000219545","RPA3-AS1"
"1620","chr7","Interior_Act3",7739632,7839631,"ENSG00000219545","RPA3-AS1"
"1621","chr7","Interior_Act3",7839632,7939631,"ENSG00000219545","RPA3-AS1"
"1622","chr7","Interior_Act3",7939632,8039631,"ENSG00000219545","RPA3-AS1"
"1623","chr7","Interior_Act3",8042953,8139630,"ENSG00000219545","RPA3-AS1"
"1624","chr7","Interior_Act3",7939632,8039631,"ENSG00000106415","GLCCI1"
"1625","chr7","Interior_Act3",8042953,8139630,"ENSG00000106415","GLCCI1"
"1626","chr7","Near_Lm2",10939628,11039627,"ENSG00000106443","PHF14"
"1627","chr7","Near_Lm2",11039628,11139627,"ENSG00000106443","PHF14"
"1628","chr7","Near_Lm2",11139628,11239627,"ENSG00000106443","PHF14"
"1629","chr7","Near_Lm2",16039626,16139625,"ENSG00000214960","ISPD"
"1630","chr7","Near_Lm2",16139626,16239625,"ENSG00000214960","ISPD"
"1631","chr7","Near_Lm2",16239626,16339625,"ENSG00000214960","ISPD"
"1632","chr7","Interior_Act3",16339626,16439625,"ENSG00000214960","ISPD"
"1633","chr7","Interior_Act3",16439626,16539625,"ENSG00000214960","ISPD"
"1634","chr7","Near_Lm2",18039624,18139623,"ENSG00000048052","HDAC9"
"1635","chr7","Near_Lm2",18139624,18239623,"ENSG00000048052","HDAC9"
"1636","chr7","Near_Lm2",18239624,18339623,"ENSG00000048052","HDAC9"
"1637","chr7","Near_Lm2",18339624,18439623,"ENSG00000048052","HDAC9"
"1638","chr7","Lamina",18439624,18539623,"ENSG00000048052","HDAC9"
"1639","chr7","Lamina",18539624,18639623,"ENSG00000048052","HDAC9"
"1640","chr7","Lamina",18639624,18739623,"ENSG00000048052","HDAC9"
"1641","chr7","Lamina",18739624,18839623,"ENSG00000048052","HDAC9"
"1642","chr7","Lamina",18839624,18939623,"ENSG00000048052","HDAC9"
"1643","chr7","Lamina",18939624,19039623,"ENSG00000048052","HDAC9"
"1644","chr7","Lamina",19039624,19139623,"ENSG00000048052","HDAC9"
"1645","chr7","Near_Lm1",26639620,26739619,"ENSG00000005020","SKAP2"
"1646","chr7","Near_Lm1",26739620,26839619,"ENSG00000005020","SKAP2"
"1647","chr7","Near_Lm1",26839620,26939619,"ENSG00000005020","SKAP2"
"1648","chr7","Near_Lm1",26939620,27039619,"ENSG00000005020","SKAP2"
"1649","chr7","Near_Lm2",33139613,33239612,"ENSG00000122507","BBS9"
"1650","chr7","Near_Lm2",33239613,33339612,"ENSG00000122507","BBS9"
"1651","chr7","Lamina",33339613,33439612,"ENSG00000122507","BBS9"
"1652","chr7","Lamina",33439613,33539612,"ENSG00000122507","BBS9"
"1653","chr7","Lamina",33539613,33639612,"ENSG00000122507","BBS9"
"1654","chr7","Near_Lm2",33639613,33739612,"ENSG00000122507","BBS9"
"1655","chr7","Near_Lm2",34939613,35039612,"ENSG00000173852","DPY19L1"
"1656","chr7","Near_Lm2",35039613,35139612,"ENSG00000173852","DPY19L1"
"1657","chr7","Near_Lm2",37639604,37725423,"ENSG00000086289","EPDR1"
"1658","chr7","Near_Lm2",37739603,37839602,"ENSG00000086289","EPDR1"
"1659","chr7","Near_Lm2",37839603,37939602,"ENSG00000086289","EPDR1"
"1660","chr7","Near_Lm2",37939603,38039602,"ENSG00000086289","EPDR1"
"1661","chr7","Near_Lm2",37839603,37939602,"ENSG00000086288","NME8"
"1662","chr7","Near_Lm2",37939603,38039602,"ENSG00000086288","NME8"
"1663","chr7","Near_Lm2",40139600,40239599,"ENSG00000175600","SUGCT"
"1664","chr7","Near_Lm2",40239600,40339599,"ENSG00000175600","SUGCT"
"1665","chr7","Near_Lm2",40339600,40439599,"ENSG00000175600","SUGCT"
"1666","chr7","Lamina",40439600,40539599,"ENSG00000175600","SUGCT"
"1667","chr7","Lamina",40539600,40639599,"ENSG00000175600","SUGCT"
"1668","chr7","Lamina",40639600,40739599,"ENSG00000175600","SUGCT"
"1669","chr7","Lamina",40739600,40839599,"ENSG00000175600","SUGCT"
"1670","chr7","Lamina",40839600,40939599,"ENSG00000175600","SUGCT"
"1671","chr7","Near_Lm1",47639599,47739598,"ENSG00000136273","HUS1"
"1672","chr7","Near_Lm1",47739599,47839598,"ENSG00000136273","HUS1"
"1673","chr7","Near_Lm1",47839599,47931957,"ENSG00000136273","HUS1"
"1674","chr7","Near_Lm1",47939598,48039597,"ENSG00000136273","HUS1"
"1675","chr7","Near_Lm1",47739599,47839598,"ENSG00000158683","PKD1L1"
"1676","chr7","Near_Lm1",47839599,47931957,"ENSG00000158683","PKD1L1"
"1677","chr7","Near_Lm1",47939598,48039597,"ENSG00000158683","PKD1L1"
"1678","chr7","Near_Lm2",48139598,48239597,"ENSG00000179869","ABCA13"
"1679","chr7","Near_Lm2",48239598,48339597,"ENSG00000179869","ABCA13"
"1680","chr7","Near_Lm2",48339598,48439597,"ENSG00000179869","ABCA13"
"1681","chr7","Near_Lm2",48439598,48530999,"ENSG00000179869","ABCA13"
"1682","chr7","Lamina",48539597,48639596,"ENSG00000179869","ABCA13"
"1683","chr7","Lamina",48639597,48739596,"ENSG00000179869","ABCA13"
"1684","chr7","Lamina",49739597,49839596,"ENSG00000188730","VWC2"
"1685","chr7","Lamina",49839597,49939596,"ENSG00000188730","VWC2"
"1686","chr7","Lamina",49939597,50039596,"ENSG00000188730","VWC2"
"1687","chr7","Near_Lm1",55767694,55867693,"ENSG00000226278","PSPHP1"
"1688","chr7",NA,NA,NA,"ENSG00000232270","INTS4L2"
"1689","chr7","Near_Lm1",70564987,70664986,"ENSG00000185274","WBSCR17"
"1690","chr7","Near_Lm1",70664987,70764986,"ENSG00000185274","WBSCR17"
"1691","chr7","Near_Lm1",70764987,70864986,"ENSG00000185274","WBSCR17"
"1692","chr7","Near_Lm1",70886108,70964985,"ENSG00000185274","WBSCR17"
"1693","chr7","Interior_Repr2",70964986,71064985,"ENSG00000185274","WBSCR17"
"1694","chr7","Interior_Repr2",71064986,71164985,"ENSG00000185274","WBSCR17"
"1695","chr7","Interior_Repr2",71164986,71264985,"ENSG00000185274","WBSCR17"
"1696","chr7","Interior_Act3",76129318,76229317,"ENSG00000243566","UPK3B"
"1697","chr7","Near_Lm2",76229318,76329317,"ENSG00000243566","UPK3B"
"1698","chr7","Near_Lm2",76329318,76429317,"ENSG00000243566","UPK3B"
"1699","chr7","Near_Lm2",76429318,76529317,"ENSG00000243566","UPK3B"
"1700","chr7","Near_Lm2",76529318,76629317,"ENSG00000243566","UPK3B"
"1701","chr7","Near_Lm1",76629318,76729317,"ENSG00000243566","UPK3B"
"1702","chr7","Interior_Act3",77129318,77229317,"ENSG00000127947","PTPN12"
"1703","chr7","Interior_Act3",77229318,77329317,"ENSG00000127947","PTPN12"
"1704","chr7","Near_Lm2",77629318,77729317,"ENSG00000187391","MAGI2"
"1705","chr7","Near_Lm2",77729318,77829317,"ENSG00000187391","MAGI2"
"1706","chr7","Near_Lm2",77829318,77929317,"ENSG00000187391","MAGI2"
"1707","chr7","Lamina",77929318,78029317,"ENSG00000187391","MAGI2"
"1708","chr7","Lamina",78029318,78129317,"ENSG00000187391","MAGI2"
"1709","chr7","Lamina",78129318,78229317,"ENSG00000187391","MAGI2"
"1710","chr7","Lamina",78243471,78329316,"ENSG00000187391","MAGI2"
"1711","chr7","Lamina",78329317,78429316,"ENSG00000187391","MAGI2"
"1712","chr7","Lamina",78429317,78529316,"ENSG00000187391","MAGI2"
"1713","chr7","Lamina",78529317,78629316,"ENSG00000187391","MAGI2"
"1714","chr7","Lamina",78629317,78729316,"ENSG00000187391","MAGI2"
"1715","chr7","Lamina",78729317,78829316,"ENSG00000187391","MAGI2"
"1716","chr7","Lamina",78829317,78929316,"ENSG00000187391","MAGI2"
"1717","chr7","Lamina",78929317,79029316,"ENSG00000187391","MAGI2"
"1718","chr7","Lamina",79029317,79129316,"ENSG00000187391","MAGI2"
"1719","chr7","Lamina",81529317,81629316,"ENSG00000153956","CACNA2D1"
"1720","chr7","Lamina",81629317,81729316,"ENSG00000153956","CACNA2D1"
"1721","chr7","Lamina",81729317,81829316,"ENSG00000153956","CACNA2D1"
"1722","chr7","Lamina",81829317,81929316,"ENSG00000153956","CACNA2D1"
"1723","chr7","Lamina",81929317,82029316,"ENSG00000153956","CACNA2D1"
"1724","chr7","Lamina",82029317,82129316,"ENSG00000153956","CACNA2D1"
"1725","chr7","Near_Lm2",87529316,87629315,"ENSG00000008277","ADAM22"
"1726","chr7","Near_Lm2",87629316,87729315,"ENSG00000008277","ADAM22"
"1727","chr7","Lamina",87729316,87829315,"ENSG00000008277","ADAM22"
"1728","chr7","Lamina",87829316,87929315,"ENSG00000008277","ADAM22"
"1729","chr7","Lamina",89429315,89529314,"ENSG00000227646","STEAP2-AS1"
"1730","chr7","Lamina",89529315,89629314,"ENSG00000227646","STEAP2-AS1"
"1731","chr7","Lamina",89629315,89729314,"ENSG00000227646","STEAP2-AS1"
"1732","chr7","Lamina",89729315,89829314,"ENSG00000227646","STEAP2-AS1"
"1733","chr7","Near_Lm2",89829315,89929314,"ENSG00000227646","STEAP2-AS1"
"1734","chr7","Interior_Act2",102440448,102540447,"ENSG00000161040","FBXL13"
"1735","chr7","Interior_Act2",102540448,102640447,"ENSG00000161040","FBXL13"
"1736","chr7","Interior_Act2",102640448,102740447,"ENSG00000161040","FBXL13"
"1737","chr7","Near_Lm1",103940449,104040448,"ENSG00000187416","LHFPL3"
"1738","chr7","Near_Lm1",104040449,104140448,"ENSG00000187416","LHFPL3"
"1739","chr7","Near_Lm1",104156074,104240447,"ENSG00000187416","LHFPL3"
"1740","chr7","Near_Lm1",104240448,104340447,"ENSG00000187416","LHFPL3"
"1741","chr7","Near_Lm1",104340448,104440447,"ENSG00000187416","LHFPL3"
"1742","chr7","Near_Lm1",104440448,104540447,"ENSG00000187416","LHFPL3"
"1743","chr7","Interior_Repr2",104540448,104640447,"ENSG00000187416","LHFPL3"
"1744","chr7","Interior_Act3",107740446,107819672,"ENSG00000091129","NRCAM"
"1745","chr7","Interior_Act3",107840445,107940444,"ENSG00000091129","NRCAM"
"1746","chr7","Interior_Act3",107940445,108040444,"ENSG00000091129","NRCAM"
"1747","chr7","Interior_Act3",108040445,108140444,"ENSG00000091129","NRCAM"
"1748","chr7","Near_Lm2",111340057,111440056,"ENSG00000128512","DOCK4"
"1749","chr7","Near_Lm2",111440057,111540056,"ENSG00000128512","DOCK4"
"1750","chr7","Near_Lm2",111550457,111640055,"ENSG00000128512","DOCK4"
"1751","chr7","Near_Lm2",111640056,111740055,"ENSG00000128512","DOCK4"
"1752","chr7","Near_Lm2",111740056,111840055,"ENSG00000128512","DOCK4"
"1753","chr7","Near_Lm2",111840056,111940055,"ENSG00000128512","DOCK4"
"1754","chr7","Near_Lm2",112440056,112540055,"ENSG00000164603","C7orf60"
"1755","chr7","Near_Lm2",112540056,112640055,"ENSG00000164603","C7orf60"
"1756","chr7","Near_Lm2",124440055,124540054,"ENSG00000128513","POT1"
"1757","chr7","Near_Lm2",124540055,124640054,"ENSG00000128513","POT1"
"1758","chr7","Near_Lm1",133884753,133984752,"ENSG00000205060","SLC35B4"
"1759","chr7","Near_Lm1",133984753,134084752,"ENSG00000205060","SLC35B4"
"1760","chr7","Near_Lm2",134784753,134884752,"ENSG00000122783","C7orf49"
"1761","chr7","Near_Lm2",134784753,134884752,"ENSG00000146859","TMEM140"
"1762","chr7","Lamina",137015821,137084746,"ENSG00000157680","DGKI"
"1763","chr7","Lamina",137084747,137184746,"ENSG00000157680","DGKI"
"1764","chr7","Near_Lm2",137184747,137284746,"ENSG00000157680","DGKI"
"1765","chr7","Near_Lm2",137284747,137384746,"ENSG00000157680","DGKI"
"1766","chr7","Near_Lm2",137384747,137484746,"ENSG00000157680","DGKI"
"1767","chr7","Near_Lm2",137484747,137584746,"ENSG00000157680","DGKI"
"1768","chr7","Near_Lm2",137484747,137584746,"ENSG00000182158","CREB3L2"
"1769","chr7","Near_Lm2",137584747,137684746,"ENSG00000182158","CREB3L2"
"1770","chr7","Near_Lm1",137684747,137784746,"ENSG00000182158","CREB3L2"
"1771","chr7","Near_Lm1",137684747,137784746,"ENSG00000122787","AKR1D1"
"1772","chr7","Near_Lm1",137784747,137884746,"ENSG00000122787","AKR1D1"
"1773","chr7","Near_Lm2",142897094,142997093,"ENSG00000197448","GSTK1"
"1774","chr7","Near_Lm2",145797093,145897092,"ENSG00000174469","CNTNAP2"
"1775","chr7","Lamina",145897093,145997092,"ENSG00000174469","CNTNAP2"
"1776","chr7","Lamina",145997093,146097092,"ENSG00000174469","CNTNAP2"
"1777","chr7","Lamina",146097093,146197092,"ENSG00000174469","CNTNAP2"
"1778","chr7","Lamina",146197093,146297092,"ENSG00000174469","CNTNAP2"
"1779","chr7","Lamina",146297093,146397092,"ENSG00000174469","CNTNAP2"
"1780","chr7","Lamina",146397093,146497092,"ENSG00000174469","CNTNAP2"
"1781","chr7","Lamina",146497093,146597092,"ENSG00000174469","CNTNAP2"
"1782","chr7","Lamina",146597093,146697092,"ENSG00000174469","CNTNAP2"
"1783","chr7","Lamina",146697093,146797092,"ENSG00000174469","CNTNAP2"
"1784","chr7","Lamina",146797093,146897092,"ENSG00000174469","CNTNAP2"
"1785","chr7","Lamina",146897093,146997092,"ENSG00000174469","CNTNAP2"
"1786","chr7","Lamina",146997093,147097092,"ENSG00000174469","CNTNAP2"
"1787","chr7","Lamina",147097093,147197092,"ENSG00000174469","CNTNAP2"
"1788","chr7","Lamina",147197093,147297092,"ENSG00000174469","CNTNAP2"
"1789","chr7","Lamina",147297093,147397092,"ENSG00000174469","CNTNAP2"
"1790","chr7","Lamina",147397093,147497092,"ENSG00000174469","CNTNAP2"
"1791","chr7","Lamina",147497093,147597092,"ENSG00000174469","CNTNAP2"
"1792","chr7","Lamina",147597093,147697092,"ENSG00000174469","CNTNAP2"
"1793","chr7","Near_Lm2",147697093,147797092,"ENSG00000174469","CNTNAP2"
"1794","chr7","Near_Lm2",147797093,147897092,"ENSG00000174469","CNTNAP2"
"1795","chr7","Near_Lm2",147897093,147997092,"ENSG00000174469","CNTNAP2"
"1796","chr7","Near_Lm2",147997093,148097092,"ENSG00000174469","CNTNAP2"
"1797","chr7","Interior_Act3",148097093,148197092,"ENSG00000174469","CNTNAP2"
"1798","chr8","Near_Lm2",2757523,2857522,"ENSG00000183117","CSMD1"
"1799","chr8","Near_Lm2",2857523,2957522,"ENSG00000183117","CSMD1"
"1800","chr8","Near_Lm2",2957523,3057522,"ENSG00000183117","CSMD1"
"1801","chr8","Near_Lm2",3057523,3157522,"ENSG00000183117","CSMD1"
"1802","chr8","Near_Lm2",3157523,3257522,"ENSG00000183117","CSMD1"
"1803","chr8","Near_Lm2",3257523,3357522,"ENSG00000183117","CSMD1"
"1804","chr8","Lamina",3357523,3457522,"ENSG00000183117","CSMD1"
"1805","chr8","Lamina",3457523,3557522,"ENSG00000183117","CSMD1"
"1806","chr8","Lamina",3557523,3657522,"ENSG00000183117","CSMD1"
"1807","chr8","Lamina",3657523,3757522,"ENSG00000183117","CSMD1"
"1808","chr8","Lamina",3757523,3857522,"ENSG00000183117","CSMD1"
"1809","chr8","Lamina",3857523,3957522,"ENSG00000183117","CSMD1"
"1810","chr8","Lamina",3957523,4057522,"ENSG00000183117","CSMD1"
"1811","chr8","Lamina",4057523,4157522,"ENSG00000183117","CSMD1"
"1812","chr8","Lamina",4157523,4257522,"ENSG00000183117","CSMD1"
"1813","chr8","Lamina",4257523,4357522,"ENSG00000183117","CSMD1"
"1814","chr8","Lamina",4357523,4457522,"ENSG00000183117","CSMD1"
"1815","chr8","Lamina",4457523,4557522,"ENSG00000183117","CSMD1"
"1816","chr8","Lamina",4557523,4657522,"ENSG00000183117","CSMD1"
"1817","chr8","Lamina",4657523,4757522,"ENSG00000183117","CSMD1"
"1818","chr8","Lamina",4757523,4857522,"ENSG00000183117","CSMD1"
"1819","chr8","Near_Lm2",12857510,12957509,"ENSG00000164741","DLC1"
"1820","chr8","Near_Lm2",12957510,13057509,"ENSG00000164741","DLC1"
"1821","chr8","Near_Lm2",13057510,13157509,"ENSG00000164741","DLC1"
"1822","chr8","Near_Lm2",13157510,13257509,"ENSG00000164741","DLC1"
"1823","chr8","Lamina",13257510,13357509,"ENSG00000164741","DLC1"
"1824","chr8","Lamina",13357510,13457509,"ENSG00000164741","DLC1"
"1825","chr8","Near_Lm2",16857510,16957509,"ENSG00000155970","MICU3"
"1826","chr8","Near_Lm2",16957510,17057509,"ENSG00000155970","MICU3"
"1827","chr8","Near_Lm2",16957510,17057509,"ENSG00000104219","ZDHHC2"
"1828","chr8","Near_Lm2",17057510,17157509,"ENSG00000104219","ZDHHC2"
"1829","chr8","Near_Lm2",18357511,18457510,"ENSG00000156011","PSD3"
"1830","chr8","Near_Lm2",18457511,18557510,"ENSG00000156011","PSD3"
"1831","chr8","Near_Lm2",18557511,18657510,"ENSG00000156011","PSD3"
"1832","chr8","Near_Lm1",18657511,18757510,"ENSG00000156011","PSD3"
"1833","chr8","Near_Lm1",18757511,18857510,"ENSG00000156011","PSD3"
"1834","chr8","Near_Lm1",18857511,18957510,"ENSG00000156011","PSD3"
"1835","chr8","Interior_Act3",30557518,30620840,"ENSG00000104691","UBXN8"
"1836","chr8","Lamina",35057519,35157518,"ENSG00000156687","UNC5D"
"1837","chr8","Lamina",35157519,35257518,"ENSG00000156687","UNC5D"
"1838","chr8","Lamina",35257519,35357518,"ENSG00000156687","UNC5D"
"1839","chr8","Lamina",35357519,35457518,"ENSG00000156687","UNC5D"
"1840","chr8","Lamina",35457519,35557518,"ENSG00000156687","UNC5D"
"1841","chr8","Lamina",35557519,35657518,"ENSG00000156687","UNC5D"
"1842","chr8","Lamina",36557519,36657518,"ENSG00000215262","KCNU1"
"1843","chr8","Lamina",36657519,36757518,"ENSG00000215262","KCNU1"
"1844","chr8","Near_Lm2",36757519,36857518,"ENSG00000215262","KCNU1"
"1845","chr8","Near_Lm1",38857520,38957519,"ENSG00000168615","ADAM9"
"1846","chr8","Near_Lm2",38957520,39057519,"ENSG00000168615","ADAM9"
"1847","chr8","Near_Lm2",38957520,39057519,"ENSG00000197140","ADAM32"
"1848","chr8","Near_Lm2",39057520,39157519,"ENSG00000197140","ADAM32"
"1849","chr8","Near_Lm1",40357520,40457519,"ENSG00000165061","ZMAT4"
"1850","chr8","Near_Lm1",40457520,40557519,"ENSG00000165061","ZMAT4"
"1851","chr8","Near_Lm1",40557520,40657519,"ENSG00000165061","ZMAT4"
"1852","chr8","Near_Lm1",40657520,40757519,"ENSG00000165061","ZMAT4"
"1853","chr8","Near_Lm2",56012561,56112560,"ENSG00000206579","XKR4"
"1854","chr8","Near_Lm2",56112561,56212560,"ENSG00000206579","XKR4"
"1855","chr8","Near_Lm2",56212561,56312560,"ENSG00000206579","XKR4"
"1856","chr8","Near_Lm2",56312561,56405914,"ENSG00000206579","XKR4"
"1857","chr8","Near_Lm1",56412560,56512559,"ENSG00000206579","XKR4"
"1858","chr8","Near_Lm2",61012560,61112559,"ENSG00000178538","CA8"
"1859","chr8","Near_Lm2",61112560,61212559,"ENSG00000178538","CA8"
"1860","chr8","Lamina",63112560,63212559,"ENSG00000185942","NKAIN3"
"1861","chr8","Lamina",63212560,63312559,"ENSG00000185942","NKAIN3"
"1862","chr8","Lamina",63312560,63412559,"ENSG00000185942","NKAIN3"
"1863","chr8","Lamina",63412560,63512559,"ENSG00000185942","NKAIN3"
"1864","chr8","Lamina",63512560,63612559,"ENSG00000185942","NKAIN3"
"1865","chr8","Lamina",63612560,63712559,"ENSG00000185942","NKAIN3"
"1866","chr8","Lamina",63712560,63812559,"ENSG00000185942","NKAIN3"
"1867","chr8","Near_Lm2",63812560,63912559,"ENSG00000185942","NKAIN3"
"1868","chr8","Near_Lm2",81812236,81912235,"ENSG00000076641","PAG1"
"1869","chr8","Near_Lm2",81912236,82012235,"ENSG00000076641","PAG1"
"1870","chr8","Near_Lm2",82012236,82112235,"ENSG00000076641","PAG1"
"1871","chr8","Interior_Act3",86912230,87012229,"ENSG00000147614","ATP6V0D2"
"1872","chr8","Near_Lm2",87012230,87112229,"ENSG00000147614","ATP6V0D2"
"1873","chr8","Near_Lm2",87112230,87212229,"ENSG00000147614","ATP6V0D2"
"1874","chr8","Interior_Repr2",100012229,100112228,"ENSG00000132549","VPS13B"
"1875","chr8","Interior_Repr2",100112229,100212228,"ENSG00000132549","VPS13B"
"1876","chr8","Near_Lm1",100212229,100312228,"ENSG00000132549","VPS13B"
"1877","chr8","Near_Lm1",100312229,100412228,"ENSG00000132549","VPS13B"
"1878","chr8","Near_Lm1",100412229,100512228,"ENSG00000132549","VPS13B"
"1879","chr8","Near_Lm1",100512229,100612228,"ENSG00000132549","VPS13B"
"1880","chr8","Near_Lm1",100612229,100712228,"ENSG00000132549","VPS13B"
"1881","chr8","Interior_Repr2",100712229,100812228,"ENSG00000132549","VPS13B"
"1882","chr8","Near_Lm1",100812229,100912228,"ENSG00000132549","VPS13B"
"1883","chr8","Near_Lm1",100812229,100912228,"ENSG00000164919","COX6C"
"1884","chr8","Interior_Act3",106312229,106412228,"ENSG00000169946","ZFPM2"
"1885","chr8","Interior_Act3",106412229,106512228,"ENSG00000169946","ZFPM2"
"1886","chr8","Interior_Act3",106512229,106612228,"ENSG00000169946","ZFPM2"
"1887","chr8","Interior_Act3",106612229,106712228,"ENSG00000169946","ZFPM2"
"1888","chr8","Near_Lm2",106712229,106812228,"ENSG00000169946","ZFPM2"
"1889","chr8","Near_Lm2",106812229,106912228,"ENSG00000169946","ZFPM2"
"1890","chr8","Lamina",107212229,107312228,"ENSG00000164830","OXR1"
"1891","chr8","Lamina",107312229,107412228,"ENSG00000164830","OXR1"
"1892","chr8","Near_Lm2",107412229,107512228,"ENSG00000164830","OXR1"
"1893","chr8","Near_Lm2",107512229,107612228,"ENSG00000164830","OXR1"
"1894","chr8","Near_Lm2",107612229,107712228,"ENSG00000164830","OXR1"
"1895","chr8","Near_Lm2",107712229,107812228,"ENSG00000164830","OXR1"
"1896","chr8","Lamina",108812229,108912228,"ENSG00000147655","RSPO2"
"1897","chr8","Lamina",108912229,109012228,"ENSG00000147655","RSPO2"
"1898","chr8","Lamina",109012229,109112228,"ENSG00000147655","RSPO2"
"1899","chr8","Lamina",113212230,113312229,"ENSG00000164796","CSMD3"
"1900","chr8","Lamina",113312230,113412229,"ENSG00000164796","CSMD3"
"1901","chr8","Lamina",113412230,113512229,"ENSG00000164796","CSMD3"
"1902","chr8","Lamina",113512230,113612229,"ENSG00000164796","CSMD3"
"1903","chr8","Lamina",113612230,113712229,"ENSG00000164796","CSMD3"
"1904","chr8","Lamina",113712230,113812229,"ENSG00000164796","CSMD3"
"1905","chr8","Lamina",113812230,113912229,"ENSG00000164796","CSMD3"
"1906","chr8","Lamina",113912230,114012229,"ENSG00000164796","CSMD3"
"1907","chr8","Lamina",114012230,114112229,"ENSG00000164796","CSMD3"
"1908","chr8","Lamina",114112230,114212229,"ENSG00000164796","CSMD3"
"1909","chr8","Lamina",114212230,114312229,"ENSG00000164796","CSMD3"
"1910","chr8","Lamina",114312230,114412229,"ENSG00000164796","CSMD3"
"1911","chr8","Lamina",114412230,114512229,"ENSG00000164796","CSMD3"
"1912","chr8","Interior_Act3",130712247,130812246,"ENSG00000147697","GSDMC"
"1913","chr9","Near_Lm2",3800001,3900000,"ENSG00000107249","GLIS3"
"1914","chr9","Near_Lm2",3900001,4000000,"ENSG00000107249","GLIS3"
"1915","chr9","Near_Lm2",4000001,4100000,"ENSG00000107249","GLIS3"
"1916","chr9","Near_Lm1",4100001,4200000,"ENSG00000107249","GLIS3"
"1917","chr9","Near_Lm1",4200001,4300000,"ENSG00000107249","GLIS3"
"1918","chr9","Near_Lm1",4300001,4400000,"ENSG00000107249","GLIS3"
"1919","chr9","Near_Lm1",4400001,4500000,"ENSG00000106688","SLC1A1"
"1920","chr9","Near_Lm1",4500001,4600000,"ENSG00000106688","SLC1A1"
"1921","chr9","Lamina",7700001,7800000,"ENSG00000137038","TMEM261"
"1922","chr9","Lamina",7800001,7900000,"ENSG00000137038","TMEM261"
"1923","chr9","Lamina",8300001,8400000,"ENSG00000153707","PTPRD"
"1924","chr9","Lamina",8400001,8500000,"ENSG00000153707","PTPRD"
"1925","chr9","Lamina",8500001,8600000,"ENSG00000153707","PTPRD"
"1926","chr9","Lamina",8600001,8700000,"ENSG00000153707","PTPRD"
"1927","chr9","Lamina",8700001,8800000,"ENSG00000153707","PTPRD"
"1928","chr9","Lamina",8800001,8900000,"ENSG00000153707","PTPRD"
"1929","chr9","Lamina",8900001,9000000,"ENSG00000153707","PTPRD"
"1930","chr9","Lamina",9000001,9100000,"ENSG00000153707","PTPRD"
"1931","chr9","Lamina",9100001,9200000,"ENSG00000153707","PTPRD"
"1932","chr9","Lamina",9200001,9300000,"ENSG00000153707","PTPRD"
"1933","chr9","Lamina",9300001,9400000,"ENSG00000153707","PTPRD"
"1934","chr9","Lamina",9400001,9500000,"ENSG00000153707","PTPRD"
"1935","chr9","Lamina",9500001,9600000,"ENSG00000153707","PTPRD"
"1936","chr9","Lamina",9600001,9700000,"ENSG00000153707","PTPRD"
"1937","chr9","Lamina",9700001,9800000,"ENSG00000153707","PTPRD"
"1938","chr9","Lamina",9800001,9900000,"ENSG00000153707","PTPRD"
"1939","chr9","Lamina",9900001,10000000,"ENSG00000153707","PTPRD"
"1940","chr9","Lamina",10000001,10100000,"ENSG00000153707","PTPRD"
"1941","chr9","Lamina",10100001,10200000,"ENSG00000153707","PTPRD"
"1942","chr9","Lamina",10200001,10300000,"ENSG00000153707","PTPRD"
"1943","chr9","Lamina",10300001,10400000,"ENSG00000153707","PTPRD"
"1944","chr9","Lamina",10400001,10500000,"ENSG00000153707","PTPRD"
"1945","chr9","Lamina",10500001,10600000,"ENSG00000153707","PTPRD"
"1946","chr9","Lamina",10600001,10700000,"ENSG00000153707","PTPRD"
"1947","chr9","Near_Lm2",17099999,17199998,"ENSG00000044459","CNTLN"
"1948","chr9","Lamina",17199999,17299998,"ENSG00000044459","CNTLN"
"1949","chr9","Lamina",17299999,17399998,"ENSG00000044459","CNTLN"
"1950","chr9","Lamina",17399999,17499998,"ENSG00000044459","CNTLN"
"1951","chr9","Lamina",17499999,17599998,"ENSG00000044459","CNTLN"
"1952","chr9","Lamina",17499999,17599998,"ENSG00000107295","SH3GL2"
"1953","chr9","Lamina",17599999,17699998,"ENSG00000107295","SH3GL2"
"1954","chr9","Lamina",17699999,17799998,"ENSG00000107295","SH3GL2"
"1955","chr9","Near_Lm2",19499999,19599998,"ENSG00000155886","SLC24A2"
"1956","chr9","Near_Lm2",19599999,19699998,"ENSG00000155886","SLC24A2"
"1957","chr9","Near_Lm2",19699999,19799998,"ENSG00000155886","SLC24A2"
"1958","chr9","Interior_Repr2",26799999,26899998,"ENSG00000120159","CAAP1"
"1959","chr9","Near_Lm1",27299999,27399998,"ENSG00000120162","MOB3B"
"1960","chr9","Interior_Act3",27399999,27499998,"ENSG00000120162","MOB3B"
"1961","chr9","Near_Lm1",27499999,27599998,"ENSG00000120162","MOB3B"
"1962","chr9","Near_Lm1",32299999,32399998,"ENSG00000122729","ACO1"
"1963","chr9","Near_Lm1",32399999,32499998,"ENSG00000122729","ACO1"
"1964","chr9",NA,NA,NA,"ENSG00000231757","FAM74A2"
"1965","chr9","Near_Lm1",72414917,72514916,"ENSG00000204711","C9orf135"
"1966","chr9","Near_Lm1",72514917,72614916,"ENSG00000204711","C9orf135"
"1967","chr9","Near_Lm1",72814917,72914916,"ENSG00000198887","SMC5"
"1968","chr9","Near_Lm1",72914917,73014916,"ENSG00000198887","SMC5"
"1969","chr9","Near_Lm1",75114917,75214916,"ENSG00000165091","TMC1"
"1970","chr9","Near_Lm1",75214917,75314916,"ENSG00000165091","TMC1"
"1971","chr9","Near_Lm1",75314917,75414916,"ENSG00000165091","TMC1"
"1972","chr9","Near_Lm1",75414917,75514916,"ENSG00000165091","TMC1"
"1973","chr9","Near_Lm2",77314917,77414916,"ENSG00000119121","TRPM6"
"1974","chr9","Near_Lm2",77414917,77514916,"ENSG00000119121","TRPM6"
"1975","chr9","Near_Lm2",78414917,78514916,"ENSG00000099139","PCSK5"
"1976","chr9","Near_Lm2",78514917,78614916,"ENSG00000099139","PCSK5"
"1977","chr9","Near_Lm2",78614917,78714916,"ENSG00000099139","PCSK5"
"1978","chr9","Near_Lm2",78714917,78814916,"ENSG00000099139","PCSK5"
"1979","chr9","Near_Lm2",78814917,78914916,"ENSG00000099139","PCSK5"
"1980","chr9","Near_Lm2",78914917,79014916,"ENSG00000099139","PCSK5"
"1981","chr9","Near_Lm1",79214917,79314916,"ENSG00000106772","PRUNE2"
"1982","chr9","Near_Lm1",79314917,79414916,"ENSG00000106772","PRUNE2"
"1983","chr9","Near_Lm1",79414917,79514916,"ENSG00000106772","PRUNE2"
"1984","chr9","Near_Lm1",79514917,79614916,"ENSG00000106772","PRUNE2"
"1985","chr9","Near_Lm1",79314917,79414916,"ENSG00000225937","PCA3"
"1986","chr9","Near_Lm2",85814916,85914915,"ENSG00000172159","FRMD3"
"1987","chr9","Near_Lm2",85914916,86014915,"ENSG00000172159","FRMD3"
"1988","chr9","Near_Lm2",86014916,86114915,"ENSG00000172159","FRMD3"
"1989","chr9","Near_Lm2",86114916,86214915,"ENSG00000172159","FRMD3"
"1990","chr9","Near_Lm2",104262283,104362282,"ENSG00000198785","GRIN3A"
"1991","chr9","Near_Lm2",104362283,104462282,"ENSG00000198785","GRIN3A"
"1992","chr9","Near_Lm2",104462283,104562282,"ENSG00000198785","GRIN3A"
"1993","chr9","Lamina",118562280,118662279,"ENSG00000204148","LINC00474"
"1994","chr9","Lamina",118662280,118762279,"ENSG00000204148","LINC00474"
"1995","chr9","Near_Lm2",118862280,118962279,"ENSG00000182752","PAPPA"
"1996","chr9","Near_Lm2",118962280,119062279,"ENSG00000182752","PAPPA"
"1997","chr9","Near_Lm2",119062280,119162279,"ENSG00000182752","PAPPA"
"1998","chr9","Near_Lm2",119162280,119262279,"ENSG00000182752","PAPPA"
"1999","chrX","Lamina",5718042,5818041,"ENSG00000146938","NLGN4X"
"2000","chrX","Lamina",5818042,5918041,"ENSG00000146938","NLGN4X"
"2001","chrX","Lamina",5918042,6018041,"ENSG00000146938","NLGN4X"
"2002","chrX","Lamina",6018042,6118041,"ENSG00000146938","NLGN4X"
"2003","chrX","Lamina",6118042,6218041,"ENSG00000146938","NLGN4X"
"2004","chrX","Near_Lm2",12718120,12818119,"ENSG00000101911","PRPS2"
"2005","chrX","Interior_Act3",12818120,12918119,"ENSG00000101911","PRPS2"
"2006","chrX","Interior_Act3",13718120,13818119,"ENSG00000046653","GPM6B"
"2007","chrX","Interior_Act3",13818120,13918119,"ENSG00000046653","GPM6B"
"2008","chrX","Near_Lm2",13918120,14018119,"ENSG00000046653","GPM6B"
"2009","chrX","Near_Lm1",19318119,19418118,"ENSG00000180815","MAP3K15"
"2010","chrX","Near_Lm1",19418119,19518118,"ENSG00000180815","MAP3K15"
"2011","chrX","Near_Lm1",19518119,19618118,"ENSG00000180815","MAP3K15"
"2012","chrX","Near_Lm2",67219843,67319842,"ENSG00000079482","OPHN1"
"2013","chrX","Near_Lm2",67319843,67419842,"ENSG00000079482","OPHN1"
"2014","chrX","Near_Lm2",67419843,67519842,"ENSG00000079482","OPHN1"
"2015","chrX","Interior_Act3",67519843,67619842,"ENSG00000079482","OPHN1"
"2016","chrX","Interior_Act1",67619843,67719842,"ENSG00000079482","OPHN1"
"2017","chrX","Lamina",78555498,78655497,"ENSG00000225025","KIF4CP"
"2018","chrX","Interior_Act3",107243231,107343230,"ENSG00000101844","ATG4A"
"2019","chrX","Near_Lm2",107343231,107443230,"ENSG00000101844","ATG4A"
"2020","chrX","Near_Lm1",132434029,132534028,"ENSG00000076716","GPC4"
"2021","chrX","Near_Lm1",132534029,132634028,"ENSG00000076716","GPC4"
"2022","chrX","Near_Lm1",132634029,132734028,"ENSG00000147257","GPC3"
"2023","chrX","Near_Lm1",132734029,132834028,"ENSG00000147257","GPC3"
"2024","chrX","Near_Lm1",132877297,132934027,"ENSG00000147257","GPC3"
"2025","chrX","Near_Lm1",132934028,133034027,"ENSG00000147257","GPC3"
"2026","chrX","Near_Lm1",133034028,133134027,"ENSG00000147257","GPC3"
